2024-12-29 15:41:02,503 django.utils.autoreload INFO     Watching for file changes with StatReloader
2025-01-03 12:19:39,460 django.utils.autoreload INFO     Watching for file changes with StatReloader
2025-01-03 12:19:42,726 django.request WARNING  Not Found: /favicon.ico
2025-01-03 12:19:43,718 django.request WARNING  Not Found: /favicon.ico
2025-01-05 15:57:34,503 django.request WARNING  Not Found: /favicon.ico
2025-01-09 11:11:18,638 django.request ERROR    Internal Server Error: /rnd/contracts/zelandiya_rnd/comparison_stock_ka/load_file
Traceback (most recent call last):
  File "C:\Users\rhashhanok\PycharmProjects\SLEX_02\.venv\Lib\site-packages\django\utils\datastructures.py", line 84, in __getitem__
    list_ = super().__getitem__(key)
            ^^^^^^^^^^^^^^^^^^^^^^^^
KeyError: 'file'

During handling of the above exception, another exception occurred:

Traceback (most recent call last):
  File "C:\Users\rhashhanok\PycharmProjects\SLEX_02\.venv\Lib\site-packages\django\core\handlers\exception.py", line 55, in inner
    response = get_response(request)
               ^^^^^^^^^^^^^^^^^^^^^
  File "C:\Users\rhashhanok\PycharmProjects\SLEX_02\.venv\Lib\site-packages\django\core\handlers\base.py", line 197, in _get_response
    response = wrapped_callback(request, *callback_args, **callback_kwargs)
               ^^^^^^^^^^^^^^^^^^^^^^^^^^^^^^^^^^^^^^^^^^^^^^^^^^^^^^^^^^^^
  File "C:\Users\rhashhanok\PycharmProjects\SLEX_02\base_app\views.py", line 100, in event_load_file
    _file = request.FILES['file']
            ~~~~~~~~~~~~~^^^^^^^^
  File "C:\Users\rhashhanok\PycharmProjects\SLEX_02\.venv\Lib\site-packages\django\utils\datastructures.py", line 86, in __getitem__
    raise MultiValueDictKeyError(key)
django.utils.datastructures.MultiValueDictKeyError: 'file'
2025-01-09 11:11:29,059 urllib3.connectionpool DEBUG    Starting new HTTP connection (1): 172.172.185.67:80
2025-01-09 11:11:29,539 urllib3.connectionpool DEBUG    http://172.172.185.67:80 "GET /itc_wms/odata/standard.odata//AccumulationRegister_%D0%9E%D1%81%D1%82%D0%B0%D1%82%D0%BA%D0%B8%D0%92%D0%9F%D0%BE%D0%BB%D0%BB%D0%B5%D1%82%D0%B0%D1%85/Balance?$format=json&$expand=%D0%9D%D0%BE%D0%BC%D0%B5%D0%BD%D0%BA%D0%BB%D0%B0%D1%82%D1%83%D1%80%D0%B0/Parent,%20%D0%AF%D1%87%D0%B5%D0%B9%D0%BA%D0%B0%D0%A5%D1%80%D0%B0%D0%BD%D0%B5%D0%BD%D0%B8%D1%8F/%D0%A1%D0%BA%D0%BB%D0%B0%D0%B4,%20%D0%A1%D0%B5%D1%80%D0%B8%D1%8F%D0%9D%D0%BE%D0%BC%D0%B5%D0%BD%D0%BA%D0%BB%D0%B0%D1%82%D1%83%D1%80%D1%8B&$select=%D0%9D%D0%BE%D0%BC%D0%B5%D0%BD%D0%BA%D0%BB%D0%B0%D1%82%D1%83%D1%80%D0%B0/Code,%D0%9D%D0%BE%D0%BC%D0%B5%D0%BD%D0%BA%D0%BB%D0%B0%D1%82%D1%83%D1%80%D0%B0/Description,%D0%9D%D0%BE%D0%BC%D0%B5%D0%BD%D0%BA%D0%BB%D0%B0%D1%82%D1%83%D1%80%D0%B0/%D0%90%D1%80%D1%82%D0%B8%D0%BA%D1%83%D0%BB,%D0%9D%D0%BE%D0%BC%D0%B5%D0%BD%D0%BA%D0%BB%D0%B0%D1%82%D1%83%D1%80%D0%B0/Parent/Description,%D0%9A%D0%BE%D0%BB%D0%B8%D1%87%D0%B5%D1%81%D1%82%D0%B2%D0%BEBalance,%D0%A1%D0%B5%D1%80%D0%B8%D1%8F%D0%9D%D0%BE%D0%BC%D0%B5%D0%BD%D0%BA%D0%BB%D0%B0%D1%82%D1%83%D1%80%D1%8B/%D0%94%D0%B0%D1%82%D0%B0%D0%9F%D1%80%D0%BE%D0%B8%D0%B7%D0%B2%D0%BE%D0%B4%D1%81%D1%82%D0%B2%D0%B0,%D0%A1%D0%B5%D1%80%D0%B8%D1%8F%D0%9D%D0%BE%D0%BC%D0%B5%D0%BD%D0%BA%D0%BB%D0%B0%D1%82%D1%83%D1%80%D1%8B/%D0%93%D0%BE%D0%B4%D0%B5%D0%BD%D0%94%D0%BE,%D0%AF%D1%87%D0%B5%D0%B9%D0%BA%D0%B0%D0%A5%D1%80%D0%B0%D0%BD%D0%B5%D0%BD%D0%B8%D1%8F/%D0%A1%D0%BA%D0%BB%D0%B0%D0%B4/Description&$orderby=%D0%9D%D0%BE%D0%BC%D0%B5%D0%BD%D0%BA%D0%BB%D0%B0%D1%82%D1%83%D1%80%D0%B0/%D0%90%D1%80%D1%82%D0%B8%D0%BA%D1%83%D0%BB&$filter=%D0%9D%D0%BE%D0%BC%D0%B5%D0%BD%D0%BA%D0%BB%D0%B0%D1%82%D1%83%D1%80%D0%B0/Parent/Code%20eq%20'304903' HTTP/1.1" 200 102805
2025-01-09 11:17:48,134 django.request WARNING  Not Found: /favicon.ico
2025-01-09 15:00:02,357 django.request WARNING  Not Found: /favicon.ico
2025-01-09 16:19:38,821 django.request ERROR    Internal Server Error: /krd/contracts/tander/process_applications/load_file
Traceback (most recent call last):
  File "C:\Users\rhashhanok\PycharmProjects\SLEX_02\.venv\Lib\site-packages\django\core\handlers\exception.py", line 55, in inner
    response = get_response(request)
               ^^^^^^^^^^^^^^^^^^^^^
  File "C:\Users\rhashhanok\PycharmProjects\SLEX_02\.venv\Lib\site-packages\django\core\handlers\base.py", line 197, in _get_response
    response = wrapped_callback(request, *callback_args, **callback_kwargs)
               ^^^^^^^^^^^^^^^^^^^^^^^^^^^^^^^^^^^^^^^^^^^^^^^^^^^^^^^^^^^^
  File "C:\Users\rhashhanok\PycharmProjects\SLEX_02\base_app\views.py", line 147, in event_load_file
    res, error_valid = dict_module[context['contract'].slug].start(file, context['contract'])
                                   ~~~~~~~^^^^^^^^^^^^
KeyError: 'contract'
2025-01-09 16:39:16,034 django.request WARNING  Not Found: /favicon.ico
2025-01-09 16:50:52,139 django.request WARNING  Not Found: /favicon.ico
2025-01-09 16:51:04,536 urllib3.connectionpool DEBUG    Starting new HTTP connection (1): 172.172.185.67:80
2025-01-09 16:51:09,868 urllib3.connectionpool DEBUG    http://172.172.185.67:80 "POST /krd_itc_wms/ru_RU/hs/PutData HTTP/1.1" 200 316
2025-01-09 17:27:03,066 urllib3.connectionpool DEBUG    Starting new HTTP connection (1): 172.172.185.67:80
2025-01-09 17:27:03,872 urllib3.connectionpool DEBUG    http://172.172.185.67:80 "GET /krd_itc_wms/odata/standard.odata//AccumulationRegister_%D0%9E%D1%81%D1%82%D0%B0%D1%82%D0%BA%D0%B8%D0%92%D0%9F%D0%BE%D0%BB%D0%BB%D0%B5%D1%82%D0%B0%D1%85/Balance?$format=json&$expand=%D0%9D%D0%BE%D0%BC%D0%B5%D0%BD%D0%BA%D0%BB%D0%B0%D1%82%D1%83%D1%80%D0%B0/Parent,%20%D0%AF%D1%87%D0%B5%D0%B9%D0%BA%D0%B0%D0%A5%D1%80%D0%B0%D0%BD%D0%B5%D0%BD%D0%B8%D1%8F/%D0%A1%D0%BA%D0%BB%D0%B0%D0%B4,%20%D0%A1%D0%B5%D1%80%D0%B8%D1%8F%D0%9D%D0%BE%D0%BC%D0%B5%D0%BD%D0%BA%D0%BB%D0%B0%D1%82%D1%83%D1%80%D1%8B&$select=%D0%9D%D0%BE%D0%BC%D0%B5%D0%BD%D0%BA%D0%BB%D0%B0%D1%82%D1%83%D1%80%D0%B0/Code,%D0%9D%D0%BE%D0%BC%D0%B5%D0%BD%D0%BA%D0%BB%D0%B0%D1%82%D1%83%D1%80%D0%B0/Description,%D0%9D%D0%BE%D0%BC%D0%B5%D0%BD%D0%BA%D0%BB%D0%B0%D1%82%D1%83%D1%80%D0%B0/%D0%90%D1%80%D1%82%D0%B8%D0%BA%D1%83%D0%BB,%D0%9D%D0%BE%D0%BC%D0%B5%D0%BD%D0%BA%D0%BB%D0%B0%D1%82%D1%83%D1%80%D0%B0/Parent/Description,%D0%9A%D0%BE%D0%BB%D0%B8%D1%87%D0%B5%D1%81%D1%82%D0%B2%D0%BEBalance,%D0%A1%D0%B5%D1%80%D0%B8%D1%8F%D0%9D%D0%BE%D0%BC%D0%B5%D0%BD%D0%BA%D0%BB%D0%B0%D1%82%D1%83%D1%80%D1%8B/%D0%94%D0%B0%D1%82%D0%B0%D0%9F%D1%80%D0%BE%D0%B8%D0%B7%D0%B2%D0%BE%D0%B4%D1%81%D1%82%D0%B2%D0%B0,%D0%A1%D0%B5%D1%80%D0%B8%D1%8F%D0%9D%D0%BE%D0%BC%D0%B5%D0%BD%D0%BA%D0%BB%D0%B0%D1%82%D1%83%D1%80%D1%8B/%D0%93%D0%BE%D0%B4%D0%B5%D0%BD%D0%94%D0%BE,%D0%AF%D1%87%D0%B5%D0%B9%D0%BA%D0%B0%D0%A5%D1%80%D0%B0%D0%BD%D0%B5%D0%BD%D0%B8%D1%8F/%D0%A1%D0%BA%D0%BB%D0%B0%D0%B4/Description&$orderby=%D0%9D%D0%BE%D0%BC%D0%B5%D0%BD%D0%BA%D0%BB%D0%B0%D1%82%D1%83%D1%80%D0%B0/%D0%90%D1%80%D1%82%D0%B8%D0%BA%D1%83%D0%BB&$filter=%D0%9D%D0%BE%D0%BC%D0%B5%D0%BD%D0%BA%D0%BB%D0%B0%D1%82%D1%83%D1%80%D0%B0/Parent/Code%20eq%20'359402' HTTP/1.1" 200 198111
2025-01-10 00:42:29,792 urllib3.connectionpool DEBUG    Starting new HTTP connection (1): 172.172.185.67:80
2025-01-10 00:42:30,461 urllib3.connectionpool DEBUG    http://172.172.185.67:80 "GET /krd_itc_wms/odata/standard.odata//AccumulationRegister_%D0%9E%D1%81%D1%82%D0%B0%D1%82%D0%BA%D0%B8%D0%92%D0%9F%D0%BE%D0%BB%D0%BB%D0%B5%D1%82%D0%B0%D1%85/Balance?$format=json&$expand=%D0%9D%D0%BE%D0%BC%D0%B5%D0%BD%D0%BA%D0%BB%D0%B0%D1%82%D1%83%D1%80%D0%B0/Parent,%20%D0%AF%D1%87%D0%B5%D0%B9%D0%BA%D0%B0%D0%A5%D1%80%D0%B0%D0%BD%D0%B5%D0%BD%D0%B8%D1%8F/%D0%A1%D0%BA%D0%BB%D0%B0%D0%B4,%20%D0%A1%D0%B5%D1%80%D0%B8%D1%8F%D0%9D%D0%BE%D0%BC%D0%B5%D0%BD%D0%BA%D0%BB%D0%B0%D1%82%D1%83%D1%80%D1%8B&$select=%D0%9D%D0%BE%D0%BC%D0%B5%D0%BD%D0%BA%D0%BB%D0%B0%D1%82%D1%83%D1%80%D0%B0/Code,%D0%9D%D0%BE%D0%BC%D0%B5%D0%BD%D0%BA%D0%BB%D0%B0%D1%82%D1%83%D1%80%D0%B0/Description,%D0%9D%D0%BE%D0%BC%D0%B5%D0%BD%D0%BA%D0%BB%D0%B0%D1%82%D1%83%D1%80%D0%B0/%D0%90%D1%80%D1%82%D0%B8%D0%BA%D1%83%D0%BB,%D0%9D%D0%BE%D0%BC%D0%B5%D0%BD%D0%BA%D0%BB%D0%B0%D1%82%D1%83%D1%80%D0%B0/Parent/Description,%D0%9A%D0%BE%D0%BB%D0%B8%D1%87%D0%B5%D1%81%D1%82%D0%B2%D0%BEBalance,%D0%A1%D0%B5%D1%80%D0%B8%D1%8F%D0%9D%D0%BE%D0%BC%D0%B5%D0%BD%D0%BA%D0%BB%D0%B0%D1%82%D1%83%D1%80%D1%8B/%D0%94%D0%B0%D1%82%D0%B0%D0%9F%D1%80%D0%BE%D0%B8%D0%B7%D0%B2%D0%BE%D0%B4%D1%81%D1%82%D0%B2%D0%B0,%D0%A1%D0%B5%D1%80%D0%B8%D1%8F%D0%9D%D0%BE%D0%BC%D0%B5%D0%BD%D0%BA%D0%BB%D0%B0%D1%82%D1%83%D1%80%D1%8B/%D0%93%D0%BE%D0%B4%D0%B5%D0%BD%D0%94%D0%BE,%D0%AF%D1%87%D0%B5%D0%B9%D0%BA%D0%B0%D0%A5%D1%80%D0%B0%D0%BD%D0%B5%D0%BD%D0%B8%D1%8F/%D0%A1%D0%BA%D0%BB%D0%B0%D0%B4/Description&$orderby=%D0%9D%D0%BE%D0%BC%D0%B5%D0%BD%D0%BA%D0%BB%D0%B0%D1%82%D1%83%D1%80%D0%B0/%D0%90%D1%80%D1%82%D0%B8%D0%BA%D1%83%D0%BB&$filter=%D0%9D%D0%BE%D0%BC%D0%B5%D0%BD%D0%BA%D0%BB%D0%B0%D1%82%D1%83%D1%80%D0%B0/Parent/Code%20eq%20'304903' HTTP/1.1" 200 152157
2025-01-10 01:16:29,467 urllib3.connectionpool DEBUG    Starting new HTTP connection (1): 172.172.185.67:80
2025-01-10 01:16:33,016 urllib3.connectionpool DEBUG    http://172.172.185.67:80 "GET /krd_itc_wms/odata/standard.odata//AccumulationRegister_%D0%9E%D1%81%D1%82%D0%B0%D1%82%D0%BA%D0%B8%D0%92%D0%9F%D0%BE%D0%BB%D0%BB%D0%B5%D1%82%D0%B0%D1%85/Balance?$format=json&$expand=%D0%9D%D0%BE%D0%BC%D0%B5%D0%BD%D0%BA%D0%BB%D0%B0%D1%82%D1%83%D1%80%D0%B0/Parent,%20%D0%AF%D1%87%D0%B5%D0%B9%D0%BA%D0%B0%D0%A5%D1%80%D0%B0%D0%BD%D0%B5%D0%BD%D0%B8%D1%8F/%D0%A1%D0%BA%D0%BB%D0%B0%D0%B4,%20%D0%A1%D0%B5%D1%80%D0%B8%D1%8F%D0%9D%D0%BE%D0%BC%D0%B5%D0%BD%D0%BA%D0%BB%D0%B0%D1%82%D1%83%D1%80%D1%8B&$select=%D0%9D%D0%BE%D0%BC%D0%B5%D0%BD%D0%BA%D0%BB%D0%B0%D1%82%D1%83%D1%80%D0%B0/Code,%D0%9D%D0%BE%D0%BC%D0%B5%D0%BD%D0%BA%D0%BB%D0%B0%D1%82%D1%83%D1%80%D0%B0/Description,%D0%9D%D0%BE%D0%BC%D0%B5%D0%BD%D0%BA%D0%BB%D0%B0%D1%82%D1%83%D1%80%D0%B0/%D0%90%D1%80%D1%82%D0%B8%D0%BA%D1%83%D0%BB,%D0%9D%D0%BE%D0%BC%D0%B5%D0%BD%D0%BA%D0%BB%D0%B0%D1%82%D1%83%D1%80%D0%B0/Parent/Description,%D0%9A%D0%BE%D0%BB%D0%B8%D1%87%D0%B5%D1%81%D1%82%D0%B2%D0%BEBalance,%D0%A1%D0%B5%D1%80%D0%B8%D1%8F%D0%9D%D0%BE%D0%BC%D0%B5%D0%BD%D0%BA%D0%BB%D0%B0%D1%82%D1%83%D1%80%D1%8B/%D0%94%D0%B0%D1%82%D0%B0%D0%9F%D1%80%D0%BE%D0%B8%D0%B7%D0%B2%D0%BE%D0%B4%D1%81%D1%82%D0%B2%D0%B0,%D0%A1%D0%B5%D1%80%D0%B8%D1%8F%D0%9D%D0%BE%D0%BC%D0%B5%D0%BD%D0%BA%D0%BB%D0%B0%D1%82%D1%83%D1%80%D1%8B/%D0%93%D0%BE%D0%B4%D0%B5%D0%BD%D0%94%D0%BE,%D0%AF%D1%87%D0%B5%D0%B9%D0%BA%D0%B0%D0%A5%D1%80%D0%B0%D0%BD%D0%B5%D0%BD%D0%B8%D1%8F/%D0%A1%D0%BA%D0%BB%D0%B0%D0%B4/Description&$orderby=%D0%9D%D0%BE%D0%BC%D0%B5%D0%BD%D0%BA%D0%BB%D0%B0%D1%82%D1%83%D1%80%D0%B0/%D0%90%D1%80%D1%82%D0%B8%D0%BA%D1%83%D0%BB&$filter=%D0%9D%D0%BE%D0%BC%D0%B5%D0%BD%D0%BA%D0%BB%D0%B0%D1%82%D1%83%D1%80%D0%B0/Parent/Code%20eq%20'304903' HTTP/1.1" 200 152157
2025-01-10 01:40:06,084 urllib3.connectionpool DEBUG    Starting new HTTP connection (1): 172.172.185.67:80
2025-01-10 01:40:09,623 urllib3.connectionpool DEBUG    http://172.172.185.67:80 "GET /krd_itc_wms/odata/standard.odata//AccumulationRegister_%D0%9E%D1%81%D1%82%D0%B0%D1%82%D0%BA%D0%B8%D0%92%D0%9F%D0%BE%D0%BB%D0%BB%D0%B5%D1%82%D0%B0%D1%85/Balance?$format=json&$expand=%D0%9D%D0%BE%D0%BC%D0%B5%D0%BD%D0%BA%D0%BB%D0%B0%D1%82%D1%83%D1%80%D0%B0/Parent,%20%D0%AF%D1%87%D0%B5%D0%B9%D0%BA%D0%B0%D0%A5%D1%80%D0%B0%D0%BD%D0%B5%D0%BD%D0%B8%D1%8F/%D0%A1%D0%BA%D0%BB%D0%B0%D0%B4,%20%D0%A1%D0%B5%D1%80%D0%B8%D1%8F%D0%9D%D0%BE%D0%BC%D0%B5%D0%BD%D0%BA%D0%BB%D0%B0%D1%82%D1%83%D1%80%D1%8B&$select=%D0%9D%D0%BE%D0%BC%D0%B5%D0%BD%D0%BA%D0%BB%D0%B0%D1%82%D1%83%D1%80%D0%B0/Code,%D0%9D%D0%BE%D0%BC%D0%B5%D0%BD%D0%BA%D0%BB%D0%B0%D1%82%D1%83%D1%80%D0%B0/Description,%D0%9D%D0%BE%D0%BC%D0%B5%D0%BD%D0%BA%D0%BB%D0%B0%D1%82%D1%83%D1%80%D0%B0/%D0%90%D1%80%D1%82%D0%B8%D0%BA%D1%83%D0%BB,%D0%9D%D0%BE%D0%BC%D0%B5%D0%BD%D0%BA%D0%BB%D0%B0%D1%82%D1%83%D1%80%D0%B0/Parent/Description,%D0%9A%D0%BE%D0%BB%D0%B8%D1%87%D0%B5%D1%81%D1%82%D0%B2%D0%BEBalance,%D0%A1%D0%B5%D1%80%D0%B8%D1%8F%D0%9D%D0%BE%D0%BC%D0%B5%D0%BD%D0%BA%D0%BB%D0%B0%D1%82%D1%83%D1%80%D1%8B/%D0%94%D0%B0%D1%82%D0%B0%D0%9F%D1%80%D0%BE%D0%B8%D0%B7%D0%B2%D0%BE%D0%B4%D1%81%D1%82%D0%B2%D0%B0,%D0%A1%D0%B5%D1%80%D0%B8%D1%8F%D0%9D%D0%BE%D0%BC%D0%B5%D0%BD%D0%BA%D0%BB%D0%B0%D1%82%D1%83%D1%80%D1%8B/%D0%93%D0%BE%D0%B4%D0%B5%D0%BD%D0%94%D0%BE,%D0%AF%D1%87%D0%B5%D0%B9%D0%BA%D0%B0%D0%A5%D1%80%D0%B0%D0%BD%D0%B5%D0%BD%D0%B8%D1%8F/%D0%A1%D0%BA%D0%BB%D0%B0%D0%B4/Description&$orderby=%D0%9D%D0%BE%D0%BC%D0%B5%D0%BD%D0%BA%D0%BB%D0%B0%D1%82%D1%83%D1%80%D0%B0/%D0%90%D1%80%D1%82%D0%B8%D0%BA%D1%83%D0%BB&$filter=%D0%9D%D0%BE%D0%BC%D0%B5%D0%BD%D0%BA%D0%BB%D0%B0%D1%82%D1%83%D1%80%D0%B0/Parent/Code%20eq%20'304903' HTTP/1.1" 200 152157
2025-01-10 09:42:21,114 django.request WARNING  Not Found: /favicon.ico
2025-01-10 16:11:10,996 django.request ERROR    Internal Server Error: /krd/contracts/tander/process_applications
Traceback (most recent call last):
  File "C:\Users\rhashhanok\PycharmProjects\SLEX_02\.venv\Lib\site-packages\django\core\handlers\exception.py", line 55, in inner
    response = get_response(request)
               ^^^^^^^^^^^^^^^^^^^^^
  File "C:\Users\rhashhanok\PycharmProjects\SLEX_02\.venv\Lib\site-packages\django\core\handlers\base.py", line 197, in _get_response
    response = wrapped_callback(request, *callback_args, **callback_kwargs)
               ^^^^^^^^^^^^^^^^^^^^^^^^^^^^^^^^^^^^^^^^^^^^^^^^^^^^^^^^^^^^
  File "C:\Users\rhashhanok\PycharmProjects\SLEX_02\base_app\views.py", line 95, in show_choice_operation
    return render(request, f'base_app/operations.html', context=context)
           ^^^^^^^^^^^^^^^^^^^^^^^^^^^^^^^^^^^^^^^^^^^^^^^^^^^^^^^^^^^^^
  File "C:\Users\rhashhanok\PycharmProjects\SLEX_02\.venv\Lib\site-packages\django\shortcuts.py", line 25, in render
    content = loader.render_to_string(template_name, context, request, using=using)
              ^^^^^^^^^^^^^^^^^^^^^^^^^^^^^^^^^^^^^^^^^^^^^^^^^^^^^^^^^^^^^^^^^^^^^
  File "C:\Users\rhashhanok\PycharmProjects\SLEX_02\.venv\Lib\site-packages\django\template\loader.py", line 62, in render_to_string
    return template.render(context, request)
           ^^^^^^^^^^^^^^^^^^^^^^^^^^^^^^^^^
  File "C:\Users\rhashhanok\PycharmProjects\SLEX_02\.venv\Lib\site-packages\django\template\backends\django.py", line 61, in render
    return self.template.render(context)
           ^^^^^^^^^^^^^^^^^^^^^^^^^^^^^
  File "C:\Users\rhashhanok\PycharmProjects\SLEX_02\.venv\Lib\site-packages\django\template\base.py", line 171, in render
    return self._render(context)
           ^^^^^^^^^^^^^^^^^^^^^
  File "C:\Users\rhashhanok\PycharmProjects\SLEX_02\.venv\Lib\site-packages\django\template\base.py", line 163, in _render
    return self.nodelist.render(context)
           ^^^^^^^^^^^^^^^^^^^^^^^^^^^^^
  File "C:\Users\rhashhanok\PycharmProjects\SLEX_02\.venv\Lib\site-packages\django\template\base.py", line 1000, in render
    return SafeString("".join([node.render_annotated(context) for node in self]))
                               ^^^^^^^^^^^^^^^^^^^^^^^^^^^^^^
  File "C:\Users\rhashhanok\PycharmProjects\SLEX_02\.venv\Lib\site-packages\django\template\base.py", line 961, in render_annotated
    return self.render(context)
           ^^^^^^^^^^^^^^^^^^^^
  File "C:\Users\rhashhanok\PycharmProjects\SLEX_02\.venv\Lib\site-packages\django\template\loader_tags.py", line 159, in render
    return compiled_parent._render(context)
           ^^^^^^^^^^^^^^^^^^^^^^^^^^^^^^^^
  File "C:\Users\rhashhanok\PycharmProjects\SLEX_02\.venv\Lib\site-packages\django\template\base.py", line 163, in _render
    return self.nodelist.render(context)
           ^^^^^^^^^^^^^^^^^^^^^^^^^^^^^
  File "C:\Users\rhashhanok\PycharmProjects\SLEX_02\.venv\Lib\site-packages\django\template\base.py", line 1000, in render
    return SafeString("".join([node.render_annotated(context) for node in self]))
                               ^^^^^^^^^^^^^^^^^^^^^^^^^^^^^^
  File "C:\Users\rhashhanok\PycharmProjects\SLEX_02\.venv\Lib\site-packages\django\template\base.py", line 961, in render_annotated
    return self.render(context)
           ^^^^^^^^^^^^^^^^^^^^
  File "C:\Users\rhashhanok\PycharmProjects\SLEX_02\.venv\Lib\site-packages\django\template\loader_tags.py", line 65, in render
    result = block.nodelist.render(context)
             ^^^^^^^^^^^^^^^^^^^^^^^^^^^^^^
  File "C:\Users\rhashhanok\PycharmProjects\SLEX_02\.venv\Lib\site-packages\django\template\base.py", line 1000, in render
    return SafeString("".join([node.render_annotated(context) for node in self]))
                               ^^^^^^^^^^^^^^^^^^^^^^^^^^^^^^
  File "C:\Users\rhashhanok\PycharmProjects\SLEX_02\.venv\Lib\site-packages\django\template\base.py", line 961, in render_annotated
    return self.render(context)
           ^^^^^^^^^^^^^^^^^^^^
  File "C:\Users\rhashhanok\PycharmProjects\SLEX_02\.venv\Lib\site-packages\django\template\defaulttags.py", line 326, in render
    return nodelist.render(context)
           ^^^^^^^^^^^^^^^^^^^^^^^^
  File "C:\Users\rhashhanok\PycharmProjects\SLEX_02\.venv\Lib\site-packages\django\template\base.py", line 1000, in render
    return SafeString("".join([node.render_annotated(context) for node in self]))
                               ^^^^^^^^^^^^^^^^^^^^^^^^^^^^^^
  File "C:\Users\rhashhanok\PycharmProjects\SLEX_02\.venv\Lib\site-packages\django\template\base.py", line 961, in render_annotated
    return self.render(context)
           ^^^^^^^^^^^^^^^^^^^^
  File "C:\Users\rhashhanok\PycharmProjects\SLEX_02\.venv\Lib\site-packages\django\template\defaulttags.py", line 326, in render
    return nodelist.render(context)
           ^^^^^^^^^^^^^^^^^^^^^^^^
  File "C:\Users\rhashhanok\PycharmProjects\SLEX_02\.venv\Lib\site-packages\django\template\base.py", line 1000, in render
    return SafeString("".join([node.render_annotated(context) for node in self]))
                               ^^^^^^^^^^^^^^^^^^^^^^^^^^^^^^
  File "C:\Users\rhashhanok\PycharmProjects\SLEX_02\.venv\Lib\site-packages\django\template\base.py", line 961, in render_annotated
    return self.render(context)
           ^^^^^^^^^^^^^^^^^^^^
  File "C:\Users\rhashhanok\PycharmProjects\SLEX_02\.venv\Lib\site-packages\django\template\defaulttags.py", line 479, in render
    url = reverse(view_name, args=args, kwargs=kwargs, current_app=current_app)
          ^^^^^^^^^^^^^^^^^^^^^^^^^^^^^^^^^^^^^^^^^^^^^^^^^^^^^^^^^^^^^^^^^^^^^
  File "C:\Users\rhashhanok\PycharmProjects\SLEX_02\.venv\Lib\site-packages\django\urls\base.py", line 88, in reverse
    return resolver._reverse_with_prefix(view, prefix, *args, **kwargs)
           ^^^^^^^^^^^^^^^^^^^^^^^^^^^^^^^^^^^^^^^^^^^^^^^^^^^^^^^^^^^^
  File "C:\Users\rhashhanok\PycharmProjects\SLEX_02\.venv\Lib\site-packages\django\urls\resolvers.py", line 851, in _reverse_with_prefix
    raise NoReverseMatch(msg)
django.urls.exceptions.NoReverseMatch: Reverse for 'event_load_file' with keyword arguments '{'_filial_slug': '', '_contract_slug': '', '_operation_slug': 'process_applications'}' not found. 1 pattern(s) tried: ['(?P<_filial_slug>[-a-zA-Z0-9_]+)/contracts/(?P<_contract_slug>[-a-zA-Z0-9_]+)/(?P<_operation_slug>[-a-zA-Z0-9_]+)/load_file\\Z']
2025-01-10 16:22:18,199 django.request WARNING  Not Found: /favicon.ico
2025-01-10 17:32:49,292 urllib3.connectionpool DEBUG    Starting new HTTP connection (1): 172.172.185.67:80
2025-01-10 17:32:49,925 urllib3.connectionpool DEBUG    http://172.172.185.67:80 "GET /krd_itc_wms/odata/standard.odata//AccumulationRegister_%D0%9E%D1%81%D1%82%D0%B0%D1%82%D0%BA%D0%B8%D0%92%D0%9F%D0%BE%D0%BB%D0%BB%D0%B5%D1%82%D0%B0%D1%85/Balance?$format=json&$expand=%D0%9D%D0%BE%D0%BC%D0%B5%D0%BD%D0%BA%D0%BB%D0%B0%D1%82%D1%83%D1%80%D0%B0/Parent,%20%D0%AF%D1%87%D0%B5%D0%B9%D0%BA%D0%B0%D0%A5%D1%80%D0%B0%D0%BD%D0%B5%D0%BD%D0%B8%D1%8F/%D0%A1%D0%BA%D0%BB%D0%B0%D0%B4,%20%D0%A1%D0%B5%D1%80%D0%B8%D1%8F%D0%9D%D0%BE%D0%BC%D0%B5%D0%BD%D0%BA%D0%BB%D0%B0%D1%82%D1%83%D1%80%D1%8B&$select=%D0%9D%D0%BE%D0%BC%D0%B5%D0%BD%D0%BA%D0%BB%D0%B0%D1%82%D1%83%D1%80%D0%B0/Code,%D0%9D%D0%BE%D0%BC%D0%B5%D0%BD%D0%BA%D0%BB%D0%B0%D1%82%D1%83%D1%80%D0%B0/Description,%D0%9D%D0%BE%D0%BC%D0%B5%D0%BD%D0%BA%D0%BB%D0%B0%D1%82%D1%83%D1%80%D0%B0/%D0%90%D1%80%D1%82%D0%B8%D0%BA%D1%83%D0%BB,%D0%9D%D0%BE%D0%BC%D0%B5%D0%BD%D0%BA%D0%BB%D0%B0%D1%82%D1%83%D1%80%D0%B0/Parent/Description,%D0%9A%D0%BE%D0%BB%D0%B8%D1%87%D0%B5%D1%81%D1%82%D0%B2%D0%BEBalance,%D0%A1%D0%B5%D1%80%D0%B8%D1%8F%D0%9D%D0%BE%D0%BC%D0%B5%D0%BD%D0%BA%D0%BB%D0%B0%D1%82%D1%83%D1%80%D1%8B/%D0%94%D0%B0%D1%82%D0%B0%D0%9F%D1%80%D0%BE%D0%B8%D0%B7%D0%B2%D0%BE%D0%B4%D1%81%D1%82%D0%B2%D0%B0,%D0%A1%D0%B5%D1%80%D0%B8%D1%8F%D0%9D%D0%BE%D0%BC%D0%B5%D0%BD%D0%BA%D0%BB%D0%B0%D1%82%D1%83%D1%80%D1%8B/%D0%93%D0%BE%D0%B4%D0%B5%D0%BD%D0%94%D0%BE,%D0%AF%D1%87%D0%B5%D0%B9%D0%BA%D0%B0%D0%A5%D1%80%D0%B0%D0%BD%D0%B5%D0%BD%D0%B8%D1%8F/%D0%A1%D0%BA%D0%BB%D0%B0%D0%B4/Description&$orderby=%D0%9D%D0%BE%D0%BC%D0%B5%D0%BD%D0%BA%D0%BB%D0%B0%D1%82%D1%83%D1%80%D0%B0/%D0%90%D1%80%D1%82%D0%B8%D0%BA%D1%83%D0%BB&$filter=%D0%9D%D0%BE%D0%BC%D0%B5%D0%BD%D0%BA%D0%BB%D0%B0%D1%82%D1%83%D1%80%D0%B0/Parent/Code%20eq%20'304903' HTTP/1.1" 200 152157
2025-01-10 17:34:32,689 urllib3.connectionpool DEBUG    Starting new HTTP connection (1): 172.172.185.67:80
2025-01-10 17:34:48,119 urllib3.connectionpool DEBUG    http://172.172.185.67:80 "POST /krd_itc_wms/ru_RU/hs/PutData HTTP/1.1" 200 371
2025-01-11 17:13:16,245 django.request WARNING  Not Found: /favicon.ico
2025-01-12 17:31:14,526 django.utils.autoreload INFO     C:\Users\rhashhanok\PycharmProjects\SLEX_02\base_app\contract_models\krd\tander.py changed, reloading.
2025-01-12 17:31:14,769 django.utils.autoreload INFO     C:\Users\rhashhanok\PycharmProjects\SLEX_02\base_app\contract_models\krd\tander.py changed, reloading.
2025-01-12 17:31:16,209 django.utils.autoreload INFO     Watching for file changes with StatReloader
2025-01-12 17:31:16,324 django.utils.autoreload INFO     Watching for file changes with StatReloader
2025-01-12 17:37:00,989 django.utils.autoreload INFO     C:\Users\rhashhanok\PycharmProjects\SLEX_02\base_app\contract_models\krd\tander.py changed, reloading.
2025-01-12 17:37:01,232 django.utils.autoreload INFO     C:\Users\rhashhanok\PycharmProjects\SLEX_02\base_app\contract_models\krd\tander.py changed, reloading.
2025-01-12 17:37:02,657 django.utils.autoreload INFO     Watching for file changes with StatReloader
2025-01-12 17:37:02,855 django.utils.autoreload INFO     Watching for file changes with StatReloader
2025-01-12 18:05:30,752 urllib3.connectionpool DEBUG    Starting new HTTP connection (1): 172.172.185.67:80
2025-01-12 18:05:34,446 urllib3.connectionpool DEBUG    http://172.172.185.67:80 "GET /krd_itc_wms/odata/standard.odata//AccumulationRegister_%D0%9E%D1%81%D1%82%D0%B0%D1%82%D0%BA%D0%B8%D0%92%D0%9F%D0%BE%D0%BB%D0%BB%D0%B5%D1%82%D0%B0%D1%85/Balance?$format=json&$expand=%D0%9D%D0%BE%D0%BC%D0%B5%D0%BD%D0%BA%D0%BB%D0%B0%D1%82%D1%83%D1%80%D0%B0/Parent,%20%D0%AF%D1%87%D0%B5%D0%B9%D0%BA%D0%B0%D0%A5%D1%80%D0%B0%D0%BD%D0%B5%D0%BD%D0%B8%D1%8F/%D0%A1%D0%BA%D0%BB%D0%B0%D0%B4,%20%D0%A1%D0%B5%D1%80%D0%B8%D1%8F%D0%9D%D0%BE%D0%BC%D0%B5%D0%BD%D0%BA%D0%BB%D0%B0%D1%82%D1%83%D1%80%D1%8B&$select=%D0%9D%D0%BE%D0%BC%D0%B5%D0%BD%D0%BA%D0%BB%D0%B0%D1%82%D1%83%D1%80%D0%B0/Code,%D0%9D%D0%BE%D0%BC%D0%B5%D0%BD%D0%BA%D0%BB%D0%B0%D1%82%D1%83%D1%80%D0%B0/Description,%D0%9D%D0%BE%D0%BC%D0%B5%D0%BD%D0%BA%D0%BB%D0%B0%D1%82%D1%83%D1%80%D0%B0/%D0%90%D1%80%D1%82%D0%B8%D0%BA%D1%83%D0%BB,%D0%9D%D0%BE%D0%BC%D0%B5%D0%BD%D0%BA%D0%BB%D0%B0%D1%82%D1%83%D1%80%D0%B0/Parent/Description,%D0%9A%D0%BE%D0%BB%D0%B8%D1%87%D0%B5%D1%81%D1%82%D0%B2%D0%BEBalance,%D0%A1%D0%B5%D1%80%D0%B8%D1%8F%D0%9D%D0%BE%D0%BC%D0%B5%D0%BD%D0%BA%D0%BB%D0%B0%D1%82%D1%83%D1%80%D1%8B/%D0%94%D0%B0%D1%82%D0%B0%D0%9F%D1%80%D0%BE%D0%B8%D0%B7%D0%B2%D0%BE%D0%B4%D1%81%D1%82%D0%B2%D0%B0,%D0%A1%D0%B5%D1%80%D0%B8%D1%8F%D0%9D%D0%BE%D0%BC%D0%B5%D0%BD%D0%BA%D0%BB%D0%B0%D1%82%D1%83%D1%80%D1%8B/%D0%93%D0%BE%D0%B4%D0%B5%D0%BD%D0%94%D0%BE,%D0%AF%D1%87%D0%B5%D0%B9%D0%BA%D0%B0%D0%A5%D1%80%D0%B0%D0%BD%D0%B5%D0%BD%D0%B8%D1%8F/%D0%A1%D0%BA%D0%BB%D0%B0%D0%B4/Description&$orderby=%D0%9D%D0%BE%D0%BC%D0%B5%D0%BD%D0%BA%D0%BB%D0%B0%D1%82%D1%83%D1%80%D0%B0/%D0%90%D1%80%D1%82%D0%B8%D0%BA%D1%83%D0%BB&$filter=%D0%9D%D0%BE%D0%BC%D0%B5%D0%BD%D0%BA%D0%BB%D0%B0%D1%82%D1%83%D1%80%D0%B0/Parent/Code%20eq%20'304903' HTTP/1.1" 200 152157
2025-01-13 10:56:17,736 django.request ERROR    Internal Server Error: /vlg/contracts/atm
Traceback (most recent call last):
  File "C:\Users\rhashhanok\PycharmProjects\SLEX_02\.venv\Lib\site-packages\django\core\handlers\exception.py", line 55, in inner
    response = get_response(request)
               ^^^^^^^^^^^^^^^^^^^^^
  File "C:\Users\rhashhanok\PycharmProjects\SLEX_02\.venv\Lib\site-packages\django\core\handlers\base.py", line 197, in _get_response
    response = wrapped_callback(request, *callback_args, **callback_kwargs)
               ^^^^^^^^^^^^^^^^^^^^^^^^^^^^^^^^^^^^^^^^^^^^^^^^^^^^^^^^^^^^
  File "C:\Users\rhashhanok\PycharmProjects\SLEX_02\base_app\views.py", line 87, in show_operations
    context['contract'] = Contracts.objects.get(filial__slug=context['filial'].slug, slug=kwargs['_contract_slug'])
                          ^^^^^^^^^^^^^^^^^^^^^^^^^^^^^^^^^^^^^^^^^^^^^^^^^^^^^^^^^^^^^^^^^^^^^^^^^^^^^^^^^^^^^^^^^
  File "C:\Users\rhashhanok\PycharmProjects\SLEX_02\.venv\Lib\site-packages\django\db\models\manager.py", line 87, in manager_method
    return getattr(self.get_queryset(), name)(*args, **kwargs)
           ^^^^^^^^^^^^^^^^^^^^^^^^^^^^^^^^^^^^^^^^^^^^^^^^^^^
  File "C:\Users\rhashhanok\PycharmProjects\SLEX_02\.venv\Lib\site-packages\django\db\models\query.py", line 649, in get
    raise self.model.DoesNotExist(
base_app.models.Contracts.DoesNotExist: Contracts matching query does not exist.
2025-01-13 16:22:42,886 django.request WARNING  Not Found: /favicon.ico
2025-01-13 16:24:10,934 urllib3.connectionpool DEBUG    Starting new HTTP connection (1): 172.172.185.67:80
2025-01-13 16:24:19,552 urllib3.connectionpool DEBUG    http://172.172.185.67:80 "POST /krd_itc_wms/ru_RU/hs/PutData HTTP/1.1" 200 371
2025-01-13 17:17:06,744 urllib3.connectionpool DEBUG    Starting new HTTP connection (1): 172.172.185.67:80
2025-01-13 17:17:10,549 urllib3.connectionpool DEBUG    http://172.172.185.67:80 "GET /krd_itc_wms/odata/standard.odata//AccumulationRegister_%D0%9E%D1%81%D1%82%D0%B0%D1%82%D0%BA%D0%B8%D0%92%D0%9F%D0%BE%D0%BB%D0%BB%D0%B5%D1%82%D0%B0%D1%85/Balance?$format=json&$expand=%D0%9D%D0%BE%D0%BC%D0%B5%D0%BD%D0%BA%D0%BB%D0%B0%D1%82%D1%83%D1%80%D0%B0/Parent,%20%D0%AF%D1%87%D0%B5%D0%B9%D0%BA%D0%B0%D0%A5%D1%80%D0%B0%D0%BD%D0%B5%D0%BD%D0%B8%D1%8F/%D0%A1%D0%BA%D0%BB%D0%B0%D0%B4,%20%D0%A1%D0%B5%D1%80%D0%B8%D1%8F%D0%9D%D0%BE%D0%BC%D0%B5%D0%BD%D0%BA%D0%BB%D0%B0%D1%82%D1%83%D1%80%D1%8B&$select=%D0%9D%D0%BE%D0%BC%D0%B5%D0%BD%D0%BA%D0%BB%D0%B0%D1%82%D1%83%D1%80%D0%B0/Code,%D0%9D%D0%BE%D0%BC%D0%B5%D0%BD%D0%BA%D0%BB%D0%B0%D1%82%D1%83%D1%80%D0%B0/Description,%D0%9D%D0%BE%D0%BC%D0%B5%D0%BD%D0%BA%D0%BB%D0%B0%D1%82%D1%83%D1%80%D0%B0/%D0%90%D1%80%D1%82%D0%B8%D0%BA%D1%83%D0%BB,%D0%9D%D0%BE%D0%BC%D0%B5%D0%BD%D0%BA%D0%BB%D0%B0%D1%82%D1%83%D1%80%D0%B0/Parent/Description,%D0%9A%D0%BE%D0%BB%D0%B8%D1%87%D0%B5%D1%81%D1%82%D0%B2%D0%BEBalance,%D0%A1%D0%B5%D1%80%D0%B8%D1%8F%D0%9D%D0%BE%D0%BC%D0%B5%D0%BD%D0%BA%D0%BB%D0%B0%D1%82%D1%83%D1%80%D1%8B/%D0%94%D0%B0%D1%82%D0%B0%D0%9F%D1%80%D0%BE%D0%B8%D0%B7%D0%B2%D0%BE%D0%B4%D1%81%D1%82%D0%B2%D0%B0,%D0%A1%D0%B5%D1%80%D0%B8%D1%8F%D0%9D%D0%BE%D0%BC%D0%B5%D0%BD%D0%BA%D0%BB%D0%B0%D1%82%D1%83%D1%80%D1%8B/%D0%93%D0%BE%D0%B4%D0%B5%D0%BD%D0%94%D0%BE,%D0%AF%D1%87%D0%B5%D0%B9%D0%BA%D0%B0%D0%A5%D1%80%D0%B0%D0%BD%D0%B5%D0%BD%D0%B8%D1%8F/%D0%A1%D0%BA%D0%BB%D0%B0%D0%B4/Description&$orderby=%D0%9D%D0%BE%D0%BC%D0%B5%D0%BD%D0%BA%D0%BB%D0%B0%D1%82%D1%83%D1%80%D0%B0/%D0%90%D1%80%D1%82%D0%B8%D0%BA%D1%83%D0%BB&$filter=%D0%9D%D0%BE%D0%BC%D0%B5%D0%BD%D0%BA%D0%BB%D0%B0%D1%82%D1%83%D1%80%D0%B0/Parent/Code%20eq%20'304903' HTTP/1.1" 200 142981
2025-01-13 17:55:02,492 django.request WARNING  Not Found: /favicon.ico
2025-01-14 08:22:54,761 django.request WARNING  Not Found: /favicon.ico
2025-01-14 10:26:26,309 django.request WARNING  Not Found: /favicon.ico
2025-01-14 10:29:50,564 django.request WARNING  Not Found: /favicon.ico
2025-01-14 11:18:18,640 django.request WARNING  Not Found: /favicon.ico
2025-01-14 12:55:12,783 django.request WARNING  Not Found: /favicon.ico
2025-01-14 13:16:55,284 django.request WARNING  Not Found: /favicon.ico
2025-01-14 16:36:04,568 django.request WARNING  Not Found: /favicon.ico
2025-01-14 16:38:51,071 django.request WARNING  Not Found: /favicon.ico
2025-01-14 16:45:11,530 django.request WARNING  Not Found: /favicon.ico
2025-01-14 16:45:14,661 django.request ERROR    Internal Server Error: /krd/contracts/
Traceback (most recent call last):
  File "C:\Users\rhashhanok\PycharmProjects\SLEX_02\.venv\Lib\site-packages\django\core\handlers\exception.py", line 55, in inner
    response = get_response(request)
               ^^^^^^^^^^^^^^^^^^^^^
  File "C:\Users\rhashhanok\PycharmProjects\SLEX_02\.venv\Lib\site-packages\django\core\handlers\base.py", line 197, in _get_response
    response = wrapped_callback(request, *callback_args, **callback_kwargs)
               ^^^^^^^^^^^^^^^^^^^^^^^^^^^^^^^^^^^^^^^^^^^^^^^^^^^^^^^^^^^^
  File "C:\Users\rhashhanok\PycharmProjects\SLEX_02\base_app\views.py", line 78, in show_contracts
    context['menus'] = Contracts.objects.filter(as_active=True, filial__slug=context['filial'].slug)
                                                                             ~~~~~~~^^^^^^^^^^
KeyError: 'filial'
2025-01-14 16:45:38,933 urllib3.connectionpool DEBUG    Starting new HTTP connection (1): 172.172.185.67:80
2025-01-14 16:45:47,273 urllib3.connectionpool DEBUG    http://172.172.185.67:80 "POST /krd_itc_wms/ru_RU/hs/PutData HTTP/1.1" 200 262
2025-01-15 09:45:22,576 django.utils.autoreload INFO     Watching for file changes with StatReloader
2025-01-15 11:11:41,371 django.request WARNING  Not Found: /favicon.ico
2025-01-15 11:11:56,675 urllib3.connectionpool DEBUG    Starting new HTTP connection (1): 172.172.185.67:80
2025-01-15 11:11:57,403 urllib3.connectionpool DEBUG    http://172.172.185.67:80 "GET /krd_itc_wms/odata/standard.odata//AccumulationRegister_%D0%9E%D1%81%D1%82%D0%B0%D1%82%D0%BA%D0%B8%D0%92%D0%9F%D0%BE%D0%BB%D0%BB%D0%B5%D1%82%D0%B0%D1%85/Balance?$format=json&$expand=%D0%9D%D0%BE%D0%BC%D0%B5%D0%BD%D0%BA%D0%BB%D0%B0%D1%82%D1%83%D1%80%D0%B0/Parent,%20%D0%AF%D1%87%D0%B5%D0%B9%D0%BA%D0%B0%D0%A5%D1%80%D0%B0%D0%BD%D0%B5%D0%BD%D0%B8%D1%8F/%D0%A1%D0%BA%D0%BB%D0%B0%D0%B4,%20%D0%A1%D0%B5%D1%80%D0%B8%D1%8F%D0%9D%D0%BE%D0%BC%D0%B5%D0%BD%D0%BA%D0%BB%D0%B0%D1%82%D1%83%D1%80%D1%8B&$select=%D0%9D%D0%BE%D0%BC%D0%B5%D0%BD%D0%BA%D0%BB%D0%B0%D1%82%D1%83%D1%80%D0%B0/Code,%D0%9D%D0%BE%D0%BC%D0%B5%D0%BD%D0%BA%D0%BB%D0%B0%D1%82%D1%83%D1%80%D0%B0/Description,%D0%9D%D0%BE%D0%BC%D0%B5%D0%BD%D0%BA%D0%BB%D0%B0%D1%82%D1%83%D1%80%D0%B0/%D0%90%D1%80%D1%82%D0%B8%D0%BA%D1%83%D0%BB,%D0%9D%D0%BE%D0%BC%D0%B5%D0%BD%D0%BA%D0%BB%D0%B0%D1%82%D1%83%D1%80%D0%B0/Parent/Description,%D0%9A%D0%BE%D0%BB%D0%B8%D1%87%D0%B5%D1%81%D1%82%D0%B2%D0%BEBalance,%D0%A1%D0%B5%D1%80%D0%B8%D1%8F%D0%9D%D0%BE%D0%BC%D0%B5%D0%BD%D0%BA%D0%BB%D0%B0%D1%82%D1%83%D1%80%D1%8B/%D0%94%D0%B0%D1%82%D0%B0%D0%9F%D1%80%D0%BE%D0%B8%D0%B7%D0%B2%D0%BE%D0%B4%D1%81%D1%82%D0%B2%D0%B0,%D0%A1%D0%B5%D1%80%D0%B8%D1%8F%D0%9D%D0%BE%D0%BC%D0%B5%D0%BD%D0%BA%D0%BB%D0%B0%D1%82%D1%83%D1%80%D1%8B/%D0%93%D0%BE%D0%B4%D0%B5%D0%BD%D0%94%D0%BE,%D0%AF%D1%87%D0%B5%D0%B9%D0%BA%D0%B0%D0%A5%D1%80%D0%B0%D0%BD%D0%B5%D0%BD%D0%B8%D1%8F/%D0%A1%D0%BA%D0%BB%D0%B0%D0%B4/Description&$orderby=%D0%9D%D0%BE%D0%BC%D0%B5%D0%BD%D0%BA%D0%BB%D0%B0%D1%82%D1%83%D1%80%D0%B0/%D0%90%D1%80%D1%82%D0%B8%D0%BA%D1%83%D0%BB&$filter=%D0%9D%D0%BE%D0%BC%D0%B5%D0%BD%D0%BA%D0%BB%D0%B0%D1%82%D1%83%D1%80%D0%B0/Parent/Code%20eq%20'304903' HTTP/1.1" 200 174530
2025-01-15 11:12:12,052 urllib3.connectionpool DEBUG    Starting new HTTP connection (1): 172.172.185.67:80
2025-01-15 11:12:12,697 urllib3.connectionpool DEBUG    http://172.172.185.67:80 "GET /krd_itc_wms/odata/standard.odata//AccumulationRegister_%D0%9E%D1%81%D1%82%D0%B0%D1%82%D0%BA%D0%B8%D0%92%D0%9F%D0%BE%D0%BB%D0%BB%D0%B5%D1%82%D0%B0%D1%85/Balance?$format=json&$expand=%D0%9D%D0%BE%D0%BC%D0%B5%D0%BD%D0%BA%D0%BB%D0%B0%D1%82%D1%83%D1%80%D0%B0/Parent,%20%D0%AF%D1%87%D0%B5%D0%B9%D0%BA%D0%B0%D0%A5%D1%80%D0%B0%D0%BD%D0%B5%D0%BD%D0%B8%D1%8F/%D0%A1%D0%BA%D0%BB%D0%B0%D0%B4,%20%D0%A1%D0%B5%D1%80%D0%B8%D1%8F%D0%9D%D0%BE%D0%BC%D0%B5%D0%BD%D0%BA%D0%BB%D0%B0%D1%82%D1%83%D1%80%D1%8B&$select=%D0%9D%D0%BE%D0%BC%D0%B5%D0%BD%D0%BA%D0%BB%D0%B0%D1%82%D1%83%D1%80%D0%B0/Code,%D0%9D%D0%BE%D0%BC%D0%B5%D0%BD%D0%BA%D0%BB%D0%B0%D1%82%D1%83%D1%80%D0%B0/Description,%D0%9D%D0%BE%D0%BC%D0%B5%D0%BD%D0%BA%D0%BB%D0%B0%D1%82%D1%83%D1%80%D0%B0/%D0%90%D1%80%D1%82%D0%B8%D0%BA%D1%83%D0%BB,%D0%9D%D0%BE%D0%BC%D0%B5%D0%BD%D0%BA%D0%BB%D0%B0%D1%82%D1%83%D1%80%D0%B0/Parent/Description,%D0%9A%D0%BE%D0%BB%D0%B8%D1%87%D0%B5%D1%81%D1%82%D0%B2%D0%BEBalance,%D0%A1%D0%B5%D1%80%D0%B8%D1%8F%D0%9D%D0%BE%D0%BC%D0%B5%D0%BD%D0%BA%D0%BB%D0%B0%D1%82%D1%83%D1%80%D1%8B/%D0%94%D0%B0%D1%82%D0%B0%D0%9F%D1%80%D0%BE%D0%B8%D0%B7%D0%B2%D0%BE%D0%B4%D1%81%D1%82%D0%B2%D0%B0,%D0%A1%D0%B5%D1%80%D0%B8%D1%8F%D0%9D%D0%BE%D0%BC%D0%B5%D0%BD%D0%BA%D0%BB%D0%B0%D1%82%D1%83%D1%80%D1%8B/%D0%93%D0%BE%D0%B4%D0%B5%D0%BD%D0%94%D0%BE,%D0%AF%D1%87%D0%B5%D0%B9%D0%BA%D0%B0%D0%A5%D1%80%D0%B0%D0%BD%D0%B5%D0%BD%D0%B8%D1%8F/%D0%A1%D0%BA%D0%BB%D0%B0%D0%B4/Description&$orderby=%D0%9D%D0%BE%D0%BC%D0%B5%D0%BD%D0%BA%D0%BB%D0%B0%D1%82%D1%83%D1%80%D0%B0/%D0%90%D1%80%D1%82%D0%B8%D0%BA%D1%83%D0%BB&$filter=%D0%9D%D0%BE%D0%BC%D0%B5%D0%BD%D0%BA%D0%BB%D0%B0%D1%82%D1%83%D1%80%D0%B0/Parent/Code%20eq%20'304903' HTTP/1.1" 200 174530
2025-01-15 11:21:17,188 urllib3.connectionpool DEBUG    Starting new HTTP connection (1): 172.172.185.67:80
2025-01-15 11:21:17,723 urllib3.connectionpool DEBUG    http://172.172.185.67:80 "GET /krd_itc_wms/odata/standard.odata//AccumulationRegister_%D0%9E%D1%81%D1%82%D0%B0%D1%82%D0%BA%D0%B8%D0%92%D0%9F%D0%BE%D0%BB%D0%BB%D0%B5%D1%82%D0%B0%D1%85/Balance?$format=json&$expand=%D0%9D%D0%BE%D0%BC%D0%B5%D0%BD%D0%BA%D0%BB%D0%B0%D1%82%D1%83%D1%80%D0%B0/Parent,%20%D0%AF%D1%87%D0%B5%D0%B9%D0%BA%D0%B0%D0%A5%D1%80%D0%B0%D0%BD%D0%B5%D0%BD%D0%B8%D1%8F/%D0%A1%D0%BA%D0%BB%D0%B0%D0%B4,%20%D0%A1%D0%B5%D1%80%D0%B8%D1%8F%D0%9D%D0%BE%D0%BC%D0%B5%D0%BD%D0%BA%D0%BB%D0%B0%D1%82%D1%83%D1%80%D1%8B&$select=%D0%9D%D0%BE%D0%BC%D0%B5%D0%BD%D0%BA%D0%BB%D0%B0%D1%82%D1%83%D1%80%D0%B0/Code,%D0%9D%D0%BE%D0%BC%D0%B5%D0%BD%D0%BA%D0%BB%D0%B0%D1%82%D1%83%D1%80%D0%B0/Description,%D0%9D%D0%BE%D0%BC%D0%B5%D0%BD%D0%BA%D0%BB%D0%B0%D1%82%D1%83%D1%80%D0%B0/%D0%90%D1%80%D1%82%D0%B8%D0%BA%D1%83%D0%BB,%D0%9D%D0%BE%D0%BC%D0%B5%D0%BD%D0%BA%D0%BB%D0%B0%D1%82%D1%83%D1%80%D0%B0/Parent/Description,%D0%9A%D0%BE%D0%BB%D0%B8%D1%87%D0%B5%D1%81%D1%82%D0%B2%D0%BEBalance,%D0%A1%D0%B5%D1%80%D0%B8%D1%8F%D0%9D%D0%BE%D0%BC%D0%B5%D0%BD%D0%BA%D0%BB%D0%B0%D1%82%D1%83%D1%80%D1%8B/%D0%94%D0%B0%D1%82%D0%B0%D0%9F%D1%80%D0%BE%D0%B8%D0%B7%D0%B2%D0%BE%D0%B4%D1%81%D1%82%D0%B2%D0%B0,%D0%A1%D0%B5%D1%80%D0%B8%D1%8F%D0%9D%D0%BE%D0%BC%D0%B5%D0%BD%D0%BA%D0%BB%D0%B0%D1%82%D1%83%D1%80%D1%8B/%D0%93%D0%BE%D0%B4%D0%B5%D0%BD%D0%94%D0%BE,%D0%AF%D1%87%D0%B5%D0%B9%D0%BA%D0%B0%D0%A5%D1%80%D0%B0%D0%BD%D0%B5%D0%BD%D0%B8%D1%8F/%D0%A1%D0%BA%D0%BB%D0%B0%D0%B4/Description&$orderby=%D0%9D%D0%BE%D0%BC%D0%B5%D0%BD%D0%BA%D0%BB%D0%B0%D1%82%D1%83%D1%80%D0%B0/%D0%90%D1%80%D1%82%D0%B8%D0%BA%D1%83%D0%BB&$filter=%D0%9D%D0%BE%D0%BC%D0%B5%D0%BD%D0%BA%D0%BB%D0%B0%D1%82%D1%83%D1%80%D0%B0/Parent/Code%20eq%20'304903' HTTP/1.1" 200 175293
2025-01-15 12:04:49,044 django.request WARNING  Not Found: /favicon.ico
2025-01-15 16:37:29,751 django.request WARNING  Not Found: /favicon.ico
2025-01-15 16:37:42,902 urllib3.connectionpool DEBUG    Starting new HTTP connection (1): 172.172.185.67:80
2025-01-15 16:37:51,889 urllib3.connectionpool DEBUG    http://172.172.185.67:80 "POST /krd_itc_wms/ru_RU/hs/PutData HTTP/1.1" 200 316
2025-01-15 18:35:58,403 django.request WARNING  Not Found: /favicon.ico
2025-01-15 18:36:11,144 django.request WARNING  Not Found: /favicon.ico
2025-01-15 18:36:43,060 django.request WARNING  Not Found: /favicon.ico
2025-01-15 18:37:55,383 django.request WARNING  Not Found: /path-to-your-gif.gif
2025-01-15 18:37:55,473 django.request WARNING  Not Found: /favicon.ico
2025-01-15 18:49:34,675 django.request WARNING  Not Found: /favicon.ico
2025-01-15 18:49:54,627 django.request WARNING  Not Found: /favicon.ico
2025-01-15 18:51:07,575 django.request WARNING  Not Found: /favicon.ico
2025-01-15 18:51:13,289 django.request WARNING  Not Found: /favicon.ico
2025-01-15 18:51:34,254 django.request WARNING  Not Found: /favicon.ico
2025-01-16 09:41:38,701 django.request WARNING  Not Found: /favicon.ico
2025-01-16 10:53:59,341 django.request WARNING  Not Found: /favicon.ico
2025-01-16 11:27:02,299 django.request WARNING  Not Found: /favicon.ico
2025-01-16 11:28:54,093 django.request WARNING  Not Found: /favicon.ico
2025-01-16 11:29:20,909 django.request WARNING  Not Found: /favicon.ico
2025-01-16 11:31:55,177 django.request WARNING  Not Found: /favicon.ico
2025-01-16 11:32:21,405 django.request WARNING  Not Found: /favicon.ico
2025-01-16 11:34:50,001 django.request WARNING  Not Found: /favicon.ico
2025-01-16 11:35:22,738 django.request WARNING  Not Found: /favicon.ico
2025-01-16 11:35:36,808 django.request WARNING  Not Found: /favicon.ico
2025-01-16 11:35:44,518 django.request WARNING  Not Found: /favicon.ico
2025-01-16 11:36:08,939 django.request WARNING  Not Found: /favicon.ico
2025-01-16 11:36:29,548 django.request WARNING  Not Found: /accounts/profile/
2025-01-16 12:15:27,899 django.request ERROR    Internal Server Error: /rnd/contracts/ok/check_goods_in_pg
Traceback (most recent call last):
  File "C:\Users\rhashhanok\PycharmProjects\SLEX_02\.venv\Lib\site-packages\django\core\handlers\exception.py", line 55, in inner
    response = get_response(request)
               ^^^^^^^^^^^^^^^^^^^^^
  File "C:\Users\rhashhanok\PycharmProjects\SLEX_02\.venv\Lib\site-packages\django\core\handlers\base.py", line 197, in _get_response
    response = wrapped_callback(request, *callback_args, **callback_kwargs)
               ^^^^^^^^^^^^^^^^^^^^^^^^^^^^^^^^^^^^^^^^^^^^^^^^^^^^^^^^^^^^
  File "C:\Users\rhashhanok\PycharmProjects\SLEX_02\base_app\views.py", line 95, in show_choice_operation
    return render(request, f'base_app/operations.html', context=context)
           ^^^^^^^^^^^^^^^^^^^^^^^^^^^^^^^^^^^^^^^^^^^^^^^^^^^^^^^^^^^^^
  File "C:\Users\rhashhanok\PycharmProjects\SLEX_02\.venv\Lib\site-packages\django\shortcuts.py", line 25, in render
    content = loader.render_to_string(template_name, context, request, using=using)
              ^^^^^^^^^^^^^^^^^^^^^^^^^^^^^^^^^^^^^^^^^^^^^^^^^^^^^^^^^^^^^^^^^^^^^
  File "C:\Users\rhashhanok\PycharmProjects\SLEX_02\.venv\Lib\site-packages\django\template\loader.py", line 62, in render_to_string
    return template.render(context, request)
           ^^^^^^^^^^^^^^^^^^^^^^^^^^^^^^^^^
  File "C:\Users\rhashhanok\PycharmProjects\SLEX_02\.venv\Lib\site-packages\django\template\backends\django.py", line 61, in render
    return self.template.render(context)
           ^^^^^^^^^^^^^^^^^^^^^^^^^^^^^
  File "C:\Users\rhashhanok\PycharmProjects\SLEX_02\.venv\Lib\site-packages\django\template\base.py", line 171, in render
    return self._render(context)
           ^^^^^^^^^^^^^^^^^^^^^
  File "C:\Users\rhashhanok\PycharmProjects\SLEX_02\.venv\Lib\site-packages\django\template\base.py", line 163, in _render
    return self.nodelist.render(context)
           ^^^^^^^^^^^^^^^^^^^^^^^^^^^^^
  File "C:\Users\rhashhanok\PycharmProjects\SLEX_02\.venv\Lib\site-packages\django\template\base.py", line 1000, in render
    return SafeString("".join([node.render_annotated(context) for node in self]))
                               ^^^^^^^^^^^^^^^^^^^^^^^^^^^^^^
  File "C:\Users\rhashhanok\PycharmProjects\SLEX_02\.venv\Lib\site-packages\django\template\base.py", line 961, in render_annotated
    return self.render(context)
           ^^^^^^^^^^^^^^^^^^^^
  File "C:\Users\rhashhanok\PycharmProjects\SLEX_02\.venv\Lib\site-packages\django\template\loader_tags.py", line 159, in render
    return compiled_parent._render(context)
           ^^^^^^^^^^^^^^^^^^^^^^^^^^^^^^^^
  File "C:\Users\rhashhanok\PycharmProjects\SLEX_02\.venv\Lib\site-packages\django\template\base.py", line 163, in _render
    return self.nodelist.render(context)
           ^^^^^^^^^^^^^^^^^^^^^^^^^^^^^
  File "C:\Users\rhashhanok\PycharmProjects\SLEX_02\.venv\Lib\site-packages\django\template\base.py", line 1000, in render
    return SafeString("".join([node.render_annotated(context) for node in self]))
                               ^^^^^^^^^^^^^^^^^^^^^^^^^^^^^^
  File "C:\Users\rhashhanok\PycharmProjects\SLEX_02\.venv\Lib\site-packages\django\template\base.py", line 961, in render_annotated
    return self.render(context)
           ^^^^^^^^^^^^^^^^^^^^
  File "C:\Users\rhashhanok\PycharmProjects\SLEX_02\.venv\Lib\site-packages\django\template\loader_tags.py", line 65, in render
    result = block.nodelist.render(context)
             ^^^^^^^^^^^^^^^^^^^^^^^^^^^^^^
  File "C:\Users\rhashhanok\PycharmProjects\SLEX_02\.venv\Lib\site-packages\django\template\base.py", line 1000, in render
    return SafeString("".join([node.render_annotated(context) for node in self]))
                               ^^^^^^^^^^^^^^^^^^^^^^^^^^^^^^
  File "C:\Users\rhashhanok\PycharmProjects\SLEX_02\.venv\Lib\site-packages\django\template\base.py", line 961, in render_annotated
    return self.render(context)
           ^^^^^^^^^^^^^^^^^^^^
  File "C:\Users\rhashhanok\PycharmProjects\SLEX_02\.venv\Lib\site-packages\django\template\defaulttags.py", line 326, in render
    return nodelist.render(context)
           ^^^^^^^^^^^^^^^^^^^^^^^^
  File "C:\Users\rhashhanok\PycharmProjects\SLEX_02\.venv\Lib\site-packages\django\template\base.py", line 1000, in render
    return SafeString("".join([node.render_annotated(context) for node in self]))
                               ^^^^^^^^^^^^^^^^^^^^^^^^^^^^^^
  File "C:\Users\rhashhanok\PycharmProjects\SLEX_02\.venv\Lib\site-packages\django\template\base.py", line 961, in render_annotated
    return self.render(context)
           ^^^^^^^^^^^^^^^^^^^^
  File "C:\Users\rhashhanok\PycharmProjects\SLEX_02\.venv\Lib\site-packages\django\template\defaulttags.py", line 326, in render
    return nodelist.render(context)
           ^^^^^^^^^^^^^^^^^^^^^^^^
  File "C:\Users\rhashhanok\PycharmProjects\SLEX_02\.venv\Lib\site-packages\django\template\base.py", line 1000, in render
    return SafeString("".join([node.render_annotated(context) for node in self]))
                               ^^^^^^^^^^^^^^^^^^^^^^^^^^^^^^
  File "C:\Users\rhashhanok\PycharmProjects\SLEX_02\.venv\Lib\site-packages\django\template\base.py", line 961, in render_annotated
    return self.render(context)
           ^^^^^^^^^^^^^^^^^^^^
  File "C:\Users\rhashhanok\PycharmProjects\SLEX_02\.venv\Lib\site-packages\django\template\defaulttags.py", line 479, in render
    url = reverse(view_name, args=args, kwargs=kwargs, current_app=current_app)
          ^^^^^^^^^^^^^^^^^^^^^^^^^^^^^^^^^^^^^^^^^^^^^^^^^^^^^^^^^^^^^^^^^^^^^
  File "C:\Users\rhashhanok\PycharmProjects\SLEX_02\.venv\Lib\site-packages\django\urls\base.py", line 88, in reverse
    return resolver._reverse_with_prefix(view, prefix, *args, **kwargs)
           ^^^^^^^^^^^^^^^^^^^^^^^^^^^^^^^^^^^^^^^^^^^^^^^^^^^^^^^^^^^^
  File "C:\Users\rhashhanok\PycharmProjects\SLEX_02\.venv\Lib\site-packages\django\urls\resolvers.py", line 851, in _reverse_with_prefix
    raise NoReverseMatch(msg)
django.urls.exceptions.NoReverseMatch: Reverse for 'event_load_file' with keyword arguments '{'_filial_slug': '', '_contract_slug': '', '_operation_slug': 'check_goods_in_pg'}' not found. 1 pattern(s) tried: ['(?P<_filial_slug>[-a-zA-Z0-9_]+)/contracts/(?P<_contract_slug>[-a-zA-Z0-9_]+)/(?P<_operation_slug>[-a-zA-Z0-9_]+)/load_file\\Z']
2025-01-16 12:15:33,170 django.request ERROR    Internal Server Error: /rnd/contracts/ok/check_goods_in_pg
Traceback (most recent call last):
  File "C:\Users\rhashhanok\PycharmProjects\SLEX_02\.venv\Lib\site-packages\django\core\handlers\exception.py", line 55, in inner
    response = get_response(request)
               ^^^^^^^^^^^^^^^^^^^^^
  File "C:\Users\rhashhanok\PycharmProjects\SLEX_02\.venv\Lib\site-packages\django\core\handlers\base.py", line 197, in _get_response
    response = wrapped_callback(request, *callback_args, **callback_kwargs)
               ^^^^^^^^^^^^^^^^^^^^^^^^^^^^^^^^^^^^^^^^^^^^^^^^^^^^^^^^^^^^
  File "C:\Users\rhashhanok\PycharmProjects\SLEX_02\base_app\views.py", line 95, in show_choice_operation
    return render(request, f'base_app/operations.html', context=context)
           ^^^^^^^^^^^^^^^^^^^^^^^^^^^^^^^^^^^^^^^^^^^^^^^^^^^^^^^^^^^^^
  File "C:\Users\rhashhanok\PycharmProjects\SLEX_02\.venv\Lib\site-packages\django\shortcuts.py", line 25, in render
    content = loader.render_to_string(template_name, context, request, using=using)
              ^^^^^^^^^^^^^^^^^^^^^^^^^^^^^^^^^^^^^^^^^^^^^^^^^^^^^^^^^^^^^^^^^^^^^
  File "C:\Users\rhashhanok\PycharmProjects\SLEX_02\.venv\Lib\site-packages\django\template\loader.py", line 62, in render_to_string
    return template.render(context, request)
           ^^^^^^^^^^^^^^^^^^^^^^^^^^^^^^^^^
  File "C:\Users\rhashhanok\PycharmProjects\SLEX_02\.venv\Lib\site-packages\django\template\backends\django.py", line 61, in render
    return self.template.render(context)
           ^^^^^^^^^^^^^^^^^^^^^^^^^^^^^
  File "C:\Users\rhashhanok\PycharmProjects\SLEX_02\.venv\Lib\site-packages\django\template\base.py", line 171, in render
    return self._render(context)
           ^^^^^^^^^^^^^^^^^^^^^
  File "C:\Users\rhashhanok\PycharmProjects\SLEX_02\.venv\Lib\site-packages\django\template\base.py", line 163, in _render
    return self.nodelist.render(context)
           ^^^^^^^^^^^^^^^^^^^^^^^^^^^^^
  File "C:\Users\rhashhanok\PycharmProjects\SLEX_02\.venv\Lib\site-packages\django\template\base.py", line 1000, in render
    return SafeString("".join([node.render_annotated(context) for node in self]))
                               ^^^^^^^^^^^^^^^^^^^^^^^^^^^^^^
  File "C:\Users\rhashhanok\PycharmProjects\SLEX_02\.venv\Lib\site-packages\django\template\base.py", line 961, in render_annotated
    return self.render(context)
           ^^^^^^^^^^^^^^^^^^^^
  File "C:\Users\rhashhanok\PycharmProjects\SLEX_02\.venv\Lib\site-packages\django\template\loader_tags.py", line 159, in render
    return compiled_parent._render(context)
           ^^^^^^^^^^^^^^^^^^^^^^^^^^^^^^^^
  File "C:\Users\rhashhanok\PycharmProjects\SLEX_02\.venv\Lib\site-packages\django\template\base.py", line 163, in _render
    return self.nodelist.render(context)
           ^^^^^^^^^^^^^^^^^^^^^^^^^^^^^
  File "C:\Users\rhashhanok\PycharmProjects\SLEX_02\.venv\Lib\site-packages\django\template\base.py", line 1000, in render
    return SafeString("".join([node.render_annotated(context) for node in self]))
                               ^^^^^^^^^^^^^^^^^^^^^^^^^^^^^^
  File "C:\Users\rhashhanok\PycharmProjects\SLEX_02\.venv\Lib\site-packages\django\template\base.py", line 961, in render_annotated
    return self.render(context)
           ^^^^^^^^^^^^^^^^^^^^
  File "C:\Users\rhashhanok\PycharmProjects\SLEX_02\.venv\Lib\site-packages\django\template\loader_tags.py", line 65, in render
    result = block.nodelist.render(context)
             ^^^^^^^^^^^^^^^^^^^^^^^^^^^^^^
  File "C:\Users\rhashhanok\PycharmProjects\SLEX_02\.venv\Lib\site-packages\django\template\base.py", line 1000, in render
    return SafeString("".join([node.render_annotated(context) for node in self]))
                               ^^^^^^^^^^^^^^^^^^^^^^^^^^^^^^
  File "C:\Users\rhashhanok\PycharmProjects\SLEX_02\.venv\Lib\site-packages\django\template\base.py", line 961, in render_annotated
    return self.render(context)
           ^^^^^^^^^^^^^^^^^^^^
  File "C:\Users\rhashhanok\PycharmProjects\SLEX_02\.venv\Lib\site-packages\django\template\defaulttags.py", line 326, in render
    return nodelist.render(context)
           ^^^^^^^^^^^^^^^^^^^^^^^^
  File "C:\Users\rhashhanok\PycharmProjects\SLEX_02\.venv\Lib\site-packages\django\template\base.py", line 1000, in render
    return SafeString("".join([node.render_annotated(context) for node in self]))
                               ^^^^^^^^^^^^^^^^^^^^^^^^^^^^^^
  File "C:\Users\rhashhanok\PycharmProjects\SLEX_02\.venv\Lib\site-packages\django\template\base.py", line 961, in render_annotated
    return self.render(context)
           ^^^^^^^^^^^^^^^^^^^^
  File "C:\Users\rhashhanok\PycharmProjects\SLEX_02\.venv\Lib\site-packages\django\template\defaulttags.py", line 326, in render
    return nodelist.render(context)
           ^^^^^^^^^^^^^^^^^^^^^^^^
  File "C:\Users\rhashhanok\PycharmProjects\SLEX_02\.venv\Lib\site-packages\django\template\base.py", line 1000, in render
    return SafeString("".join([node.render_annotated(context) for node in self]))
                               ^^^^^^^^^^^^^^^^^^^^^^^^^^^^^^
  File "C:\Users\rhashhanok\PycharmProjects\SLEX_02\.venv\Lib\site-packages\django\template\base.py", line 961, in render_annotated
    return self.render(context)
           ^^^^^^^^^^^^^^^^^^^^
  File "C:\Users\rhashhanok\PycharmProjects\SLEX_02\.venv\Lib\site-packages\django\template\defaulttags.py", line 479, in render
    url = reverse(view_name, args=args, kwargs=kwargs, current_app=current_app)
          ^^^^^^^^^^^^^^^^^^^^^^^^^^^^^^^^^^^^^^^^^^^^^^^^^^^^^^^^^^^^^^^^^^^^^
  File "C:\Users\rhashhanok\PycharmProjects\SLEX_02\.venv\Lib\site-packages\django\urls\base.py", line 88, in reverse
    return resolver._reverse_with_prefix(view, prefix, *args, **kwargs)
           ^^^^^^^^^^^^^^^^^^^^^^^^^^^^^^^^^^^^^^^^^^^^^^^^^^^^^^^^^^^^
  File "C:\Users\rhashhanok\PycharmProjects\SLEX_02\.venv\Lib\site-packages\django\urls\resolvers.py", line 851, in _reverse_with_prefix
    raise NoReverseMatch(msg)
django.urls.exceptions.NoReverseMatch: Reverse for 'event_load_file' with keyword arguments '{'_filial_slug': '', '_contract_slug': '', '_operation_slug': 'check_goods_in_pg'}' not found. 1 pattern(s) tried: ['(?P<_filial_slug>[-a-zA-Z0-9_]+)/contracts/(?P<_contract_slug>[-a-zA-Z0-9_]+)/(?P<_operation_slug>[-a-zA-Z0-9_]+)/load_file\\Z']
2025-01-16 12:16:31,432 urllib3.connectionpool DEBUG    Starting new HTTP connection (1): 172.172.185.67:80
2025-01-16 12:16:34,802 urllib3.connectionpool DEBUG    http://172.172.185.67:80 "GET /itc_wms/odata/standard.odata//AccumulationRegister_%D0%9E%D1%81%D1%82%D0%B0%D1%82%D0%BA%D0%B8%D0%92%D0%9F%D0%BE%D0%BB%D0%BB%D0%B5%D1%82%D0%B0%D1%85/Balance?$format=json&$expand=%D0%9D%D0%BE%D0%BC%D0%B5%D0%BD%D0%BA%D0%BB%D0%B0%D1%82%D1%83%D1%80%D0%B0/Parent,%20%D0%AF%D1%87%D0%B5%D0%B9%D0%BA%D0%B0%D0%A5%D1%80%D0%B0%D0%BD%D0%B5%D0%BD%D0%B8%D1%8F/%D0%A1%D0%BA%D0%BB%D0%B0%D0%B4,%20%D0%A1%D0%B5%D1%80%D0%B8%D1%8F%D0%9D%D0%BE%D0%BC%D0%B5%D0%BD%D0%BA%D0%BB%D0%B0%D1%82%D1%83%D1%80%D1%8B&$select=%D0%9D%D0%BE%D0%BC%D0%B5%D0%BD%D0%BA%D0%BB%D0%B0%D1%82%D1%83%D1%80%D0%B0/Code,%D0%9D%D0%BE%D0%BC%D0%B5%D0%BD%D0%BA%D0%BB%D0%B0%D1%82%D1%83%D1%80%D0%B0/Description,%D0%9D%D0%BE%D0%BC%D0%B5%D0%BD%D0%BA%D0%BB%D0%B0%D1%82%D1%83%D1%80%D0%B0/%D0%90%D1%80%D1%82%D0%B8%D0%BA%D1%83%D0%BB,%D0%9D%D0%BE%D0%BC%D0%B5%D0%BD%D0%BA%D0%BB%D0%B0%D1%82%D1%83%D1%80%D0%B0/Parent/Description,%D0%9A%D0%BE%D0%BB%D0%B8%D1%87%D0%B5%D1%81%D1%82%D0%B2%D0%BEBalance,%D0%A1%D0%B5%D1%80%D0%B8%D1%8F%D0%9D%D0%BE%D0%BC%D0%B5%D0%BD%D0%BA%D0%BB%D0%B0%D1%82%D1%83%D1%80%D1%8B/%D0%94%D0%B0%D1%82%D0%B0%D0%9F%D1%80%D0%BE%D0%B8%D0%B7%D0%B2%D0%BE%D0%B4%D1%81%D1%82%D0%B2%D0%B0,%D0%A1%D0%B5%D1%80%D0%B8%D1%8F%D0%9D%D0%BE%D0%BC%D0%B5%D0%BD%D0%BA%D0%BB%D0%B0%D1%82%D1%83%D1%80%D1%8B/%D0%93%D0%BE%D0%B4%D0%B5%D0%BD%D0%94%D0%BE,%D0%AF%D1%87%D0%B5%D0%B9%D0%BA%D0%B0%D0%A5%D1%80%D0%B0%D0%BD%D0%B5%D0%BD%D0%B8%D1%8F/%D0%A1%D0%BA%D0%BB%D0%B0%D0%B4/Description&$orderby=%D0%9D%D0%BE%D0%BC%D0%B5%D0%BD%D0%BA%D0%BB%D0%B0%D1%82%D1%83%D1%80%D0%B0/%D0%90%D1%80%D1%82%D0%B8%D0%BA%D1%83%D0%BB&$filter=%D0%9D%D0%BE%D0%BC%D0%B5%D0%BD%D0%BA%D0%BB%D0%B0%D1%82%D1%83%D1%80%D0%B0/Parent/Code%20eq%20'227776' HTTP/1.1" 200 188
2025-01-16 16:41:58,676 django.request WARNING  Not Found: /favicon.ico
2025-01-16 16:42:13,078 urllib3.connectionpool DEBUG    Starting new HTTP connection (1): 172.172.185.67:80
2025-01-16 16:42:18,050 urllib3.connectionpool DEBUG    http://172.172.185.67:80 "POST /krd_itc_wms/ru_RU/hs/PutData HTTP/1.1" 200 371
2025-01-16 16:44:08,036 django.request WARNING  Not Found: /favicon.ico
2025-01-16 16:44:42,977 urllib3.connectionpool DEBUG    Starting new HTTP connection (1): 172.172.185.67:80
2025-01-16 16:44:51,748 urllib3.connectionpool DEBUG    http://172.172.185.67:80 "POST /krd_itc_wms/ru_RU/hs/PutData HTTP/1.1" 200 371
2025-01-16 16:50:12,493 django.request WARNING  Not Found: /favicon.ico
2025-01-17 10:38:55,922 django.utils.autoreload INFO     Watching for file changes with StatReloader
2025-01-17 10:38:56,904 django.request WARNING  Not Found: /favicon.ico
2025-01-17 10:39:04,913 django.request ERROR    Internal Server Error: /krd/contracts/kzvs
Traceback (most recent call last):
  File "C:\Users\rhashhanok\PycharmProjects\SLEX_02\.venv\Lib\site-packages\django\core\handlers\exception.py", line 55, in inner
    response = get_response(request)
               ^^^^^^^^^^^^^^^^^^^^^
  File "C:\Users\rhashhanok\PycharmProjects\SLEX_02\.venv\Lib\site-packages\django\core\handlers\base.py", line 197, in _get_response
    response = wrapped_callback(request, *callback_args, **callback_kwargs)
               ^^^^^^^^^^^^^^^^^^^^^^^^^^^^^^^^^^^^^^^^^^^^^^^^^^^^^^^^^^^^
  File "C:\Users\rhashhanok\PycharmProjects\SLEX_02\base_app\views.py", line 87, in show_operations
    context['contract'] = Contracts.objects.get(filial__slug=context['filial'].slug, slug=kwargs['_contract_slug'])
                          ^^^^^^^^^^^^^^^^^^^^^^^^^^^^^^^^^^^^^^^^^^^^^^^^^^^^^^^^^^^^^^^^^^^^^^^^^^^^^^^^^^^^^^^^^
  File "C:\Users\rhashhanok\PycharmProjects\SLEX_02\.venv\Lib\site-packages\django\db\models\manager.py", line 87, in manager_method
    return getattr(self.get_queryset(), name)(*args, **kwargs)
           ^^^^^^^^^^^^^^^^^^^^^^^^^^^^^^^^^^^^^^^^^^^^^^^^^^^
  File "C:\Users\rhashhanok\PycharmProjects\SLEX_02\.venv\Lib\site-packages\django\db\models\query.py", line 649, in get
    raise self.model.DoesNotExist(
base_app.models.Contracts.DoesNotExist: Contracts matching query does not exist.
2025-01-17 10:39:44,497 django.request ERROR    Internal Server Error: /rnd/contracts/zelandiya_rnd/comparison_stock_ka
Traceback (most recent call last):
  File "C:\Users\rhashhanok\PycharmProjects\SLEX_02\.venv\Lib\site-packages\django\core\handlers\exception.py", line 55, in inner
    response = get_response(request)
               ^^^^^^^^^^^^^^^^^^^^^
  File "C:\Users\rhashhanok\PycharmProjects\SLEX_02\.venv\Lib\site-packages\django\core\handlers\base.py", line 197, in _get_response
    response = wrapped_callback(request, *callback_args, **callback_kwargs)
               ^^^^^^^^^^^^^^^^^^^^^^^^^^^^^^^^^^^^^^^^^^^^^^^^^^^^^^^^^^^^
  File "C:\Users\rhashhanok\PycharmProjects\SLEX_02\base_app\views.py", line 95, in show_choice_operation
    return render(request, f'base_app/operations.html', context=context)
           ^^^^^^^^^^^^^^^^^^^^^^^^^^^^^^^^^^^^^^^^^^^^^^^^^^^^^^^^^^^^^
  File "C:\Users\rhashhanok\PycharmProjects\SLEX_02\.venv\Lib\site-packages\django\shortcuts.py", line 25, in render
    content = loader.render_to_string(template_name, context, request, using=using)
              ^^^^^^^^^^^^^^^^^^^^^^^^^^^^^^^^^^^^^^^^^^^^^^^^^^^^^^^^^^^^^^^^^^^^^
  File "C:\Users\rhashhanok\PycharmProjects\SLEX_02\.venv\Lib\site-packages\django\template\loader.py", line 62, in render_to_string
    return template.render(context, request)
           ^^^^^^^^^^^^^^^^^^^^^^^^^^^^^^^^^
  File "C:\Users\rhashhanok\PycharmProjects\SLEX_02\.venv\Lib\site-packages\django\template\backends\django.py", line 61, in render
    return self.template.render(context)
           ^^^^^^^^^^^^^^^^^^^^^^^^^^^^^
  File "C:\Users\rhashhanok\PycharmProjects\SLEX_02\.venv\Lib\site-packages\django\template\base.py", line 171, in render
    return self._render(context)
           ^^^^^^^^^^^^^^^^^^^^^
  File "C:\Users\rhashhanok\PycharmProjects\SLEX_02\.venv\Lib\site-packages\django\template\base.py", line 163, in _render
    return self.nodelist.render(context)
           ^^^^^^^^^^^^^^^^^^^^^^^^^^^^^
  File "C:\Users\rhashhanok\PycharmProjects\SLEX_02\.venv\Lib\site-packages\django\template\base.py", line 1000, in render
    return SafeString("".join([node.render_annotated(context) for node in self]))
                               ^^^^^^^^^^^^^^^^^^^^^^^^^^^^^^
  File "C:\Users\rhashhanok\PycharmProjects\SLEX_02\.venv\Lib\site-packages\django\template\base.py", line 961, in render_annotated
    return self.render(context)
           ^^^^^^^^^^^^^^^^^^^^
  File "C:\Users\rhashhanok\PycharmProjects\SLEX_02\.venv\Lib\site-packages\django\template\loader_tags.py", line 159, in render
    return compiled_parent._render(context)
           ^^^^^^^^^^^^^^^^^^^^^^^^^^^^^^^^
  File "C:\Users\rhashhanok\PycharmProjects\SLEX_02\.venv\Lib\site-packages\django\template\base.py", line 163, in _render
    return self.nodelist.render(context)
           ^^^^^^^^^^^^^^^^^^^^^^^^^^^^^
  File "C:\Users\rhashhanok\PycharmProjects\SLEX_02\.venv\Lib\site-packages\django\template\base.py", line 1000, in render
    return SafeString("".join([node.render_annotated(context) for node in self]))
                               ^^^^^^^^^^^^^^^^^^^^^^^^^^^^^^
  File "C:\Users\rhashhanok\PycharmProjects\SLEX_02\.venv\Lib\site-packages\django\template\base.py", line 961, in render_annotated
    return self.render(context)
           ^^^^^^^^^^^^^^^^^^^^
  File "C:\Users\rhashhanok\PycharmProjects\SLEX_02\.venv\Lib\site-packages\django\template\loader_tags.py", line 65, in render
    result = block.nodelist.render(context)
             ^^^^^^^^^^^^^^^^^^^^^^^^^^^^^^
  File "C:\Users\rhashhanok\PycharmProjects\SLEX_02\.venv\Lib\site-packages\django\template\base.py", line 1000, in render
    return SafeString("".join([node.render_annotated(context) for node in self]))
                               ^^^^^^^^^^^^^^^^^^^^^^^^^^^^^^
  File "C:\Users\rhashhanok\PycharmProjects\SLEX_02\.venv\Lib\site-packages\django\template\base.py", line 961, in render_annotated
    return self.render(context)
           ^^^^^^^^^^^^^^^^^^^^
  File "C:\Users\rhashhanok\PycharmProjects\SLEX_02\.venv\Lib\site-packages\django\template\defaulttags.py", line 326, in render
    return nodelist.render(context)
           ^^^^^^^^^^^^^^^^^^^^^^^^
  File "C:\Users\rhashhanok\PycharmProjects\SLEX_02\.venv\Lib\site-packages\django\template\base.py", line 1000, in render
    return SafeString("".join([node.render_annotated(context) for node in self]))
                               ^^^^^^^^^^^^^^^^^^^^^^^^^^^^^^
  File "C:\Users\rhashhanok\PycharmProjects\SLEX_02\.venv\Lib\site-packages\django\template\base.py", line 961, in render_annotated
    return self.render(context)
           ^^^^^^^^^^^^^^^^^^^^
  File "C:\Users\rhashhanok\PycharmProjects\SLEX_02\.venv\Lib\site-packages\django\template\defaulttags.py", line 326, in render
    return nodelist.render(context)
           ^^^^^^^^^^^^^^^^^^^^^^^^
  File "C:\Users\rhashhanok\PycharmProjects\SLEX_02\.venv\Lib\site-packages\django\template\base.py", line 1000, in render
    return SafeString("".join([node.render_annotated(context) for node in self]))
                               ^^^^^^^^^^^^^^^^^^^^^^^^^^^^^^
  File "C:\Users\rhashhanok\PycharmProjects\SLEX_02\.venv\Lib\site-packages\django\template\base.py", line 961, in render_annotated
    return self.render(context)
           ^^^^^^^^^^^^^^^^^^^^
  File "C:\Users\rhashhanok\PycharmProjects\SLEX_02\.venv\Lib\site-packages\django\template\defaulttags.py", line 479, in render
    url = reverse(view_name, args=args, kwargs=kwargs, current_app=current_app)
          ^^^^^^^^^^^^^^^^^^^^^^^^^^^^^^^^^^^^^^^^^^^^^^^^^^^^^^^^^^^^^^^^^^^^^
  File "C:\Users\rhashhanok\PycharmProjects\SLEX_02\.venv\Lib\site-packages\django\urls\base.py", line 88, in reverse
    return resolver._reverse_with_prefix(view, prefix, *args, **kwargs)
           ^^^^^^^^^^^^^^^^^^^^^^^^^^^^^^^^^^^^^^^^^^^^^^^^^^^^^^^^^^^^
  File "C:\Users\rhashhanok\PycharmProjects\SLEX_02\.venv\Lib\site-packages\django\urls\resolvers.py", line 851, in _reverse_with_prefix
    raise NoReverseMatch(msg)
django.urls.exceptions.NoReverseMatch: Reverse for 'event_load_file' with keyword arguments '{'_filial_slug': '', '_contract_slug': '', '_operation_slug': 'comparison_stock_ka'}' not found. 1 pattern(s) tried: ['(?P<_filial_slug>[-a-zA-Z0-9_]+)/contracts/(?P<_contract_slug>[-a-zA-Z0-9_]+)/(?P<_operation_slug>[-a-zA-Z0-9_]+)/load_file\\Z']
2025-01-17 10:40:12,421 urllib3.connectionpool DEBUG    Starting new HTTP connection (1): 172.172.185.67:80
2025-01-17 10:40:15,973 urllib3.connectionpool DEBUG    http://172.172.185.67:80 "GET /itc_wms/odata/standard.odata//AccumulationRegister_%D0%9E%D1%81%D1%82%D0%B0%D1%82%D0%BA%D0%B8%D0%92%D0%9F%D0%BE%D0%BB%D0%BB%D0%B5%D1%82%D0%B0%D1%85/Balance?$format=json&$expand=%D0%9D%D0%BE%D0%BC%D0%B5%D0%BD%D0%BA%D0%BB%D0%B0%D1%82%D1%83%D1%80%D0%B0/Parent,%20%D0%AF%D1%87%D0%B5%D0%B9%D0%BA%D0%B0%D0%A5%D1%80%D0%B0%D0%BD%D0%B5%D0%BD%D0%B8%D1%8F/%D0%A1%D0%BA%D0%BB%D0%B0%D0%B4,%20%D0%A1%D0%B5%D1%80%D0%B8%D1%8F%D0%9D%D0%BE%D0%BC%D0%B5%D0%BD%D0%BA%D0%BB%D0%B0%D1%82%D1%83%D1%80%D1%8B&$select=%D0%9D%D0%BE%D0%BC%D0%B5%D0%BD%D0%BA%D0%BB%D0%B0%D1%82%D1%83%D1%80%D0%B0/Code,%D0%9D%D0%BE%D0%BC%D0%B5%D0%BD%D0%BA%D0%BB%D0%B0%D1%82%D1%83%D1%80%D0%B0/Description,%D0%9D%D0%BE%D0%BC%D0%B5%D0%BD%D0%BA%D0%BB%D0%B0%D1%82%D1%83%D1%80%D0%B0/%D0%90%D1%80%D1%82%D0%B8%D0%BA%D1%83%D0%BB,%D0%9D%D0%BE%D0%BC%D0%B5%D0%BD%D0%BA%D0%BB%D0%B0%D1%82%D1%83%D1%80%D0%B0/Parent/Description,%D0%9A%D0%BE%D0%BB%D0%B8%D1%87%D0%B5%D1%81%D1%82%D0%B2%D0%BEBalance,%D0%A1%D0%B5%D1%80%D0%B8%D1%8F%D0%9D%D0%BE%D0%BC%D0%B5%D0%BD%D0%BA%D0%BB%D0%B0%D1%82%D1%83%D1%80%D1%8B/%D0%94%D0%B0%D1%82%D0%B0%D0%9F%D1%80%D0%BE%D0%B8%D0%B7%D0%B2%D0%BE%D0%B4%D1%81%D1%82%D0%B2%D0%B0,%D0%A1%D0%B5%D1%80%D0%B8%D1%8F%D0%9D%D0%BE%D0%BC%D0%B5%D0%BD%D0%BA%D0%BB%D0%B0%D1%82%D1%83%D1%80%D1%8B/%D0%93%D0%BE%D0%B4%D0%B5%D0%BD%D0%94%D0%BE,%D0%AF%D1%87%D0%B5%D0%B9%D0%BA%D0%B0%D0%A5%D1%80%D0%B0%D0%BD%D0%B5%D0%BD%D0%B8%D1%8F/%D0%A1%D0%BA%D0%BB%D0%B0%D0%B4/Description&$orderby=%D0%9D%D0%BE%D0%BC%D0%B5%D0%BD%D0%BA%D0%BB%D0%B0%D1%82%D1%83%D1%80%D0%B0/%D0%90%D1%80%D1%82%D0%B8%D0%BA%D1%83%D0%BB&$filter=%D0%9D%D0%BE%D0%BC%D0%B5%D0%BD%D0%BA%D0%BB%D0%B0%D1%82%D1%83%D1%80%D0%B0/Parent/Code%20eq%20'304903' HTTP/1.1" 200 102078
2025-01-17 11:05:39,259 django.request WARNING  Not Found: /favicon.ico
2025-01-17 11:05:44,395 urllib3.connectionpool DEBUG    Starting new HTTP connection (1): 172.172.185.67:80
2025-01-17 11:05:47,876 urllib3.connectionpool DEBUG    http://172.172.185.67:80 "GET /itc_wms/odata/standard.odata//AccumulationRegister_%D0%9E%D1%81%D1%82%D0%B0%D1%82%D0%BA%D0%B8%D0%92%D0%9F%D0%BE%D0%BB%D0%BB%D0%B5%D1%82%D0%B0%D1%85/Balance?$format=json&$expand=%D0%9D%D0%BE%D0%BC%D0%B5%D0%BD%D0%BA%D0%BB%D0%B0%D1%82%D1%83%D1%80%D0%B0/Parent,%20%D0%AF%D1%87%D0%B5%D0%B9%D0%BA%D0%B0%D0%A5%D1%80%D0%B0%D0%BD%D0%B5%D0%BD%D0%B8%D1%8F/%D0%A1%D0%BA%D0%BB%D0%B0%D0%B4,%20%D0%A1%D0%B5%D1%80%D0%B8%D1%8F%D0%9D%D0%BE%D0%BC%D0%B5%D0%BD%D0%BA%D0%BB%D0%B0%D1%82%D1%83%D1%80%D1%8B&$select=%D0%9D%D0%BE%D0%BC%D0%B5%D0%BD%D0%BA%D0%BB%D0%B0%D1%82%D1%83%D1%80%D0%B0/Code,%D0%9D%D0%BE%D0%BC%D0%B5%D0%BD%D0%BA%D0%BB%D0%B0%D1%82%D1%83%D1%80%D0%B0/Description,%D0%9D%D0%BE%D0%BC%D0%B5%D0%BD%D0%BA%D0%BB%D0%B0%D1%82%D1%83%D1%80%D0%B0/%D0%90%D1%80%D1%82%D0%B8%D0%BA%D1%83%D0%BB,%D0%9D%D0%BE%D0%BC%D0%B5%D0%BD%D0%BA%D0%BB%D0%B0%D1%82%D1%83%D1%80%D0%B0/Parent/Description,%D0%9A%D0%BE%D0%BB%D0%B8%D1%87%D0%B5%D1%81%D1%82%D0%B2%D0%BEBalance,%D0%A1%D0%B5%D1%80%D0%B8%D1%8F%D0%9D%D0%BE%D0%BC%D0%B5%D0%BD%D0%BA%D0%BB%D0%B0%D1%82%D1%83%D1%80%D1%8B/%D0%94%D0%B0%D1%82%D0%B0%D0%9F%D1%80%D0%BE%D0%B8%D0%B7%D0%B2%D0%BE%D0%B4%D1%81%D1%82%D0%B2%D0%B0,%D0%A1%D0%B5%D1%80%D0%B8%D1%8F%D0%9D%D0%BE%D0%BC%D0%B5%D0%BD%D0%BA%D0%BB%D0%B0%D1%82%D1%83%D1%80%D1%8B/%D0%93%D0%BE%D0%B4%D0%B5%D0%BD%D0%94%D0%BE,%D0%AF%D1%87%D0%B5%D0%B9%D0%BA%D0%B0%D0%A5%D1%80%D0%B0%D0%BD%D0%B5%D0%BD%D0%B8%D1%8F/%D0%A1%D0%BA%D0%BB%D0%B0%D0%B4/Description&$orderby=%D0%9D%D0%BE%D0%BC%D0%B5%D0%BD%D0%BA%D0%BB%D0%B0%D1%82%D1%83%D1%80%D0%B0/%D0%90%D1%80%D1%82%D0%B8%D0%BA%D1%83%D0%BB&$filter=%D0%9D%D0%BE%D0%BC%D0%B5%D0%BD%D0%BA%D0%BB%D0%B0%D1%82%D1%83%D1%80%D0%B0/Parent/Code%20eq%20'304903' HTTP/1.1" 200 102078
2025-01-17 11:40:05,261 urllib3.connectionpool DEBUG    Starting new HTTP connection (1): 172.172.185.67:80
2025-01-17 11:40:08,809 urllib3.connectionpool DEBUG    http://172.172.185.67:80 "GET /krd_itc_wms/odata/standard.odata//AccumulationRegister_%D0%9E%D1%81%D1%82%D0%B0%D1%82%D0%BA%D0%B8%D0%92%D0%9F%D0%BE%D0%BB%D0%BB%D0%B5%D1%82%D0%B0%D1%85/Balance?$format=json&$expand=%D0%9D%D0%BE%D0%BC%D0%B5%D0%BD%D0%BA%D0%BB%D0%B0%D1%82%D1%83%D1%80%D0%B0/Parent,%20%D0%AF%D1%87%D0%B5%D0%B9%D0%BA%D0%B0%D0%A5%D1%80%D0%B0%D0%BD%D0%B5%D0%BD%D0%B8%D1%8F/%D0%A1%D0%BA%D0%BB%D0%B0%D0%B4,%20%D0%A1%D0%B5%D1%80%D0%B8%D1%8F%D0%9D%D0%BE%D0%BC%D0%B5%D0%BD%D0%BA%D0%BB%D0%B0%D1%82%D1%83%D1%80%D1%8B&$select=%D0%9D%D0%BE%D0%BC%D0%B5%D0%BD%D0%BA%D0%BB%D0%B0%D1%82%D1%83%D1%80%D0%B0/Code,%D0%9D%D0%BE%D0%BC%D0%B5%D0%BD%D0%BA%D0%BB%D0%B0%D1%82%D1%83%D1%80%D0%B0/Description,%D0%9D%D0%BE%D0%BC%D0%B5%D0%BD%D0%BA%D0%BB%D0%B0%D1%82%D1%83%D1%80%D0%B0/%D0%90%D1%80%D1%82%D0%B8%D0%BA%D1%83%D0%BB,%D0%9D%D0%BE%D0%BC%D0%B5%D0%BD%D0%BA%D0%BB%D0%B0%D1%82%D1%83%D1%80%D0%B0/Parent/Description,%D0%9A%D0%BE%D0%BB%D0%B8%D1%87%D0%B5%D1%81%D1%82%D0%B2%D0%BEBalance,%D0%A1%D0%B5%D1%80%D0%B8%D1%8F%D0%9D%D0%BE%D0%BC%D0%B5%D0%BD%D0%BA%D0%BB%D0%B0%D1%82%D1%83%D1%80%D1%8B/%D0%94%D0%B0%D1%82%D0%B0%D0%9F%D1%80%D0%BE%D0%B8%D0%B7%D0%B2%D0%BE%D0%B4%D1%81%D1%82%D0%B2%D0%B0,%D0%A1%D0%B5%D1%80%D0%B8%D1%8F%D0%9D%D0%BE%D0%BC%D0%B5%D0%BD%D0%BA%D0%BB%D0%B0%D1%82%D1%83%D1%80%D1%8B/%D0%93%D0%BE%D0%B4%D0%B5%D0%BD%D0%94%D0%BE,%D0%AF%D1%87%D0%B5%D0%B9%D0%BA%D0%B0%D0%A5%D1%80%D0%B0%D0%BD%D0%B5%D0%BD%D0%B8%D1%8F/%D0%A1%D0%BA%D0%BB%D0%B0%D0%B4/Description&$orderby=%D0%9D%D0%BE%D0%BC%D0%B5%D0%BD%D0%BA%D0%BB%D0%B0%D1%82%D1%83%D1%80%D0%B0/%D0%90%D1%80%D1%82%D0%B8%D0%BA%D1%83%D0%BB&$filter=%D0%9D%D0%BE%D0%BC%D0%B5%D0%BD%D0%BA%D0%BB%D0%B0%D1%82%D1%83%D1%80%D0%B0/Parent/Code%20eq%20'381937' HTTP/1.1" 200 192
2025-01-17 11:40:09,039 django.request ERROR    Internal Server Error: /krd/contracts/konditery-kubani/comparison-stock/load_stocks
Traceback (most recent call last):
  File "C:\Users\rhashhanok\PycharmProjects\SLEX_02\.venv\Lib\site-packages\django\core\handlers\exception.py", line 55, in inner
    response = get_response(request)
               ^^^^^^^^^^^^^^^^^^^^^
  File "C:\Users\rhashhanok\PycharmProjects\SLEX_02\.venv\Lib\site-packages\django\core\handlers\base.py", line 197, in _get_response
    response = wrapped_callback(request, *callback_args, **callback_kwargs)
               ^^^^^^^^^^^^^^^^^^^^^^^^^^^^^^^^^^^^^^^^^^^^^^^^^^^^^^^^^^^^
  File "C:\Users\rhashhanok\PycharmProjects\SLEX_02\base_app\views.py", line 182, in event_load_stock
    context['result'] = comparison_stock(_contract=context['contract'], __file_pg_stock=__file_pg_stock,
                        ^^^^^^^^^^^^^^^^^^^^^^^^^^^^^^^^^^^^^^^^^^^^^^^^^^^^^^^^^^^^^^^^^^^^^^^^^^^^^^^^
  File "C:\Users\rhashhanok\PycharmProjects\SLEX_02\base_app\utils.py", line 30, in comparison_stock
    __df_wms_stock_by = __df_wms_stock.groupby(['Артикул', 'КодТовара', 'Наименование'])[
                        ^^^^^^^^^^^^^^^^^^^^^^^^^^^^^^^^^^^^^^^^^^^^^^^^^^^^^^^^^^^^^^^^
  File "C:\Users\rhashhanok\PycharmProjects\SLEX_02\.venv\Lib\site-packages\pandas\core\frame.py", line 9183, in groupby
    return DataFrameGroupBy(
           ^^^^^^^^^^^^^^^^^
  File "C:\Users\rhashhanok\PycharmProjects\SLEX_02\.venv\Lib\site-packages\pandas\core\groupby\groupby.py", line 1329, in __init__
    grouper, exclusions, obj = get_grouper(
                               ^^^^^^^^^^^^
  File "C:\Users\rhashhanok\PycharmProjects\SLEX_02\.venv\Lib\site-packages\pandas\core\groupby\grouper.py", line 1043, in get_grouper
    raise KeyError(gpr)
KeyError: 'Артикул'
2025-01-17 11:40:21,728 urllib3.connectionpool DEBUG    Starting new HTTP connection (1): 172.172.185.67:80
2025-01-17 11:40:22,313 urllib3.connectionpool DEBUG    http://172.172.185.67:80 "GET /krd_itc_wms/odata/standard.odata//AccumulationRegister_%D0%9E%D1%81%D1%82%D0%B0%D1%82%D0%BA%D0%B8%D0%92%D0%9F%D0%BE%D0%BB%D0%BB%D0%B5%D1%82%D0%B0%D1%85/Balance?$format=json&$expand=%D0%9D%D0%BE%D0%BC%D0%B5%D0%BD%D0%BA%D0%BB%D0%B0%D1%82%D1%83%D1%80%D0%B0/Parent,%20%D0%AF%D1%87%D0%B5%D0%B9%D0%BA%D0%B0%D0%A5%D1%80%D0%B0%D0%BD%D0%B5%D0%BD%D0%B8%D1%8F/%D0%A1%D0%BA%D0%BB%D0%B0%D0%B4,%20%D0%A1%D0%B5%D1%80%D0%B8%D1%8F%D0%9D%D0%BE%D0%BC%D0%B5%D0%BD%D0%BA%D0%BB%D0%B0%D1%82%D1%83%D1%80%D1%8B&$select=%D0%9D%D0%BE%D0%BC%D0%B5%D0%BD%D0%BA%D0%BB%D0%B0%D1%82%D1%83%D1%80%D0%B0/Code,%D0%9D%D0%BE%D0%BC%D0%B5%D0%BD%D0%BA%D0%BB%D0%B0%D1%82%D1%83%D1%80%D0%B0/Description,%D0%9D%D0%BE%D0%BC%D0%B5%D0%BD%D0%BA%D0%BB%D0%B0%D1%82%D1%83%D1%80%D0%B0/%D0%90%D1%80%D1%82%D0%B8%D0%BA%D1%83%D0%BB,%D0%9D%D0%BE%D0%BC%D0%B5%D0%BD%D0%BA%D0%BB%D0%B0%D1%82%D1%83%D1%80%D0%B0/Parent/Description,%D0%9A%D0%BE%D0%BB%D0%B8%D1%87%D0%B5%D1%81%D1%82%D0%B2%D0%BEBalance,%D0%A1%D0%B5%D1%80%D0%B8%D1%8F%D0%9D%D0%BE%D0%BC%D0%B5%D0%BD%D0%BA%D0%BB%D0%B0%D1%82%D1%83%D1%80%D1%8B/%D0%94%D0%B0%D1%82%D0%B0%D0%9F%D1%80%D0%BE%D0%B8%D0%B7%D0%B2%D0%BE%D0%B4%D1%81%D1%82%D0%B2%D0%B0,%D0%A1%D0%B5%D1%80%D0%B8%D1%8F%D0%9D%D0%BE%D0%BC%D0%B5%D0%BD%D0%BA%D0%BB%D0%B0%D1%82%D1%83%D1%80%D1%8B/%D0%93%D0%BE%D0%B4%D0%B5%D0%BD%D0%94%D0%BE,%D0%AF%D1%87%D0%B5%D0%B9%D0%BA%D0%B0%D0%A5%D1%80%D0%B0%D0%BD%D0%B5%D0%BD%D0%B8%D1%8F/%D0%A1%D0%BA%D0%BB%D0%B0%D0%B4/Description&$orderby=%D0%9D%D0%BE%D0%BC%D0%B5%D0%BD%D0%BA%D0%BB%D0%B0%D1%82%D1%83%D1%80%D0%B0/%D0%90%D1%80%D1%82%D0%B8%D0%BA%D1%83%D0%BB&$filter=%D0%9D%D0%BE%D0%BC%D0%B5%D0%BD%D0%BA%D0%BB%D0%B0%D1%82%D1%83%D1%80%D0%B0/Parent/Code%20eq%20'356959' HTTP/1.1" 200 27775
2025-01-17 11:40:45,365 urllib3.connectionpool DEBUG    Starting new HTTP connection (1): 172.172.185.67:80
2025-01-17 11:40:49,178 urllib3.connectionpool DEBUG    http://172.172.185.67:80 "GET /krd_itc_wms/odata/standard.odata//AccumulationRegister_%D0%9E%D1%81%D1%82%D0%B0%D1%82%D0%BA%D0%B8%D0%92%D0%9F%D0%BE%D0%BB%D0%BB%D0%B5%D1%82%D0%B0%D1%85/Balance?$format=json&$expand=%D0%9D%D0%BE%D0%BC%D0%B5%D0%BD%D0%BA%D0%BB%D0%B0%D1%82%D1%83%D1%80%D0%B0/Parent,%20%D0%AF%D1%87%D0%B5%D0%B9%D0%BA%D0%B0%D0%A5%D1%80%D0%B0%D0%BD%D0%B5%D0%BD%D0%B8%D1%8F/%D0%A1%D0%BA%D0%BB%D0%B0%D0%B4,%20%D0%A1%D0%B5%D1%80%D0%B8%D1%8F%D0%9D%D0%BE%D0%BC%D0%B5%D0%BD%D0%BA%D0%BB%D0%B0%D1%82%D1%83%D1%80%D1%8B&$select=%D0%9D%D0%BE%D0%BC%D0%B5%D0%BD%D0%BA%D0%BB%D0%B0%D1%82%D1%83%D1%80%D0%B0/Code,%D0%9D%D0%BE%D0%BC%D0%B5%D0%BD%D0%BA%D0%BB%D0%B0%D1%82%D1%83%D1%80%D0%B0/Description,%D0%9D%D0%BE%D0%BC%D0%B5%D0%BD%D0%BA%D0%BB%D0%B0%D1%82%D1%83%D1%80%D0%B0/%D0%90%D1%80%D1%82%D0%B8%D0%BA%D1%83%D0%BB,%D0%9D%D0%BE%D0%BC%D0%B5%D0%BD%D0%BA%D0%BB%D0%B0%D1%82%D1%83%D1%80%D0%B0/Parent/Description,%D0%9A%D0%BE%D0%BB%D0%B8%D1%87%D0%B5%D1%81%D1%82%D0%B2%D0%BEBalance,%D0%A1%D0%B5%D1%80%D0%B8%D1%8F%D0%9D%D0%BE%D0%BC%D0%B5%D0%BD%D0%BA%D0%BB%D0%B0%D1%82%D1%83%D1%80%D1%8B/%D0%94%D0%B0%D1%82%D0%B0%D0%9F%D1%80%D0%BE%D0%B8%D0%B7%D0%B2%D0%BE%D0%B4%D1%81%D1%82%D0%B2%D0%B0,%D0%A1%D0%B5%D1%80%D0%B8%D1%8F%D0%9D%D0%BE%D0%BC%D0%B5%D0%BD%D0%BA%D0%BB%D0%B0%D1%82%D1%83%D1%80%D1%8B/%D0%93%D0%BE%D0%B4%D0%B5%D0%BD%D0%94%D0%BE,%D0%AF%D1%87%D0%B5%D0%B9%D0%BA%D0%B0%D0%A5%D1%80%D0%B0%D0%BD%D0%B5%D0%BD%D0%B8%D1%8F/%D0%A1%D0%BA%D0%BB%D0%B0%D0%B4/Description&$orderby=%D0%9D%D0%BE%D0%BC%D0%B5%D0%BD%D0%BA%D0%BB%D0%B0%D1%82%D1%83%D1%80%D0%B0/%D0%90%D1%80%D1%82%D0%B8%D0%BA%D1%83%D0%BB&$filter=%D0%9D%D0%BE%D0%BC%D0%B5%D0%BD%D0%BA%D0%BB%D0%B0%D1%82%D1%83%D1%80%D0%B0/Parent/Code%20eq%20'391291' HTTP/1.1" 200 339317
2025-01-17 11:41:18,372 urllib3.connectionpool DEBUG    Starting new HTTP connection (1): 172.172.185.67:80
2025-01-17 11:41:19,270 urllib3.connectionpool DEBUG    http://172.172.185.67:80 "GET /krd_itc_wms/odata/standard.odata//AccumulationRegister_%D0%9E%D1%81%D1%82%D0%B0%D1%82%D0%BA%D0%B8%D0%92%D0%9F%D0%BE%D0%BB%D0%BB%D0%B5%D1%82%D0%B0%D1%85/Balance?$format=json&$expand=%D0%9D%D0%BE%D0%BC%D0%B5%D0%BD%D0%BA%D0%BB%D0%B0%D1%82%D1%83%D1%80%D0%B0/Parent,%20%D0%AF%D1%87%D0%B5%D0%B9%D0%BA%D0%B0%D0%A5%D1%80%D0%B0%D0%BD%D0%B5%D0%BD%D0%B8%D1%8F/%D0%A1%D0%BA%D0%BB%D0%B0%D0%B4,%20%D0%A1%D0%B5%D1%80%D0%B8%D1%8F%D0%9D%D0%BE%D0%BC%D0%B5%D0%BD%D0%BA%D0%BB%D0%B0%D1%82%D1%83%D1%80%D1%8B&$select=%D0%9D%D0%BE%D0%BC%D0%B5%D0%BD%D0%BA%D0%BB%D0%B0%D1%82%D1%83%D1%80%D0%B0/Code,%D0%9D%D0%BE%D0%BC%D0%B5%D0%BD%D0%BA%D0%BB%D0%B0%D1%82%D1%83%D1%80%D0%B0/Description,%D0%9D%D0%BE%D0%BC%D0%B5%D0%BD%D0%BA%D0%BB%D0%B0%D1%82%D1%83%D1%80%D0%B0/%D0%90%D1%80%D1%82%D0%B8%D0%BA%D1%83%D0%BB,%D0%9D%D0%BE%D0%BC%D0%B5%D0%BD%D0%BA%D0%BB%D0%B0%D1%82%D1%83%D1%80%D0%B0/Parent/Description,%D0%9A%D0%BE%D0%BB%D0%B8%D1%87%D0%B5%D1%81%D1%82%D0%B2%D0%BEBalance,%D0%A1%D0%B5%D1%80%D0%B8%D1%8F%D0%9D%D0%BE%D0%BC%D0%B5%D0%BD%D0%BA%D0%BB%D0%B0%D1%82%D1%83%D1%80%D1%8B/%D0%94%D0%B0%D1%82%D0%B0%D0%9F%D1%80%D0%BE%D0%B8%D0%B7%D0%B2%D0%BE%D0%B4%D1%81%D1%82%D0%B2%D0%B0,%D0%A1%D0%B5%D1%80%D0%B8%D1%8F%D0%9D%D0%BE%D0%BC%D0%B5%D0%BD%D0%BA%D0%BB%D0%B0%D1%82%D1%83%D1%80%D1%8B/%D0%93%D0%BE%D0%B4%D0%B5%D0%BD%D0%94%D0%BE,%D0%AF%D1%87%D0%B5%D0%B9%D0%BA%D0%B0%D0%A5%D1%80%D0%B0%D0%BD%D0%B5%D0%BD%D0%B8%D1%8F/%D0%A1%D0%BA%D0%BB%D0%B0%D0%B4/Description&$orderby=%D0%9D%D0%BE%D0%BC%D0%B5%D0%BD%D0%BA%D0%BB%D0%B0%D1%82%D1%83%D1%80%D0%B0/%D0%90%D1%80%D1%82%D0%B8%D0%BA%D1%83%D0%BB&$filter=%D0%9D%D0%BE%D0%BC%D0%B5%D0%BD%D0%BA%D0%BB%D0%B0%D1%82%D1%83%D1%80%D0%B0/Parent/Code%20eq%20'391226' HTTP/1.1" 200 199955
2025-01-17 11:41:35,287 urllib3.connectionpool DEBUG    Starting new HTTP connection (1): 172.172.185.67:80
2025-01-17 11:41:35,879 urllib3.connectionpool DEBUG    http://172.172.185.67:80 "GET /krd_itc_wms/odata/standard.odata//AccumulationRegister_%D0%9E%D1%81%D1%82%D0%B0%D1%82%D0%BA%D0%B8%D0%92%D0%9F%D0%BE%D0%BB%D0%BB%D0%B5%D1%82%D0%B0%D1%85/Balance?$format=json&$expand=%D0%9D%D0%BE%D0%BC%D0%B5%D0%BD%D0%BA%D0%BB%D0%B0%D1%82%D1%83%D1%80%D0%B0/Parent,%20%D0%AF%D1%87%D0%B5%D0%B9%D0%BA%D0%B0%D0%A5%D1%80%D0%B0%D0%BD%D0%B5%D0%BD%D0%B8%D1%8F/%D0%A1%D0%BA%D0%BB%D0%B0%D0%B4,%20%D0%A1%D0%B5%D1%80%D0%B8%D1%8F%D0%9D%D0%BE%D0%BC%D0%B5%D0%BD%D0%BA%D0%BB%D0%B0%D1%82%D1%83%D1%80%D1%8B&$select=%D0%9D%D0%BE%D0%BC%D0%B5%D0%BD%D0%BA%D0%BB%D0%B0%D1%82%D1%83%D1%80%D0%B0/Code,%D0%9D%D0%BE%D0%BC%D0%B5%D0%BD%D0%BA%D0%BB%D0%B0%D1%82%D1%83%D1%80%D0%B0/Description,%D0%9D%D0%BE%D0%BC%D0%B5%D0%BD%D0%BA%D0%BB%D0%B0%D1%82%D1%83%D1%80%D0%B0/%D0%90%D1%80%D1%82%D0%B8%D0%BA%D1%83%D0%BB,%D0%9D%D0%BE%D0%BC%D0%B5%D0%BD%D0%BA%D0%BB%D0%B0%D1%82%D1%83%D1%80%D0%B0/Parent/Description,%D0%9A%D0%BE%D0%BB%D0%B8%D1%87%D0%B5%D1%81%D1%82%D0%B2%D0%BEBalance,%D0%A1%D0%B5%D1%80%D0%B8%D1%8F%D0%9D%D0%BE%D0%BC%D0%B5%D0%BD%D0%BA%D0%BB%D0%B0%D1%82%D1%83%D1%80%D1%8B/%D0%94%D0%B0%D1%82%D0%B0%D0%9F%D1%80%D0%BE%D0%B8%D0%B7%D0%B2%D0%BE%D0%B4%D1%81%D1%82%D0%B2%D0%B0,%D0%A1%D0%B5%D1%80%D0%B8%D1%8F%D0%9D%D0%BE%D0%BC%D0%B5%D0%BD%D0%BA%D0%BB%D0%B0%D1%82%D1%83%D1%80%D1%8B/%D0%93%D0%BE%D0%B4%D0%B5%D0%BD%D0%94%D0%BE,%D0%AF%D1%87%D0%B5%D0%B9%D0%BA%D0%B0%D0%A5%D1%80%D0%B0%D0%BD%D0%B5%D0%BD%D0%B8%D1%8F/%D0%A1%D0%BA%D0%BB%D0%B0%D0%B4/Description&$orderby=%D0%9D%D0%BE%D0%BC%D0%B5%D0%BD%D0%BA%D0%BB%D0%B0%D1%82%D1%83%D1%80%D0%B0/%D0%90%D1%80%D1%82%D0%B8%D0%BA%D1%83%D0%BB&$filter=%D0%9D%D0%BE%D0%BC%D0%B5%D0%BD%D0%BA%D0%BB%D0%B0%D1%82%D1%83%D1%80%D0%B0/Parent/Code%20eq%20'1022324' HTTP/1.1" 200 89235
2025-01-17 12:21:15,067 django.request WARNING  Not Found: /favicon.ico
2025-01-17 12:21:23,368 urllib3.connectionpool DEBUG    Starting new HTTP connection (1): 172.172.185.67:80
2025-01-17 12:21:26,869 urllib3.connectionpool DEBUG    http://172.172.185.67:80 "GET /itc_wms/odata/standard.odata//AccumulationRegister_%D0%9E%D1%81%D1%82%D0%B0%D1%82%D0%BA%D0%B8%D0%92%D0%9F%D0%BE%D0%BB%D0%BB%D0%B5%D1%82%D0%B0%D1%85/Balance?$format=json&$expand=%D0%9D%D0%BE%D0%BC%D0%B5%D0%BD%D0%BA%D0%BB%D0%B0%D1%82%D1%83%D1%80%D0%B0/Parent,%20%D0%AF%D1%87%D0%B5%D0%B9%D0%BA%D0%B0%D0%A5%D1%80%D0%B0%D0%BD%D0%B5%D0%BD%D0%B8%D1%8F/%D0%A1%D0%BA%D0%BB%D0%B0%D0%B4,%20%D0%A1%D0%B5%D1%80%D0%B8%D1%8F%D0%9D%D0%BE%D0%BC%D0%B5%D0%BD%D0%BA%D0%BB%D0%B0%D1%82%D1%83%D1%80%D1%8B&$select=%D0%9D%D0%BE%D0%BC%D0%B5%D0%BD%D0%BA%D0%BB%D0%B0%D1%82%D1%83%D1%80%D0%B0/Code,%D0%9D%D0%BE%D0%BC%D0%B5%D0%BD%D0%BA%D0%BB%D0%B0%D1%82%D1%83%D1%80%D0%B0/Description,%D0%9D%D0%BE%D0%BC%D0%B5%D0%BD%D0%BA%D0%BB%D0%B0%D1%82%D1%83%D1%80%D0%B0/%D0%90%D1%80%D1%82%D0%B8%D0%BA%D1%83%D0%BB,%D0%9D%D0%BE%D0%BC%D0%B5%D0%BD%D0%BA%D0%BB%D0%B0%D1%82%D1%83%D1%80%D0%B0/Parent/Description,%D0%9A%D0%BE%D0%BB%D0%B8%D1%87%D0%B5%D1%81%D1%82%D0%B2%D0%BEBalance,%D0%A1%D0%B5%D1%80%D0%B8%D1%8F%D0%9D%D0%BE%D0%BC%D0%B5%D0%BD%D0%BA%D0%BB%D0%B0%D1%82%D1%83%D1%80%D1%8B/%D0%94%D0%B0%D1%82%D0%B0%D0%9F%D1%80%D0%BE%D0%B8%D0%B7%D0%B2%D0%BE%D0%B4%D1%81%D1%82%D0%B2%D0%B0,%D0%A1%D0%B5%D1%80%D0%B8%D1%8F%D0%9D%D0%BE%D0%BC%D0%B5%D0%BD%D0%BA%D0%BB%D0%B0%D1%82%D1%83%D1%80%D1%8B/%D0%93%D0%BE%D0%B4%D0%B5%D0%BD%D0%94%D0%BE,%D0%AF%D1%87%D0%B5%D0%B9%D0%BA%D0%B0%D0%A5%D1%80%D0%B0%D0%BD%D0%B5%D0%BD%D0%B8%D1%8F/%D0%A1%D0%BA%D0%BB%D0%B0%D0%B4/Description&$orderby=%D0%9D%D0%BE%D0%BC%D0%B5%D0%BD%D0%BA%D0%BB%D0%B0%D1%82%D1%83%D1%80%D0%B0/%D0%90%D1%80%D1%82%D0%B8%D0%BA%D1%83%D0%BB&$filter=%D0%9D%D0%BE%D0%BC%D0%B5%D0%BD%D0%BA%D0%BB%D0%B0%D1%82%D1%83%D1%80%D0%B0/Parent/Code%20eq%20'304903' HTTP/1.1" 200 102078
2025-01-17 12:21:35,025 urllib3.connectionpool DEBUG    Starting new HTTP connection (1): 172.172.185.67:80
2025-01-17 12:21:35,500 urllib3.connectionpool DEBUG    http://172.172.185.67:80 "GET /itc_wms/odata/standard.odata//AccumulationRegister_%D0%9E%D1%81%D1%82%D0%B0%D1%82%D0%BA%D0%B8%D0%92%D0%9F%D0%BE%D0%BB%D0%BB%D0%B5%D1%82%D0%B0%D1%85/Balance?$format=json&$expand=%D0%9D%D0%BE%D0%BC%D0%B5%D0%BD%D0%BA%D0%BB%D0%B0%D1%82%D1%83%D1%80%D0%B0/Parent,%20%D0%AF%D1%87%D0%B5%D0%B9%D0%BA%D0%B0%D0%A5%D1%80%D0%B0%D0%BD%D0%B5%D0%BD%D0%B8%D1%8F/%D0%A1%D0%BA%D0%BB%D0%B0%D0%B4,%20%D0%A1%D0%B5%D1%80%D0%B8%D1%8F%D0%9D%D0%BE%D0%BC%D0%B5%D0%BD%D0%BA%D0%BB%D0%B0%D1%82%D1%83%D1%80%D1%8B&$select=%D0%9D%D0%BE%D0%BC%D0%B5%D0%BD%D0%BA%D0%BB%D0%B0%D1%82%D1%83%D1%80%D0%B0/Code,%D0%9D%D0%BE%D0%BC%D0%B5%D0%BD%D0%BA%D0%BB%D0%B0%D1%82%D1%83%D1%80%D0%B0/Description,%D0%9D%D0%BE%D0%BC%D0%B5%D0%BD%D0%BA%D0%BB%D0%B0%D1%82%D1%83%D1%80%D0%B0/%D0%90%D1%80%D1%82%D0%B8%D0%BA%D1%83%D0%BB,%D0%9D%D0%BE%D0%BC%D0%B5%D0%BD%D0%BA%D0%BB%D0%B0%D1%82%D1%83%D1%80%D0%B0/Parent/Description,%D0%9A%D0%BE%D0%BB%D0%B8%D1%87%D0%B5%D1%81%D1%82%D0%B2%D0%BEBalance,%D0%A1%D0%B5%D1%80%D0%B8%D1%8F%D0%9D%D0%BE%D0%BC%D0%B5%D0%BD%D0%BA%D0%BB%D0%B0%D1%82%D1%83%D1%80%D1%8B/%D0%94%D0%B0%D1%82%D0%B0%D0%9F%D1%80%D0%BE%D0%B8%D0%B7%D0%B2%D0%BE%D0%B4%D1%81%D1%82%D0%B2%D0%B0,%D0%A1%D0%B5%D1%80%D0%B8%D1%8F%D0%9D%D0%BE%D0%BC%D0%B5%D0%BD%D0%BA%D0%BB%D0%B0%D1%82%D1%83%D1%80%D1%8B/%D0%93%D0%BE%D0%B4%D0%B5%D0%BD%D0%94%D0%BE,%D0%AF%D1%87%D0%B5%D0%B9%D0%BA%D0%B0%D0%A5%D1%80%D0%B0%D0%BD%D0%B5%D0%BD%D0%B8%D1%8F/%D0%A1%D0%BA%D0%BB%D0%B0%D0%B4/Description&$orderby=%D0%9D%D0%BE%D0%BC%D0%B5%D0%BD%D0%BA%D0%BB%D0%B0%D1%82%D1%83%D1%80%D0%B0/%D0%90%D1%80%D1%82%D0%B8%D0%BA%D1%83%D0%BB&$filter=%D0%9D%D0%BE%D0%BC%D0%B5%D0%BD%D0%BA%D0%BB%D0%B0%D1%82%D1%83%D1%80%D0%B0/Parent/Code%20eq%20'304903' HTTP/1.1" 200 102078
2025-01-17 12:35:45,823 urllib3.connectionpool DEBUG    Starting new HTTP connection (1): 172.172.185.67:80
2025-01-17 12:35:49,337 urllib3.connectionpool DEBUG    http://172.172.185.67:80 "GET /itc_wms/odata/standard.odata//AccumulationRegister_%D0%9E%D1%81%D1%82%D0%B0%D1%82%D0%BA%D0%B8%D0%92%D0%9F%D0%BE%D0%BB%D0%BB%D0%B5%D1%82%D0%B0%D1%85/Balance?$format=json&$expand=%D0%9D%D0%BE%D0%BC%D0%B5%D0%BD%D0%BA%D0%BB%D0%B0%D1%82%D1%83%D1%80%D0%B0/Parent,%20%D0%AF%D1%87%D0%B5%D0%B9%D0%BA%D0%B0%D0%A5%D1%80%D0%B0%D0%BD%D0%B5%D0%BD%D0%B8%D1%8F/%D0%A1%D0%BA%D0%BB%D0%B0%D0%B4,%20%D0%A1%D0%B5%D1%80%D0%B8%D1%8F%D0%9D%D0%BE%D0%BC%D0%B5%D0%BD%D0%BA%D0%BB%D0%B0%D1%82%D1%83%D1%80%D1%8B&$select=%D0%9D%D0%BE%D0%BC%D0%B5%D0%BD%D0%BA%D0%BB%D0%B0%D1%82%D1%83%D1%80%D0%B0/Code,%D0%9D%D0%BE%D0%BC%D0%B5%D0%BD%D0%BA%D0%BB%D0%B0%D1%82%D1%83%D1%80%D0%B0/Description,%D0%9D%D0%BE%D0%BC%D0%B5%D0%BD%D0%BA%D0%BB%D0%B0%D1%82%D1%83%D1%80%D0%B0/%D0%90%D1%80%D1%82%D0%B8%D0%BA%D1%83%D0%BB,%D0%9D%D0%BE%D0%BC%D0%B5%D0%BD%D0%BA%D0%BB%D0%B0%D1%82%D1%83%D1%80%D0%B0/Parent/Description,%D0%9A%D0%BE%D0%BB%D0%B8%D1%87%D0%B5%D1%81%D1%82%D0%B2%D0%BEBalance,%D0%A1%D0%B5%D1%80%D0%B8%D1%8F%D0%9D%D0%BE%D0%BC%D0%B5%D0%BD%D0%BA%D0%BB%D0%B0%D1%82%D1%83%D1%80%D1%8B/%D0%94%D0%B0%D1%82%D0%B0%D0%9F%D1%80%D0%BE%D0%B8%D0%B7%D0%B2%D0%BE%D0%B4%D1%81%D1%82%D0%B2%D0%B0,%D0%A1%D0%B5%D1%80%D0%B8%D1%8F%D0%9D%D0%BE%D0%BC%D0%B5%D0%BD%D0%BA%D0%BB%D0%B0%D1%82%D1%83%D1%80%D1%8B/%D0%93%D0%BE%D0%B4%D0%B5%D0%BD%D0%94%D0%BE,%D0%AF%D1%87%D0%B5%D0%B9%D0%BA%D0%B0%D0%A5%D1%80%D0%B0%D0%BD%D0%B5%D0%BD%D0%B8%D1%8F/%D0%A1%D0%BA%D0%BB%D0%B0%D0%B4/Description&$orderby=%D0%9D%D0%BE%D0%BC%D0%B5%D0%BD%D0%BA%D0%BB%D0%B0%D1%82%D1%83%D1%80%D0%B0/%D0%90%D1%80%D1%82%D0%B8%D0%BA%D1%83%D0%BB&$filter=%D0%9D%D0%BE%D0%BC%D0%B5%D0%BD%D0%BA%D0%BB%D0%B0%D1%82%D1%83%D1%80%D0%B0/Parent/Code%20eq%20'304903' HTTP/1.1" 200 102078
2025-01-17 12:54:45,540 django.request ERROR    Internal Server Error: /rnd/contracts/zelandiya_rnd/comparison_stock_ka/load_file
Traceback (most recent call last):
  File "C:\Users\rhashhanok\PycharmProjects\SLEX_02\.venv\Lib\site-packages\django\utils\datastructures.py", line 84, in __getitem__
    list_ = super().__getitem__(key)
            ^^^^^^^^^^^^^^^^^^^^^^^^
KeyError: 'file'

During handling of the above exception, another exception occurred:

Traceback (most recent call last):
  File "C:\Users\rhashhanok\PycharmProjects\SLEX_02\.venv\Lib\site-packages\django\core\handlers\exception.py", line 55, in inner
    response = get_response(request)
               ^^^^^^^^^^^^^^^^^^^^^
  File "C:\Users\rhashhanok\PycharmProjects\SLEX_02\.venv\Lib\site-packages\django\core\handlers\base.py", line 197, in _get_response
    response = wrapped_callback(request, *callback_args, **callback_kwargs)
               ^^^^^^^^^^^^^^^^^^^^^^^^^^^^^^^^^^^^^^^^^^^^^^^^^^^^^^^^^^^^
  File "C:\Users\rhashhanok\PycharmProjects\SLEX_02\base_app\views.py", line 100, in event_load_file
    _file = request.FILES['file']
            ~~~~~~~~~~~~~^^^^^^^^
  File "C:\Users\rhashhanok\PycharmProjects\SLEX_02\.venv\Lib\site-packages\django\utils\datastructures.py", line 86, in __getitem__
    raise MultiValueDictKeyError(key)
django.utils.datastructures.MultiValueDictKeyError: 'file'
2025-01-17 12:54:52,141 urllib3.connectionpool DEBUG    Starting new HTTP connection (1): 172.172.185.67:80
2025-01-17 12:54:55,683 urllib3.connectionpool DEBUG    http://172.172.185.67:80 "GET /itc_wms/odata/standard.odata//AccumulationRegister_%D0%9E%D1%81%D1%82%D0%B0%D1%82%D0%BA%D0%B8%D0%92%D0%9F%D0%BE%D0%BB%D0%BB%D0%B5%D1%82%D0%B0%D1%85/Balance?$format=json&$expand=%D0%9D%D0%BE%D0%BC%D0%B5%D0%BD%D0%BA%D0%BB%D0%B0%D1%82%D1%83%D1%80%D0%B0/Parent,%20%D0%AF%D1%87%D0%B5%D0%B9%D0%BA%D0%B0%D0%A5%D1%80%D0%B0%D0%BD%D0%B5%D0%BD%D0%B8%D1%8F/%D0%A1%D0%BA%D0%BB%D0%B0%D0%B4,%20%D0%A1%D0%B5%D1%80%D0%B8%D1%8F%D0%9D%D0%BE%D0%BC%D0%B5%D0%BD%D0%BA%D0%BB%D0%B0%D1%82%D1%83%D1%80%D1%8B&$select=%D0%9D%D0%BE%D0%BC%D0%B5%D0%BD%D0%BA%D0%BB%D0%B0%D1%82%D1%83%D1%80%D0%B0/Code,%D0%9D%D0%BE%D0%BC%D0%B5%D0%BD%D0%BA%D0%BB%D0%B0%D1%82%D1%83%D1%80%D0%B0/Description,%D0%9D%D0%BE%D0%BC%D0%B5%D0%BD%D0%BA%D0%BB%D0%B0%D1%82%D1%83%D1%80%D0%B0/%D0%90%D1%80%D1%82%D0%B8%D0%BA%D1%83%D0%BB,%D0%9D%D0%BE%D0%BC%D0%B5%D0%BD%D0%BA%D0%BB%D0%B0%D1%82%D1%83%D1%80%D0%B0/Parent/Description,%D0%9A%D0%BE%D0%BB%D0%B8%D1%87%D0%B5%D1%81%D1%82%D0%B2%D0%BEBalance,%D0%A1%D0%B5%D1%80%D0%B8%D1%8F%D0%9D%D0%BE%D0%BC%D0%B5%D0%BD%D0%BA%D0%BB%D0%B0%D1%82%D1%83%D1%80%D1%8B/%D0%94%D0%B0%D1%82%D0%B0%D0%9F%D1%80%D0%BE%D0%B8%D0%B7%D0%B2%D0%BE%D0%B4%D1%81%D1%82%D0%B2%D0%B0,%D0%A1%D0%B5%D1%80%D0%B8%D1%8F%D0%9D%D0%BE%D0%BC%D0%B5%D0%BD%D0%BA%D0%BB%D0%B0%D1%82%D1%83%D1%80%D1%8B/%D0%93%D0%BE%D0%B4%D0%B5%D0%BD%D0%94%D0%BE,%D0%AF%D1%87%D0%B5%D0%B9%D0%BA%D0%B0%D0%A5%D1%80%D0%B0%D0%BD%D0%B5%D0%BD%D0%B8%D1%8F/%D0%A1%D0%BA%D0%BB%D0%B0%D0%B4/Description&$orderby=%D0%9D%D0%BE%D0%BC%D0%B5%D0%BD%D0%BA%D0%BB%D0%B0%D1%82%D1%83%D1%80%D0%B0/%D0%90%D1%80%D1%82%D0%B8%D0%BA%D1%83%D0%BB&$filter=%D0%9D%D0%BE%D0%BC%D0%B5%D0%BD%D0%BA%D0%BB%D0%B0%D1%82%D1%83%D1%80%D0%B0/Parent/Code%20eq%20'304903' HTTP/1.1" 200 102078
2025-01-17 14:18:22,196 django.request WARNING  Not Found: /favicon.ico
2025-01-17 19:51:41,842 django.request WARNING  Not Found: /favicon.ico
2025-01-17 21:07:33,323 urllib3.connectionpool DEBUG    Starting new HTTP connection (1): 172.172.185.67:80
2025-01-17 21:07:48,086 urllib3.connectionpool DEBUG    http://172.172.185.67:80 "POST /krd_itc_wms/ru_RU/hs/PutData HTTP/1.1" 200 343
2025-01-18 08:00:46,430 django.request WARNING  Not Found: /favicon.ico
2025-01-19 00:25:05,255 urllib3.connectionpool DEBUG    Starting new HTTP connection (1): 172.172.185.67:80
2025-01-19 00:25:09,637 urllib3.connectionpool DEBUG    http://172.172.185.67:80 "GET /krd_itc_wms/odata/standard.odata//AccumulationRegister_%D0%9E%D1%81%D1%82%D0%B0%D1%82%D0%BA%D0%B8%D0%92%D0%9F%D0%BE%D0%BB%D0%BB%D0%B5%D1%82%D0%B0%D1%85/Balance?$format=json&$expand=%D0%9D%D0%BE%D0%BC%D0%B5%D0%BD%D0%BA%D0%BB%D0%B0%D1%82%D1%83%D1%80%D0%B0/Parent,%20%D0%AF%D1%87%D0%B5%D0%B9%D0%BA%D0%B0%D0%A5%D1%80%D0%B0%D0%BD%D0%B5%D0%BD%D0%B8%D1%8F/%D0%A1%D0%BA%D0%BB%D0%B0%D0%B4,%20%D0%A1%D0%B5%D1%80%D0%B8%D1%8F%D0%9D%D0%BE%D0%BC%D0%B5%D0%BD%D0%BA%D0%BB%D0%B0%D1%82%D1%83%D1%80%D1%8B&$select=%D0%9D%D0%BE%D0%BC%D0%B5%D0%BD%D0%BA%D0%BB%D0%B0%D1%82%D1%83%D1%80%D0%B0/Code,%D0%9D%D0%BE%D0%BC%D0%B5%D0%BD%D0%BA%D0%BB%D0%B0%D1%82%D1%83%D1%80%D0%B0/Description,%D0%9D%D0%BE%D0%BC%D0%B5%D0%BD%D0%BA%D0%BB%D0%B0%D1%82%D1%83%D1%80%D0%B0/%D0%90%D1%80%D1%82%D0%B8%D0%BA%D1%83%D0%BB,%D0%9D%D0%BE%D0%BC%D0%B5%D0%BD%D0%BA%D0%BB%D0%B0%D1%82%D1%83%D1%80%D0%B0/Parent/Description,%D0%9A%D0%BE%D0%BB%D0%B8%D1%87%D0%B5%D1%81%D1%82%D0%B2%D0%BEBalance,%D0%A1%D0%B5%D1%80%D0%B8%D1%8F%D0%9D%D0%BE%D0%BC%D0%B5%D0%BD%D0%BA%D0%BB%D0%B0%D1%82%D1%83%D1%80%D1%8B/%D0%94%D0%B0%D1%82%D0%B0%D0%9F%D1%80%D0%BE%D0%B8%D0%B7%D0%B2%D0%BE%D0%B4%D1%81%D1%82%D0%B2%D0%B0,%D0%A1%D0%B5%D1%80%D0%B8%D1%8F%D0%9D%D0%BE%D0%BC%D0%B5%D0%BD%D0%BA%D0%BB%D0%B0%D1%82%D1%83%D1%80%D1%8B/%D0%93%D0%BE%D0%B4%D0%B5%D0%BD%D0%94%D0%BE,%D0%AF%D1%87%D0%B5%D0%B9%D0%BA%D0%B0%D0%A5%D1%80%D0%B0%D0%BD%D0%B5%D0%BD%D0%B8%D1%8F/%D0%A1%D0%BA%D0%BB%D0%B0%D0%B4/Description&$orderby=%D0%9D%D0%BE%D0%BC%D0%B5%D0%BD%D0%BA%D0%BB%D0%B0%D1%82%D1%83%D1%80%D0%B0/%D0%90%D1%80%D1%82%D0%B8%D0%BA%D1%83%D0%BB&$filter=%D0%9D%D0%BE%D0%BC%D0%B5%D0%BD%D0%BA%D0%BB%D0%B0%D1%82%D1%83%D1%80%D0%B0/Parent/Code%20eq%20'304903' HTTP/1.1" 200 154495
2025-01-19 00:25:14,174 urllib3.connectionpool DEBUG    Starting new HTTP connection (1): 172.172.185.67:80
2025-01-19 00:25:14,895 urllib3.connectionpool DEBUG    http://172.172.185.67:80 "GET /krd_itc_wms/odata/standard.odata//AccumulationRegister_%D0%9E%D1%81%D1%82%D0%B0%D1%82%D0%BA%D0%B8%D0%92%D0%9F%D0%BE%D0%BB%D0%BB%D0%B5%D1%82%D0%B0%D1%85/Balance?$format=json&$expand=%D0%9D%D0%BE%D0%BC%D0%B5%D0%BD%D0%BA%D0%BB%D0%B0%D1%82%D1%83%D1%80%D0%B0/Parent,%20%D0%AF%D1%87%D0%B5%D0%B9%D0%BA%D0%B0%D0%A5%D1%80%D0%B0%D0%BD%D0%B5%D0%BD%D0%B8%D1%8F/%D0%A1%D0%BA%D0%BB%D0%B0%D0%B4,%20%D0%A1%D0%B5%D1%80%D0%B8%D1%8F%D0%9D%D0%BE%D0%BC%D0%B5%D0%BD%D0%BA%D0%BB%D0%B0%D1%82%D1%83%D1%80%D1%8B&$select=%D0%9D%D0%BE%D0%BC%D0%B5%D0%BD%D0%BA%D0%BB%D0%B0%D1%82%D1%83%D1%80%D0%B0/Code,%D0%9D%D0%BE%D0%BC%D0%B5%D0%BD%D0%BA%D0%BB%D0%B0%D1%82%D1%83%D1%80%D0%B0/Description,%D0%9D%D0%BE%D0%BC%D0%B5%D0%BD%D0%BA%D0%BB%D0%B0%D1%82%D1%83%D1%80%D0%B0/%D0%90%D1%80%D1%82%D0%B8%D0%BA%D1%83%D0%BB,%D0%9D%D0%BE%D0%BC%D0%B5%D0%BD%D0%BA%D0%BB%D0%B0%D1%82%D1%83%D1%80%D0%B0/Parent/Description,%D0%9A%D0%BE%D0%BB%D0%B8%D1%87%D0%B5%D1%81%D1%82%D0%B2%D0%BEBalance,%D0%A1%D0%B5%D1%80%D0%B8%D1%8F%D0%9D%D0%BE%D0%BC%D0%B5%D0%BD%D0%BA%D0%BB%D0%B0%D1%82%D1%83%D1%80%D1%8B/%D0%94%D0%B0%D1%82%D0%B0%D0%9F%D1%80%D0%BE%D0%B8%D0%B7%D0%B2%D0%BE%D0%B4%D1%81%D1%82%D0%B2%D0%B0,%D0%A1%D0%B5%D1%80%D0%B8%D1%8F%D0%9D%D0%BE%D0%BC%D0%B5%D0%BD%D0%BA%D0%BB%D0%B0%D1%82%D1%83%D1%80%D1%8B/%D0%93%D0%BE%D0%B4%D0%B5%D0%BD%D0%94%D0%BE,%D0%AF%D1%87%D0%B5%D0%B9%D0%BA%D0%B0%D0%A5%D1%80%D0%B0%D0%BD%D0%B5%D0%BD%D0%B8%D1%8F/%D0%A1%D0%BA%D0%BB%D0%B0%D0%B4/Description&$orderby=%D0%9D%D0%BE%D0%BC%D0%B5%D0%BD%D0%BA%D0%BB%D0%B0%D1%82%D1%83%D1%80%D0%B0/%D0%90%D1%80%D1%82%D0%B8%D0%BA%D1%83%D0%BB&$filter=%D0%9D%D0%BE%D0%BC%D0%B5%D0%BD%D0%BA%D0%BB%D0%B0%D1%82%D1%83%D1%80%D0%B0/Parent/Code%20eq%20'304903' HTTP/1.1" 200 154495
2025-01-19 00:25:26,733 urllib3.connectionpool DEBUG    Starting new HTTP connection (1): 172.172.185.67:80
2025-01-19 00:25:27,469 urllib3.connectionpool DEBUG    http://172.172.185.67:80 "GET /krd_itc_wms/odata/standard.odata//AccumulationRegister_%D0%9E%D1%81%D1%82%D0%B0%D1%82%D0%BA%D0%B8%D0%92%D0%9F%D0%BE%D0%BB%D0%BB%D0%B5%D1%82%D0%B0%D1%85/Balance?$format=json&$expand=%D0%9D%D0%BE%D0%BC%D0%B5%D0%BD%D0%BA%D0%BB%D0%B0%D1%82%D1%83%D1%80%D0%B0/Parent,%20%D0%AF%D1%87%D0%B5%D0%B9%D0%BA%D0%B0%D0%A5%D1%80%D0%B0%D0%BD%D0%B5%D0%BD%D0%B8%D1%8F/%D0%A1%D0%BA%D0%BB%D0%B0%D0%B4,%20%D0%A1%D0%B5%D1%80%D0%B8%D1%8F%D0%9D%D0%BE%D0%BC%D0%B5%D0%BD%D0%BA%D0%BB%D0%B0%D1%82%D1%83%D1%80%D1%8B&$select=%D0%9D%D0%BE%D0%BC%D0%B5%D0%BD%D0%BA%D0%BB%D0%B0%D1%82%D1%83%D1%80%D0%B0/Code,%D0%9D%D0%BE%D0%BC%D0%B5%D0%BD%D0%BA%D0%BB%D0%B0%D1%82%D1%83%D1%80%D0%B0/Description,%D0%9D%D0%BE%D0%BC%D0%B5%D0%BD%D0%BA%D0%BB%D0%B0%D1%82%D1%83%D1%80%D0%B0/%D0%90%D1%80%D1%82%D0%B8%D0%BA%D1%83%D0%BB,%D0%9D%D0%BE%D0%BC%D0%B5%D0%BD%D0%BA%D0%BB%D0%B0%D1%82%D1%83%D1%80%D0%B0/Parent/Description,%D0%9A%D0%BE%D0%BB%D0%B8%D1%87%D0%B5%D1%81%D1%82%D0%B2%D0%BEBalance,%D0%A1%D0%B5%D1%80%D0%B8%D1%8F%D0%9D%D0%BE%D0%BC%D0%B5%D0%BD%D0%BA%D0%BB%D0%B0%D1%82%D1%83%D1%80%D1%8B/%D0%94%D0%B0%D1%82%D0%B0%D0%9F%D1%80%D0%BE%D0%B8%D0%B7%D0%B2%D0%BE%D0%B4%D1%81%D1%82%D0%B2%D0%B0,%D0%A1%D0%B5%D1%80%D0%B8%D1%8F%D0%9D%D0%BE%D0%BC%D0%B5%D0%BD%D0%BA%D0%BB%D0%B0%D1%82%D1%83%D1%80%D1%8B/%D0%93%D0%BE%D0%B4%D0%B5%D0%BD%D0%94%D0%BE,%D0%AF%D1%87%D0%B5%D0%B9%D0%BA%D0%B0%D0%A5%D1%80%D0%B0%D0%BD%D0%B5%D0%BD%D0%B8%D1%8F/%D0%A1%D0%BA%D0%BB%D0%B0%D0%B4/Description&$orderby=%D0%9D%D0%BE%D0%BC%D0%B5%D0%BD%D0%BA%D0%BB%D0%B0%D1%82%D1%83%D1%80%D0%B0/%D0%90%D1%80%D1%82%D0%B8%D0%BA%D1%83%D0%BB&$filter=%D0%9D%D0%BE%D0%BC%D0%B5%D0%BD%D0%BA%D0%BB%D0%B0%D1%82%D1%83%D1%80%D0%B0/Parent/Code%20eq%20'304903' HTTP/1.1" 200 154495
2025-01-19 00:27:45,082 urllib3.connectionpool DEBUG    Starting new HTTP connection (1): 172.172.185.67:80
2025-01-19 00:27:45,842 urllib3.connectionpool DEBUG    http://172.172.185.67:80 "GET /krd_itc_wms/odata/standard.odata//AccumulationRegister_%D0%9E%D1%81%D1%82%D0%B0%D1%82%D0%BA%D0%B8%D0%92%D0%9F%D0%BE%D0%BB%D0%BB%D0%B5%D1%82%D0%B0%D1%85/Balance?$format=json&$expand=%D0%9D%D0%BE%D0%BC%D0%B5%D0%BD%D0%BA%D0%BB%D0%B0%D1%82%D1%83%D1%80%D0%B0/Parent,%20%D0%AF%D1%87%D0%B5%D0%B9%D0%BA%D0%B0%D0%A5%D1%80%D0%B0%D0%BD%D0%B5%D0%BD%D0%B8%D1%8F/%D0%A1%D0%BA%D0%BB%D0%B0%D0%B4,%20%D0%A1%D0%B5%D1%80%D0%B8%D1%8F%D0%9D%D0%BE%D0%BC%D0%B5%D0%BD%D0%BA%D0%BB%D0%B0%D1%82%D1%83%D1%80%D1%8B&$select=%D0%9D%D0%BE%D0%BC%D0%B5%D0%BD%D0%BA%D0%BB%D0%B0%D1%82%D1%83%D1%80%D0%B0/Code,%D0%9D%D0%BE%D0%BC%D0%B5%D0%BD%D0%BA%D0%BB%D0%B0%D1%82%D1%83%D1%80%D0%B0/Description,%D0%9D%D0%BE%D0%BC%D0%B5%D0%BD%D0%BA%D0%BB%D0%B0%D1%82%D1%83%D1%80%D0%B0/%D0%90%D1%80%D1%82%D0%B8%D0%BA%D1%83%D0%BB,%D0%9D%D0%BE%D0%BC%D0%B5%D0%BD%D0%BA%D0%BB%D0%B0%D1%82%D1%83%D1%80%D0%B0/Parent/Description,%D0%9A%D0%BE%D0%BB%D0%B8%D1%87%D0%B5%D1%81%D1%82%D0%B2%D0%BEBalance,%D0%A1%D0%B5%D1%80%D0%B8%D1%8F%D0%9D%D0%BE%D0%BC%D0%B5%D0%BD%D0%BA%D0%BB%D0%B0%D1%82%D1%83%D1%80%D1%8B/%D0%94%D0%B0%D1%82%D0%B0%D0%9F%D1%80%D0%BE%D0%B8%D0%B7%D0%B2%D0%BE%D0%B4%D1%81%D1%82%D0%B2%D0%B0,%D0%A1%D0%B5%D1%80%D0%B8%D1%8F%D0%9D%D0%BE%D0%BC%D0%B5%D0%BD%D0%BA%D0%BB%D0%B0%D1%82%D1%83%D1%80%D1%8B/%D0%93%D0%BE%D0%B4%D0%B5%D0%BD%D0%94%D0%BE,%D0%AF%D1%87%D0%B5%D0%B9%D0%BA%D0%B0%D0%A5%D1%80%D0%B0%D0%BD%D0%B5%D0%BD%D0%B8%D1%8F/%D0%A1%D0%BA%D0%BB%D0%B0%D0%B4/Description&$orderby=%D0%9D%D0%BE%D0%BC%D0%B5%D0%BD%D0%BA%D0%BB%D0%B0%D1%82%D1%83%D1%80%D0%B0/%D0%90%D1%80%D1%82%D0%B8%D0%BA%D1%83%D0%BB&$filter=%D0%9D%D0%BE%D0%BC%D0%B5%D0%BD%D0%BA%D0%BB%D0%B0%D1%82%D1%83%D1%80%D0%B0/Parent/Code%20eq%20'304903' HTTP/1.1" 200 154495
2025-01-19 00:28:17,901 urllib3.connectionpool DEBUG    Starting new HTTP connection (1): 172.172.185.67:80
2025-01-19 00:28:21,442 urllib3.connectionpool DEBUG    http://172.172.185.67:80 "GET /itc_wms/odata/standard.odata//AccumulationRegister_%D0%9E%D1%81%D1%82%D0%B0%D1%82%D0%BA%D0%B8%D0%92%D0%9F%D0%BE%D0%BB%D0%BB%D0%B5%D1%82%D0%B0%D1%85/Balance?$format=json&$expand=%D0%9D%D0%BE%D0%BC%D0%B5%D0%BD%D0%BA%D0%BB%D0%B0%D1%82%D1%83%D1%80%D0%B0/Parent,%20%D0%AF%D1%87%D0%B5%D0%B9%D0%BA%D0%B0%D0%A5%D1%80%D0%B0%D0%BD%D0%B5%D0%BD%D0%B8%D1%8F/%D0%A1%D0%BA%D0%BB%D0%B0%D0%B4,%20%D0%A1%D0%B5%D1%80%D0%B8%D1%8F%D0%9D%D0%BE%D0%BC%D0%B5%D0%BD%D0%BA%D0%BB%D0%B0%D1%82%D1%83%D1%80%D1%8B&$select=%D0%9D%D0%BE%D0%BC%D0%B5%D0%BD%D0%BA%D0%BB%D0%B0%D1%82%D1%83%D1%80%D0%B0/Code,%D0%9D%D0%BE%D0%BC%D0%B5%D0%BD%D0%BA%D0%BB%D0%B0%D1%82%D1%83%D1%80%D0%B0/Description,%D0%9D%D0%BE%D0%BC%D0%B5%D0%BD%D0%BA%D0%BB%D0%B0%D1%82%D1%83%D1%80%D0%B0/%D0%90%D1%80%D1%82%D0%B8%D0%BA%D1%83%D0%BB,%D0%9D%D0%BE%D0%BC%D0%B5%D0%BD%D0%BA%D0%BB%D0%B0%D1%82%D1%83%D1%80%D0%B0/Parent/Description,%D0%9A%D0%BE%D0%BB%D0%B8%D1%87%D0%B5%D1%81%D1%82%D0%B2%D0%BEBalance,%D0%A1%D0%B5%D1%80%D0%B8%D1%8F%D0%9D%D0%BE%D0%BC%D0%B5%D0%BD%D0%BA%D0%BB%D0%B0%D1%82%D1%83%D1%80%D1%8B/%D0%94%D0%B0%D1%82%D0%B0%D0%9F%D1%80%D0%BE%D0%B8%D0%B7%D0%B2%D0%BE%D0%B4%D1%81%D1%82%D0%B2%D0%B0,%D0%A1%D0%B5%D1%80%D0%B8%D1%8F%D0%9D%D0%BE%D0%BC%D0%B5%D0%BD%D0%BA%D0%BB%D0%B0%D1%82%D1%83%D1%80%D1%8B/%D0%93%D0%BE%D0%B4%D0%B5%D0%BD%D0%94%D0%BE,%D0%AF%D1%87%D0%B5%D0%B9%D0%BA%D0%B0%D0%A5%D1%80%D0%B0%D0%BD%D0%B5%D0%BD%D0%B8%D1%8F/%D0%A1%D0%BA%D0%BB%D0%B0%D0%B4/Description&$orderby=%D0%9D%D0%BE%D0%BC%D0%B5%D0%BD%D0%BA%D0%BB%D0%B0%D1%82%D1%83%D1%80%D0%B0/%D0%90%D1%80%D1%82%D0%B8%D0%BA%D1%83%D0%BB&$filter=%D0%9D%D0%BE%D0%BC%D0%B5%D0%BD%D0%BA%D0%BB%D0%B0%D1%82%D1%83%D1%80%D0%B0/Parent/Code%20eq%20'304903' HTTP/1.1" 200 124346
2025-01-19 00:28:32,445 urllib3.connectionpool DEBUG    Starting new HTTP connection (1): 172.172.185.67:80
2025-01-19 00:28:32,967 urllib3.connectionpool DEBUG    http://172.172.185.67:80 "GET /itc_wms/odata/standard.odata//AccumulationRegister_%D0%9E%D1%81%D1%82%D0%B0%D1%82%D0%BA%D0%B8%D0%92%D0%9F%D0%BE%D0%BB%D0%BB%D0%B5%D1%82%D0%B0%D1%85/Balance?$format=json&$expand=%D0%9D%D0%BE%D0%BC%D0%B5%D0%BD%D0%BA%D0%BB%D0%B0%D1%82%D1%83%D1%80%D0%B0/Parent,%20%D0%AF%D1%87%D0%B5%D0%B9%D0%BA%D0%B0%D0%A5%D1%80%D0%B0%D0%BD%D0%B5%D0%BD%D0%B8%D1%8F/%D0%A1%D0%BA%D0%BB%D0%B0%D0%B4,%20%D0%A1%D0%B5%D1%80%D0%B8%D1%8F%D0%9D%D0%BE%D0%BC%D0%B5%D0%BD%D0%BA%D0%BB%D0%B0%D1%82%D1%83%D1%80%D1%8B&$select=%D0%9D%D0%BE%D0%BC%D0%B5%D0%BD%D0%BA%D0%BB%D0%B0%D1%82%D1%83%D1%80%D0%B0/Code,%D0%9D%D0%BE%D0%BC%D0%B5%D0%BD%D0%BA%D0%BB%D0%B0%D1%82%D1%83%D1%80%D0%B0/Description,%D0%9D%D0%BE%D0%BC%D0%B5%D0%BD%D0%BA%D0%BB%D0%B0%D1%82%D1%83%D1%80%D0%B0/%D0%90%D1%80%D1%82%D0%B8%D0%BA%D1%83%D0%BB,%D0%9D%D0%BE%D0%BC%D0%B5%D0%BD%D0%BA%D0%BB%D0%B0%D1%82%D1%83%D1%80%D0%B0/Parent/Description,%D0%9A%D0%BE%D0%BB%D0%B8%D1%87%D0%B5%D1%81%D1%82%D0%B2%D0%BEBalance,%D0%A1%D0%B5%D1%80%D0%B8%D1%8F%D0%9D%D0%BE%D0%BC%D0%B5%D0%BD%D0%BA%D0%BB%D0%B0%D1%82%D1%83%D1%80%D1%8B/%D0%94%D0%B0%D1%82%D0%B0%D0%9F%D1%80%D0%BE%D0%B8%D0%B7%D0%B2%D0%BE%D0%B4%D1%81%D1%82%D0%B2%D0%B0,%D0%A1%D0%B5%D1%80%D0%B8%D1%8F%D0%9D%D0%BE%D0%BC%D0%B5%D0%BD%D0%BA%D0%BB%D0%B0%D1%82%D1%83%D1%80%D1%8B/%D0%93%D0%BE%D0%B4%D0%B5%D0%BD%D0%94%D0%BE,%D0%AF%D1%87%D0%B5%D0%B9%D0%BA%D0%B0%D0%A5%D1%80%D0%B0%D0%BD%D0%B5%D0%BD%D0%B8%D1%8F/%D0%A1%D0%BA%D0%BB%D0%B0%D0%B4/Description&$orderby=%D0%9D%D0%BE%D0%BC%D0%B5%D0%BD%D0%BA%D0%BB%D0%B0%D1%82%D1%83%D1%80%D0%B0/%D0%90%D1%80%D1%82%D0%B8%D0%BA%D1%83%D0%BB&$filter=%D0%9D%D0%BE%D0%BC%D0%B5%D0%BD%D0%BA%D0%BB%D0%B0%D1%82%D1%83%D1%80%D0%B0/Parent/Code%20eq%20'304903' HTTP/1.1" 200 124346
2025-01-19 09:26:31,105 django.request WARNING  Not Found: /favicon.ico
2025-01-19 17:34:54,093 urllib3.connectionpool DEBUG    Starting new HTTP connection (1): 172.172.185.67:80
2025-01-19 17:34:54,593 urllib3.connectionpool DEBUG    http://172.172.185.67:80 "GET /itc_wms/odata/standard.odata//AccumulationRegister_%D0%9E%D1%81%D1%82%D0%B0%D1%82%D0%BA%D0%B8%D0%92%D0%9F%D0%BE%D0%BB%D0%BB%D0%B5%D1%82%D0%B0%D1%85/Balance?$format=json&$expand=%D0%9D%D0%BE%D0%BC%D0%B5%D0%BD%D0%BA%D0%BB%D0%B0%D1%82%D1%83%D1%80%D0%B0/Parent,%20%D0%AF%D1%87%D0%B5%D0%B9%D0%BA%D0%B0%D0%A5%D1%80%D0%B0%D0%BD%D0%B5%D0%BD%D0%B8%D1%8F/%D0%A1%D0%BA%D0%BB%D0%B0%D0%B4,%20%D0%A1%D0%B5%D1%80%D0%B8%D1%8F%D0%9D%D0%BE%D0%BC%D0%B5%D0%BD%D0%BA%D0%BB%D0%B0%D1%82%D1%83%D1%80%D1%8B&$select=%D0%9D%D0%BE%D0%BC%D0%B5%D0%BD%D0%BA%D0%BB%D0%B0%D1%82%D1%83%D1%80%D0%B0/Code,%D0%9D%D0%BE%D0%BC%D0%B5%D0%BD%D0%BA%D0%BB%D0%B0%D1%82%D1%83%D1%80%D0%B0/Description,%D0%9D%D0%BE%D0%BC%D0%B5%D0%BD%D0%BA%D0%BB%D0%B0%D1%82%D1%83%D1%80%D0%B0/%D0%90%D1%80%D1%82%D0%B8%D0%BA%D1%83%D0%BB,%D0%9D%D0%BE%D0%BC%D0%B5%D0%BD%D0%BA%D0%BB%D0%B0%D1%82%D1%83%D1%80%D0%B0/Parent/Description,%D0%9A%D0%BE%D0%BB%D0%B8%D1%87%D0%B5%D1%81%D1%82%D0%B2%D0%BEBalance,%D0%A1%D0%B5%D1%80%D0%B8%D1%8F%D0%9D%D0%BE%D0%BC%D0%B5%D0%BD%D0%BA%D0%BB%D0%B0%D1%82%D1%83%D1%80%D1%8B/%D0%94%D0%B0%D1%82%D0%B0%D0%9F%D1%80%D0%BE%D0%B8%D0%B7%D0%B2%D0%BE%D0%B4%D1%81%D1%82%D0%B2%D0%B0,%D0%A1%D0%B5%D1%80%D0%B8%D1%8F%D0%9D%D0%BE%D0%BC%D0%B5%D0%BD%D0%BA%D0%BB%D0%B0%D1%82%D1%83%D1%80%D1%8B/%D0%93%D0%BE%D0%B4%D0%B5%D0%BD%D0%94%D0%BE,%D0%AF%D1%87%D0%B5%D0%B9%D0%BA%D0%B0%D0%A5%D1%80%D0%B0%D0%BD%D0%B5%D0%BD%D0%B8%D1%8F/%D0%A1%D0%BA%D0%BB%D0%B0%D0%B4/Description&$orderby=%D0%9D%D0%BE%D0%BC%D0%B5%D0%BD%D0%BA%D0%BB%D0%B0%D1%82%D1%83%D1%80%D0%B0/%D0%90%D1%80%D1%82%D0%B8%D0%BA%D1%83%D0%BB&$filter=%D0%9D%D0%BE%D0%BC%D0%B5%D0%BD%D0%BA%D0%BB%D0%B0%D1%82%D1%83%D1%80%D0%B0/Parent/Code%20eq%20'304903' HTTP/1.1" 200 124349
2025-01-19 17:35:00,430 urllib3.connectionpool DEBUG    Starting new HTTP connection (1): 172.172.185.67:80
2025-01-19 17:35:00,900 urllib3.connectionpool DEBUG    http://172.172.185.67:80 "GET /itc_wms/odata/standard.odata//AccumulationRegister_%D0%9E%D1%81%D1%82%D0%B0%D1%82%D0%BA%D0%B8%D0%92%D0%9F%D0%BE%D0%BB%D0%BB%D0%B5%D1%82%D0%B0%D1%85/Balance?$format=json&$expand=%D0%9D%D0%BE%D0%BC%D0%B5%D0%BD%D0%BA%D0%BB%D0%B0%D1%82%D1%83%D1%80%D0%B0/Parent,%20%D0%AF%D1%87%D0%B5%D0%B9%D0%BA%D0%B0%D0%A5%D1%80%D0%B0%D0%BD%D0%B5%D0%BD%D0%B8%D1%8F/%D0%A1%D0%BA%D0%BB%D0%B0%D0%B4,%20%D0%A1%D0%B5%D1%80%D0%B8%D1%8F%D0%9D%D0%BE%D0%BC%D0%B5%D0%BD%D0%BA%D0%BB%D0%B0%D1%82%D1%83%D1%80%D1%8B&$select=%D0%9D%D0%BE%D0%BC%D0%B5%D0%BD%D0%BA%D0%BB%D0%B0%D1%82%D1%83%D1%80%D0%B0/Code,%D0%9D%D0%BE%D0%BC%D0%B5%D0%BD%D0%BA%D0%BB%D0%B0%D1%82%D1%83%D1%80%D0%B0/Description,%D0%9D%D0%BE%D0%BC%D0%B5%D0%BD%D0%BA%D0%BB%D0%B0%D1%82%D1%83%D1%80%D0%B0/%D0%90%D1%80%D1%82%D0%B8%D0%BA%D1%83%D0%BB,%D0%9D%D0%BE%D0%BC%D0%B5%D0%BD%D0%BA%D0%BB%D0%B0%D1%82%D1%83%D1%80%D0%B0/Parent/Description,%D0%9A%D0%BE%D0%BB%D0%B8%D1%87%D0%B5%D1%81%D1%82%D0%B2%D0%BEBalance,%D0%A1%D0%B5%D1%80%D0%B8%D1%8F%D0%9D%D0%BE%D0%BC%D0%B5%D0%BD%D0%BA%D0%BB%D0%B0%D1%82%D1%83%D1%80%D1%8B/%D0%94%D0%B0%D1%82%D0%B0%D0%9F%D1%80%D0%BE%D0%B8%D0%B7%D0%B2%D0%BE%D0%B4%D1%81%D1%82%D0%B2%D0%B0,%D0%A1%D0%B5%D1%80%D0%B8%D1%8F%D0%9D%D0%BE%D0%BC%D0%B5%D0%BD%D0%BA%D0%BB%D0%B0%D1%82%D1%83%D1%80%D1%8B/%D0%93%D0%BE%D0%B4%D0%B5%D0%BD%D0%94%D0%BE,%D0%AF%D1%87%D0%B5%D0%B9%D0%BA%D0%B0%D0%A5%D1%80%D0%B0%D0%BD%D0%B5%D0%BD%D0%B8%D1%8F/%D0%A1%D0%BA%D0%BB%D0%B0%D0%B4/Description&$orderby=%D0%9D%D0%BE%D0%BC%D0%B5%D0%BD%D0%BA%D0%BB%D0%B0%D1%82%D1%83%D1%80%D0%B0/%D0%90%D1%80%D1%82%D0%B8%D0%BA%D1%83%D0%BB&$filter=%D0%9D%D0%BE%D0%BC%D0%B5%D0%BD%D0%BA%D0%BB%D0%B0%D1%82%D1%83%D1%80%D0%B0/Parent/Code%20eq%20'304903' HTTP/1.1" 200 124349
2025-01-19 17:38:25,443 urllib3.connectionpool DEBUG    Starting new HTTP connection (1): 172.172.185.67:80
2025-01-19 17:38:28,937 urllib3.connectionpool DEBUG    http://172.172.185.67:80 "GET /itc_wms/odata/standard.odata//AccumulationRegister_%D0%9E%D1%81%D1%82%D0%B0%D1%82%D0%BA%D0%B8%D0%92%D0%9F%D0%BE%D0%BB%D0%BB%D0%B5%D1%82%D0%B0%D1%85/Balance?$format=json&$expand=%D0%9D%D0%BE%D0%BC%D0%B5%D0%BD%D0%BA%D0%BB%D0%B0%D1%82%D1%83%D1%80%D0%B0/Parent,%20%D0%AF%D1%87%D0%B5%D0%B9%D0%BA%D0%B0%D0%A5%D1%80%D0%B0%D0%BD%D0%B5%D0%BD%D0%B8%D1%8F/%D0%A1%D0%BA%D0%BB%D0%B0%D0%B4,%20%D0%A1%D0%B5%D1%80%D0%B8%D1%8F%D0%9D%D0%BE%D0%BC%D0%B5%D0%BD%D0%BA%D0%BB%D0%B0%D1%82%D1%83%D1%80%D1%8B&$select=%D0%9D%D0%BE%D0%BC%D0%B5%D0%BD%D0%BA%D0%BB%D0%B0%D1%82%D1%83%D1%80%D0%B0/Code,%D0%9D%D0%BE%D0%BC%D0%B5%D0%BD%D0%BA%D0%BB%D0%B0%D1%82%D1%83%D1%80%D0%B0/Description,%D0%9D%D0%BE%D0%BC%D0%B5%D0%BD%D0%BA%D0%BB%D0%B0%D1%82%D1%83%D1%80%D0%B0/%D0%90%D1%80%D1%82%D0%B8%D0%BA%D1%83%D0%BB,%D0%9D%D0%BE%D0%BC%D0%B5%D0%BD%D0%BA%D0%BB%D0%B0%D1%82%D1%83%D1%80%D0%B0/Parent/Description,%D0%9A%D0%BE%D0%BB%D0%B8%D1%87%D0%B5%D1%81%D1%82%D0%B2%D0%BEBalance,%D0%A1%D0%B5%D1%80%D0%B8%D1%8F%D0%9D%D0%BE%D0%BC%D0%B5%D0%BD%D0%BA%D0%BB%D0%B0%D1%82%D1%83%D1%80%D1%8B/%D0%94%D0%B0%D1%82%D0%B0%D0%9F%D1%80%D0%BE%D0%B8%D0%B7%D0%B2%D0%BE%D0%B4%D1%81%D1%82%D0%B2%D0%B0,%D0%A1%D0%B5%D1%80%D0%B8%D1%8F%D0%9D%D0%BE%D0%BC%D0%B5%D0%BD%D0%BA%D0%BB%D0%B0%D1%82%D1%83%D1%80%D1%8B/%D0%93%D0%BE%D0%B4%D0%B5%D0%BD%D0%94%D0%BE,%D0%AF%D1%87%D0%B5%D0%B9%D0%BA%D0%B0%D0%A5%D1%80%D0%B0%D0%BD%D0%B5%D0%BD%D0%B8%D1%8F/%D0%A1%D0%BA%D0%BB%D0%B0%D0%B4/Description&$orderby=%D0%9D%D0%BE%D0%BC%D0%B5%D0%BD%D0%BA%D0%BB%D0%B0%D1%82%D1%83%D1%80%D0%B0/%D0%90%D1%80%D1%82%D0%B8%D0%BA%D1%83%D0%BB&$filter=%D0%9D%D0%BE%D0%BC%D0%B5%D0%BD%D0%BA%D0%BB%D0%B0%D1%82%D1%83%D1%80%D0%B0/Parent/Code%20eq%20'304903' HTTP/1.1" 200 124349
2025-01-19 17:43:25,778 urllib3.connectionpool DEBUG    Starting new HTTP connection (1): 172.172.185.67:80
2025-01-19 17:43:29,293 urllib3.connectionpool DEBUG    http://172.172.185.67:80 "GET /itc_wms/odata/standard.odata//AccumulationRegister_%D0%9E%D1%81%D1%82%D0%B0%D1%82%D0%BA%D0%B8%D0%92%D0%9F%D0%BE%D0%BB%D0%BB%D0%B5%D1%82%D0%B0%D1%85/Balance?$format=json&$expand=%D0%9D%D0%BE%D0%BC%D0%B5%D0%BD%D0%BA%D0%BB%D0%B0%D1%82%D1%83%D1%80%D0%B0/Parent,%20%D0%AF%D1%87%D0%B5%D0%B9%D0%BA%D0%B0%D0%A5%D1%80%D0%B0%D0%BD%D0%B5%D0%BD%D0%B8%D1%8F/%D0%A1%D0%BA%D0%BB%D0%B0%D0%B4,%20%D0%A1%D0%B5%D1%80%D0%B8%D1%8F%D0%9D%D0%BE%D0%BC%D0%B5%D0%BD%D0%BA%D0%BB%D0%B0%D1%82%D1%83%D1%80%D1%8B&$select=%D0%9D%D0%BE%D0%BC%D0%B5%D0%BD%D0%BA%D0%BB%D0%B0%D1%82%D1%83%D1%80%D0%B0/Code,%D0%9D%D0%BE%D0%BC%D0%B5%D0%BD%D0%BA%D0%BB%D0%B0%D1%82%D1%83%D1%80%D0%B0/Description,%D0%9D%D0%BE%D0%BC%D0%B5%D0%BD%D0%BA%D0%BB%D0%B0%D1%82%D1%83%D1%80%D0%B0/%D0%90%D1%80%D1%82%D0%B8%D0%BA%D1%83%D0%BB,%D0%9D%D0%BE%D0%BC%D0%B5%D0%BD%D0%BA%D0%BB%D0%B0%D1%82%D1%83%D1%80%D0%B0/Parent/Description,%D0%9A%D0%BE%D0%BB%D0%B8%D1%87%D0%B5%D1%81%D1%82%D0%B2%D0%BEBalance,%D0%A1%D0%B5%D1%80%D0%B8%D1%8F%D0%9D%D0%BE%D0%BC%D0%B5%D0%BD%D0%BA%D0%BB%D0%B0%D1%82%D1%83%D1%80%D1%8B/%D0%94%D0%B0%D1%82%D0%B0%D0%9F%D1%80%D0%BE%D0%B8%D0%B7%D0%B2%D0%BE%D0%B4%D1%81%D1%82%D0%B2%D0%B0,%D0%A1%D0%B5%D1%80%D0%B8%D1%8F%D0%9D%D0%BE%D0%BC%D0%B5%D0%BD%D0%BA%D0%BB%D0%B0%D1%82%D1%83%D1%80%D1%8B/%D0%93%D0%BE%D0%B4%D0%B5%D0%BD%D0%94%D0%BE,%D0%AF%D1%87%D0%B5%D0%B9%D0%BA%D0%B0%D0%A5%D1%80%D0%B0%D0%BD%D0%B5%D0%BD%D0%B8%D1%8F/%D0%A1%D0%BA%D0%BB%D0%B0%D0%B4/Description&$orderby=%D0%9D%D0%BE%D0%BC%D0%B5%D0%BD%D0%BA%D0%BB%D0%B0%D1%82%D1%83%D1%80%D0%B0/%D0%90%D1%80%D1%82%D0%B8%D0%BA%D1%83%D0%BB&$filter=%D0%9D%D0%BE%D0%BC%D0%B5%D0%BD%D0%BA%D0%BB%D0%B0%D1%82%D1%83%D1%80%D0%B0/Parent/Code%20eq%20'304903' HTTP/1.1" 200 103656
2025-01-19 17:45:31,736 urllib3.connectionpool DEBUG    Starting new HTTP connection (1): 172.172.185.67:80
2025-01-19 17:45:35,233 urllib3.connectionpool DEBUG    http://172.172.185.67:80 "GET /itc_wms/odata/standard.odata//AccumulationRegister_%D0%9E%D1%81%D1%82%D0%B0%D1%82%D0%BA%D0%B8%D0%92%D0%9F%D0%BE%D0%BB%D0%BB%D0%B5%D1%82%D0%B0%D1%85/Balance?$format=json&$expand=%D0%9D%D0%BE%D0%BC%D0%B5%D0%BD%D0%BA%D0%BB%D0%B0%D1%82%D1%83%D1%80%D0%B0/Parent,%20%D0%AF%D1%87%D0%B5%D0%B9%D0%BA%D0%B0%D0%A5%D1%80%D0%B0%D0%BD%D0%B5%D0%BD%D0%B8%D1%8F/%D0%A1%D0%BA%D0%BB%D0%B0%D0%B4,%20%D0%A1%D0%B5%D1%80%D0%B8%D1%8F%D0%9D%D0%BE%D0%BC%D0%B5%D0%BD%D0%BA%D0%BB%D0%B0%D1%82%D1%83%D1%80%D1%8B&$select=%D0%9D%D0%BE%D0%BC%D0%B5%D0%BD%D0%BA%D0%BB%D0%B0%D1%82%D1%83%D1%80%D0%B0/Code,%D0%9D%D0%BE%D0%BC%D0%B5%D0%BD%D0%BA%D0%BB%D0%B0%D1%82%D1%83%D1%80%D0%B0/Description,%D0%9D%D0%BE%D0%BC%D0%B5%D0%BD%D0%BA%D0%BB%D0%B0%D1%82%D1%83%D1%80%D0%B0/%D0%90%D1%80%D1%82%D0%B8%D0%BA%D1%83%D0%BB,%D0%9D%D0%BE%D0%BC%D0%B5%D0%BD%D0%BA%D0%BB%D0%B0%D1%82%D1%83%D1%80%D0%B0/Parent/Description,%D0%9A%D0%BE%D0%BB%D0%B8%D1%87%D0%B5%D1%81%D1%82%D0%B2%D0%BEBalance,%D0%A1%D0%B5%D1%80%D0%B8%D1%8F%D0%9D%D0%BE%D0%BC%D0%B5%D0%BD%D0%BA%D0%BB%D0%B0%D1%82%D1%83%D1%80%D1%8B/%D0%94%D0%B0%D1%82%D0%B0%D0%9F%D1%80%D0%BE%D0%B8%D0%B7%D0%B2%D0%BE%D0%B4%D1%81%D1%82%D0%B2%D0%B0,%D0%A1%D0%B5%D1%80%D0%B8%D1%8F%D0%9D%D0%BE%D0%BC%D0%B5%D0%BD%D0%BA%D0%BB%D0%B0%D1%82%D1%83%D1%80%D1%8B/%D0%93%D0%BE%D0%B4%D0%B5%D0%BD%D0%94%D0%BE,%D0%AF%D1%87%D0%B5%D0%B9%D0%BA%D0%B0%D0%A5%D1%80%D0%B0%D0%BD%D0%B5%D0%BD%D0%B8%D1%8F/%D0%A1%D0%BA%D0%BB%D0%B0%D0%B4/Description&$orderby=%D0%9D%D0%BE%D0%BC%D0%B5%D0%BD%D0%BA%D0%BB%D0%B0%D1%82%D1%83%D1%80%D0%B0/%D0%90%D1%80%D1%82%D0%B8%D0%BA%D1%83%D0%BB&$filter=%D0%9D%D0%BE%D0%BC%D0%B5%D0%BD%D0%BA%D0%BB%D0%B0%D1%82%D1%83%D1%80%D0%B0/Parent/Code%20eq%20'304903' HTTP/1.1" 200 103656
2025-01-20 09:57:21,672 urllib3.connectionpool DEBUG    Starting new HTTP connection (1): 172.172.185.67:80
2025-01-20 09:57:25,176 urllib3.connectionpool DEBUG    http://172.172.185.67:80 "GET /itc_wms/odata/standard.odata//AccumulationRegister_%D0%9E%D1%81%D1%82%D0%B0%D1%82%D0%BA%D0%B8%D0%92%D0%9F%D0%BE%D0%BB%D0%BB%D0%B5%D1%82%D0%B0%D1%85/Balance?$format=json&$expand=%D0%9D%D0%BE%D0%BC%D0%B5%D0%BD%D0%BA%D0%BB%D0%B0%D1%82%D1%83%D1%80%D0%B0/Parent,%20%D0%AF%D1%87%D0%B5%D0%B9%D0%BA%D0%B0%D0%A5%D1%80%D0%B0%D0%BD%D0%B5%D0%BD%D0%B8%D1%8F/%D0%A1%D0%BA%D0%BB%D0%B0%D0%B4,%20%D0%A1%D0%B5%D1%80%D0%B8%D1%8F%D0%9D%D0%BE%D0%BC%D0%B5%D0%BD%D0%BA%D0%BB%D0%B0%D1%82%D1%83%D1%80%D1%8B&$select=%D0%9D%D0%BE%D0%BC%D0%B5%D0%BD%D0%BA%D0%BB%D0%B0%D1%82%D1%83%D1%80%D0%B0/Code,%D0%9D%D0%BE%D0%BC%D0%B5%D0%BD%D0%BA%D0%BB%D0%B0%D1%82%D1%83%D1%80%D0%B0/Description,%D0%9D%D0%BE%D0%BC%D0%B5%D0%BD%D0%BA%D0%BB%D0%B0%D1%82%D1%83%D1%80%D0%B0/%D0%90%D1%80%D1%82%D0%B8%D0%BA%D1%83%D0%BB,%D0%9D%D0%BE%D0%BC%D0%B5%D0%BD%D0%BA%D0%BB%D0%B0%D1%82%D1%83%D1%80%D0%B0/Parent/Description,%D0%9A%D0%BE%D0%BB%D0%B8%D1%87%D0%B5%D1%81%D1%82%D0%B2%D0%BEBalance,%D0%A1%D0%B5%D1%80%D0%B8%D1%8F%D0%9D%D0%BE%D0%BC%D0%B5%D0%BD%D0%BA%D0%BB%D0%B0%D1%82%D1%83%D1%80%D1%8B/%D0%94%D0%B0%D1%82%D0%B0%D0%9F%D1%80%D0%BE%D0%B8%D0%B7%D0%B2%D0%BE%D0%B4%D1%81%D1%82%D0%B2%D0%B0,%D0%A1%D0%B5%D1%80%D0%B8%D1%8F%D0%9D%D0%BE%D0%BC%D0%B5%D0%BD%D0%BA%D0%BB%D0%B0%D1%82%D1%83%D1%80%D1%8B/%D0%93%D0%BE%D0%B4%D0%B5%D0%BD%D0%94%D0%BE,%D0%AF%D1%87%D0%B5%D0%B9%D0%BA%D0%B0%D0%A5%D1%80%D0%B0%D0%BD%D0%B5%D0%BD%D0%B8%D1%8F/%D0%A1%D0%BA%D0%BB%D0%B0%D0%B4/Description&$orderby=%D0%9D%D0%BE%D0%BC%D0%B5%D0%BD%D0%BA%D0%BB%D0%B0%D1%82%D1%83%D1%80%D0%B0/%D0%90%D1%80%D1%82%D0%B8%D0%BA%D1%83%D0%BB&$filter=%D0%9D%D0%BE%D0%BC%D0%B5%D0%BD%D0%BA%D0%BB%D0%B0%D1%82%D1%83%D1%80%D0%B0/Parent/Code%20eq%20'304903' HTTP/1.1" 200 103656
2025-01-20 09:58:49,499 urllib3.connectionpool DEBUG    Starting new HTTP connection (1): 172.172.185.67:80
2025-01-20 09:58:53,001 urllib3.connectionpool DEBUG    http://172.172.185.67:80 "GET /itc_wms/odata/standard.odata//AccumulationRegister_%D0%9E%D1%81%D1%82%D0%B0%D1%82%D0%BA%D0%B8%D0%92%D0%9F%D0%BE%D0%BB%D0%BB%D0%B5%D1%82%D0%B0%D1%85/Balance?$format=json&$expand=%D0%9D%D0%BE%D0%BC%D0%B5%D0%BD%D0%BA%D0%BB%D0%B0%D1%82%D1%83%D1%80%D0%B0/Parent,%20%D0%AF%D1%87%D0%B5%D0%B9%D0%BA%D0%B0%D0%A5%D1%80%D0%B0%D0%BD%D0%B5%D0%BD%D0%B8%D1%8F/%D0%A1%D0%BA%D0%BB%D0%B0%D0%B4,%20%D0%A1%D0%B5%D1%80%D0%B8%D1%8F%D0%9D%D0%BE%D0%BC%D0%B5%D0%BD%D0%BA%D0%BB%D0%B0%D1%82%D1%83%D1%80%D1%8B&$select=%D0%9D%D0%BE%D0%BC%D0%B5%D0%BD%D0%BA%D0%BB%D0%B0%D1%82%D1%83%D1%80%D0%B0/Code,%D0%9D%D0%BE%D0%BC%D0%B5%D0%BD%D0%BA%D0%BB%D0%B0%D1%82%D1%83%D1%80%D0%B0/Description,%D0%9D%D0%BE%D0%BC%D0%B5%D0%BD%D0%BA%D0%BB%D0%B0%D1%82%D1%83%D1%80%D0%B0/%D0%90%D1%80%D1%82%D0%B8%D0%BA%D1%83%D0%BB,%D0%9D%D0%BE%D0%BC%D0%B5%D0%BD%D0%BA%D0%BB%D0%B0%D1%82%D1%83%D1%80%D0%B0/Parent/Description,%D0%9A%D0%BE%D0%BB%D0%B8%D1%87%D0%B5%D1%81%D1%82%D0%B2%D0%BEBalance,%D0%A1%D0%B5%D1%80%D0%B8%D1%8F%D0%9D%D0%BE%D0%BC%D0%B5%D0%BD%D0%BA%D0%BB%D0%B0%D1%82%D1%83%D1%80%D1%8B/%D0%94%D0%B0%D1%82%D0%B0%D0%9F%D1%80%D0%BE%D0%B8%D0%B7%D0%B2%D0%BE%D0%B4%D1%81%D1%82%D0%B2%D0%B0,%D0%A1%D0%B5%D1%80%D0%B8%D1%8F%D0%9D%D0%BE%D0%BC%D0%B5%D0%BD%D0%BA%D0%BB%D0%B0%D1%82%D1%83%D1%80%D1%8B/%D0%93%D0%BE%D0%B4%D0%B5%D0%BD%D0%94%D0%BE,%D0%AF%D1%87%D0%B5%D0%B9%D0%BA%D0%B0%D0%A5%D1%80%D0%B0%D0%BD%D0%B5%D0%BD%D0%B8%D1%8F/%D0%A1%D0%BA%D0%BB%D0%B0%D0%B4/Description&$orderby=%D0%9D%D0%BE%D0%BC%D0%B5%D0%BD%D0%BA%D0%BB%D0%B0%D1%82%D1%83%D1%80%D0%B0/%D0%90%D1%80%D1%82%D0%B8%D0%BA%D1%83%D0%BB&$filter=%D0%9D%D0%BE%D0%BC%D0%B5%D0%BD%D0%BA%D0%BB%D0%B0%D1%82%D1%83%D1%80%D0%B0/Parent/Code%20eq%20'304903' HTTP/1.1" 200 103656
2025-01-20 11:06:42,462 django.request WARNING  Not Found: /favicon.ico
2025-01-20 14:11:10,684 django.request WARNING  Not Found: /favicon.ico
2025-01-20 14:17:08,422 django.request WARNING  Not Found: /favicon.ico
2025-01-20 16:13:14,556 urllib3.connectionpool DEBUG    Starting new HTTP connection (1): 172.172.185.67:80
2025-01-20 16:13:18,144 urllib3.connectionpool DEBUG    http://172.172.185.67:80 "GET /krd_itc_wms/odata/standard.odata//AccumulationRegister_%D0%9E%D1%81%D1%82%D0%B0%D1%82%D0%BA%D0%B8%D0%92%D0%9F%D0%BE%D0%BB%D0%BB%D0%B5%D1%82%D0%B0%D1%85/Balance?$format=json&$expand=%D0%9D%D0%BE%D0%BC%D0%B5%D0%BD%D0%BA%D0%BB%D0%B0%D1%82%D1%83%D1%80%D0%B0/Parent,%20%D0%AF%D1%87%D0%B5%D0%B9%D0%BA%D0%B0%D0%A5%D1%80%D0%B0%D0%BD%D0%B5%D0%BD%D0%B8%D1%8F/%D0%A1%D0%BA%D0%BB%D0%B0%D0%B4,%20%D0%A1%D0%B5%D1%80%D0%B8%D1%8F%D0%9D%D0%BE%D0%BC%D0%B5%D0%BD%D0%BA%D0%BB%D0%B0%D1%82%D1%83%D1%80%D1%8B&$select=%D0%9D%D0%BE%D0%BC%D0%B5%D0%BD%D0%BA%D0%BB%D0%B0%D1%82%D1%83%D1%80%D0%B0/Code,%D0%9D%D0%BE%D0%BC%D0%B5%D0%BD%D0%BA%D0%BB%D0%B0%D1%82%D1%83%D1%80%D0%B0/Description,%D0%9D%D0%BE%D0%BC%D0%B5%D0%BD%D0%BA%D0%BB%D0%B0%D1%82%D1%83%D1%80%D0%B0/%D0%90%D1%80%D1%82%D0%B8%D0%BA%D1%83%D0%BB,%D0%9D%D0%BE%D0%BC%D0%B5%D0%BD%D0%BA%D0%BB%D0%B0%D1%82%D1%83%D1%80%D0%B0/Parent/Description,%D0%9A%D0%BE%D0%BB%D0%B8%D1%87%D0%B5%D1%81%D1%82%D0%B2%D0%BEBalance,%D0%A1%D0%B5%D1%80%D0%B8%D1%8F%D0%9D%D0%BE%D0%BC%D0%B5%D0%BD%D0%BA%D0%BB%D0%B0%D1%82%D1%83%D1%80%D1%8B/%D0%94%D0%B0%D1%82%D0%B0%D0%9F%D1%80%D0%BE%D0%B8%D0%B7%D0%B2%D0%BE%D0%B4%D1%81%D1%82%D0%B2%D0%B0,%D0%A1%D0%B5%D1%80%D0%B8%D1%8F%D0%9D%D0%BE%D0%BC%D0%B5%D0%BD%D0%BA%D0%BB%D0%B0%D1%82%D1%83%D1%80%D1%8B/%D0%93%D0%BE%D0%B4%D0%B5%D0%BD%D0%94%D0%BE,%D0%AF%D1%87%D0%B5%D0%B9%D0%BA%D0%B0%D0%A5%D1%80%D0%B0%D0%BD%D0%B5%D0%BD%D0%B8%D1%8F/%D0%A1%D0%BA%D0%BB%D0%B0%D0%B4/Description&$orderby=%D0%9D%D0%BE%D0%BC%D0%B5%D0%BD%D0%BA%D0%BB%D0%B0%D1%82%D1%83%D1%80%D0%B0/%D0%90%D1%80%D1%82%D0%B8%D0%BA%D1%83%D0%BB&$filter=%D0%9D%D0%BE%D0%BC%D0%B5%D0%BD%D0%BA%D0%BB%D0%B0%D1%82%D1%83%D1%80%D0%B0/Parent/Code%20eq%20'304903' HTTP/1.1" 200 159022
2025-01-20 16:20:44,917 urllib3.connectionpool DEBUG    Starting new HTTP connection (1): 172.172.185.67:80
2025-01-20 16:20:48,507 urllib3.connectionpool DEBUG    http://172.172.185.67:80 "GET /krd_itc_wms/odata/standard.odata//AccumulationRegister_%D0%9E%D1%81%D1%82%D0%B0%D1%82%D0%BA%D0%B8%D0%92%D0%9F%D0%BE%D0%BB%D0%BB%D0%B5%D1%82%D0%B0%D1%85/Balance?$format=json&$expand=%D0%9D%D0%BE%D0%BC%D0%B5%D0%BD%D0%BA%D0%BB%D0%B0%D1%82%D1%83%D1%80%D0%B0/Parent,%20%D0%AF%D1%87%D0%B5%D0%B9%D0%BA%D0%B0%D0%A5%D1%80%D0%B0%D0%BD%D0%B5%D0%BD%D0%B8%D1%8F/%D0%A1%D0%BA%D0%BB%D0%B0%D0%B4,%20%D0%A1%D0%B5%D1%80%D0%B8%D1%8F%D0%9D%D0%BE%D0%BC%D0%B5%D0%BD%D0%BA%D0%BB%D0%B0%D1%82%D1%83%D1%80%D1%8B&$select=%D0%9D%D0%BE%D0%BC%D0%B5%D0%BD%D0%BA%D0%BB%D0%B0%D1%82%D1%83%D1%80%D0%B0/Code,%D0%9D%D0%BE%D0%BC%D0%B5%D0%BD%D0%BA%D0%BB%D0%B0%D1%82%D1%83%D1%80%D0%B0/Description,%D0%9D%D0%BE%D0%BC%D0%B5%D0%BD%D0%BA%D0%BB%D0%B0%D1%82%D1%83%D1%80%D0%B0/%D0%90%D1%80%D1%82%D0%B8%D0%BA%D1%83%D0%BB,%D0%9D%D0%BE%D0%BC%D0%B5%D0%BD%D0%BA%D0%BB%D0%B0%D1%82%D1%83%D1%80%D0%B0/Parent/Description,%D0%9A%D0%BE%D0%BB%D0%B8%D1%87%D0%B5%D1%81%D1%82%D0%B2%D0%BEBalance,%D0%A1%D0%B5%D1%80%D0%B8%D1%8F%D0%9D%D0%BE%D0%BC%D0%B5%D0%BD%D0%BA%D0%BB%D0%B0%D1%82%D1%83%D1%80%D1%8B/%D0%94%D0%B0%D1%82%D0%B0%D0%9F%D1%80%D0%BE%D0%B8%D0%B7%D0%B2%D0%BE%D0%B4%D1%81%D1%82%D0%B2%D0%B0,%D0%A1%D0%B5%D1%80%D0%B8%D1%8F%D0%9D%D0%BE%D0%BC%D0%B5%D0%BD%D0%BA%D0%BB%D0%B0%D1%82%D1%83%D1%80%D1%8B/%D0%93%D0%BE%D0%B4%D0%B5%D0%BD%D0%94%D0%BE,%D0%AF%D1%87%D0%B5%D0%B9%D0%BA%D0%B0%D0%A5%D1%80%D0%B0%D0%BD%D0%B5%D0%BD%D0%B8%D1%8F/%D0%A1%D0%BA%D0%BB%D0%B0%D0%B4/Description&$orderby=%D0%9D%D0%BE%D0%BC%D0%B5%D0%BD%D0%BA%D0%BB%D0%B0%D1%82%D1%83%D1%80%D0%B0/%D0%90%D1%80%D1%82%D0%B8%D0%BA%D1%83%D0%BB&$filter=%D0%9D%D0%BE%D0%BC%D0%B5%D0%BD%D0%BA%D0%BB%D0%B0%D1%82%D1%83%D1%80%D0%B0/Parent/Code%20eq%20'304903' HTTP/1.1" 200 159022
2025-01-20 16:23:57,716 urllib3.connectionpool DEBUG    Starting new HTTP connection (1): 172.172.185.67:80
2025-01-20 16:24:01,250 urllib3.connectionpool DEBUG    http://172.172.185.67:80 "GET /krd_itc_wms/odata/standard.odata//AccumulationRegister_%D0%9E%D1%81%D1%82%D0%B0%D1%82%D0%BA%D0%B8%D0%92%D0%9F%D0%BE%D0%BB%D0%BB%D0%B5%D1%82%D0%B0%D1%85/Balance?$format=json&$expand=%D0%9D%D0%BE%D0%BC%D0%B5%D0%BD%D0%BA%D0%BB%D0%B0%D1%82%D1%83%D1%80%D0%B0/Parent,%20%D0%AF%D1%87%D0%B5%D0%B9%D0%BA%D0%B0%D0%A5%D1%80%D0%B0%D0%BD%D0%B5%D0%BD%D0%B8%D1%8F/%D0%A1%D0%BA%D0%BB%D0%B0%D0%B4,%20%D0%A1%D0%B5%D1%80%D0%B8%D1%8F%D0%9D%D0%BE%D0%BC%D0%B5%D0%BD%D0%BA%D0%BB%D0%B0%D1%82%D1%83%D1%80%D1%8B&$select=%D0%9D%D0%BE%D0%BC%D0%B5%D0%BD%D0%BA%D0%BB%D0%B0%D1%82%D1%83%D1%80%D0%B0/Code,%D0%9D%D0%BE%D0%BC%D0%B5%D0%BD%D0%BA%D0%BB%D0%B0%D1%82%D1%83%D1%80%D0%B0/Description,%D0%9D%D0%BE%D0%BC%D0%B5%D0%BD%D0%BA%D0%BB%D0%B0%D1%82%D1%83%D1%80%D0%B0/%D0%90%D1%80%D1%82%D0%B8%D0%BA%D1%83%D0%BB,%D0%9D%D0%BE%D0%BC%D0%B5%D0%BD%D0%BA%D0%BB%D0%B0%D1%82%D1%83%D1%80%D0%B0/Parent/Description,%D0%9A%D0%BE%D0%BB%D0%B8%D1%87%D0%B5%D1%81%D1%82%D0%B2%D0%BEBalance,%D0%A1%D0%B5%D1%80%D0%B8%D1%8F%D0%9D%D0%BE%D0%BC%D0%B5%D0%BD%D0%BA%D0%BB%D0%B0%D1%82%D1%83%D1%80%D1%8B/%D0%94%D0%B0%D1%82%D0%B0%D0%9F%D1%80%D0%BE%D0%B8%D0%B7%D0%B2%D0%BE%D0%B4%D1%81%D1%82%D0%B2%D0%B0,%D0%A1%D0%B5%D1%80%D0%B8%D1%8F%D0%9D%D0%BE%D0%BC%D0%B5%D0%BD%D0%BA%D0%BB%D0%B0%D1%82%D1%83%D1%80%D1%8B/%D0%93%D0%BE%D0%B4%D0%B5%D0%BD%D0%94%D0%BE,%D0%AF%D1%87%D0%B5%D0%B9%D0%BA%D0%B0%D0%A5%D1%80%D0%B0%D0%BD%D0%B5%D0%BD%D0%B8%D1%8F/%D0%A1%D0%BA%D0%BB%D0%B0%D0%B4/Description&$orderby=%D0%9D%D0%BE%D0%BC%D0%B5%D0%BD%D0%BA%D0%BB%D0%B0%D1%82%D1%83%D1%80%D0%B0/%D0%90%D1%80%D1%82%D0%B8%D0%BA%D1%83%D0%BB&$filter=%D0%9D%D0%BE%D0%BC%D0%B5%D0%BD%D0%BA%D0%BB%D0%B0%D1%82%D1%83%D1%80%D0%B0/Parent/Code%20eq%20'304903' HTTP/1.1" 200 159022
2025-01-20 16:39:12,535 django.request WARNING  Not Found: /favicon.ico
2025-01-20 16:44:58,624 django.request WARNING  Not Found: /favicon.ico
2025-01-20 17:14:16,100 urllib3.connectionpool DEBUG    Starting new HTTP connection (1): 172.172.185.67:80
2025-01-20 17:14:19,454 urllib3.connectionpool DEBUG    Starting new HTTP connection (1): 172.172.185.67:80
2025-01-20 17:14:20,319 urllib3.connectionpool DEBUG    Starting new HTTP connection (1): 172.172.185.67:80
2025-01-20 17:14:24,675 urllib3.connectionpool DEBUG    http://172.172.185.67:80 "POST /krd_itc_wms/ru_RU/hs/PutData HTTP/1.1" 200 371
2025-01-20 17:14:25,360 urllib3.connectionpool DEBUG    http://172.172.185.67:80 "POST /krd_itc_wms/ru_RU/hs/PutData HTTP/1.1" 200 1077
2025-01-20 17:14:28,005 urllib3.connectionpool DEBUG    http://172.172.185.67:80 "POST /krd_itc_wms/ru_RU/hs/PutData HTTP/1.1" 200 371
2025-01-21 08:10:31,811 django.request WARNING  Not Found: /favicon.ico
2025-01-21 08:25:47,810 django.request WARNING  Not Found: /favicon.ico
2025-01-21 16:23:53,737 django.request WARNING  Not Found: /favicon.ico
2025-01-21 16:46:28,239 urllib3.connectionpool DEBUG    Starting new HTTP connection (1): 172.172.185.67:80
2025-01-21 16:46:36,556 urllib3.connectionpool DEBUG    http://172.172.185.67:80 "POST /krd_itc_wms/ru_RU/hs/PutData HTTP/1.1" 200 371
2025-01-22 09:15:48,477 django.request WARNING  Not Found: /favicon.ico
2025-01-22 09:20:58,750 django.request WARNING  Not Found: /favicon.ico
2025-01-22 09:22:20,721 urllib3.connectionpool DEBUG    Starting new HTTP connection (1): 172.172.185.67:80
2025-01-22 09:22:28,228 urllib3.connectionpool DEBUG    http://172.172.185.67:80 "POST /krd_itc_wms/ru_RU/hs/PutData HTTP/1.1" 200 262
2025-01-22 09:27:52,995 django.request WARNING  Not Found: /favicon.ico
2025-01-22 13:55:39,309 django.request ERROR    Internal Server Error: /krd/contracts/ssk/process_applications/load_file
Traceback (most recent call last):
  File "C:\Users\rhashhanok\PycharmProjects\SLEX_02\.venv\Lib\site-packages\django\core\handlers\exception.py", line 55, in inner
    response = get_response(request)
               ^^^^^^^^^^^^^^^^^^^^^
  File "C:\Users\rhashhanok\PycharmProjects\SLEX_02\.venv\Lib\site-packages\django\core\handlers\base.py", line 197, in _get_response
    response = wrapped_callback(request, *callback_args, **callback_kwargs)
               ^^^^^^^^^^^^^^^^^^^^^^^^^^^^^^^^^^^^^^^^^^^^^^^^^^^^^^^^^^^^
  File "C:\Users\rhashhanok\PycharmProjects\SLEX_02\base_app\views.py", line 147, in event_load_file
    res, error_valid = dict_module[context['contract'].slug].start(file, context['contract'])
                                   ~~~~~~~^^^^^^^^^^^^
KeyError: 'contract'
2025-01-22 16:14:13,057 django.request WARNING  Not Found: /favicon.ico
2025-01-22 16:36:51,084 urllib3.connectionpool DEBUG    Starting new HTTP connection (1): 172.172.185.67:80
2025-01-22 16:37:02,464 urllib3.connectionpool DEBUG    http://172.172.185.67:80 "POST /krd_itc_wms/ru_RU/hs/PutData HTTP/1.1" 200 316
2025-01-22 17:34:58,977 django.request WARNING  Not Found: /favicon.ico
2025-01-23 08:09:59,039 django.request WARNING  Not Found: /favicon.ico
2025-01-23 08:10:08,864 urllib3.connectionpool DEBUG    Starting new HTTP connection (1): 172.172.185.67:80
2025-01-23 08:10:19,019 urllib3.connectionpool DEBUG    http://172.172.185.67:80 "POST /krd_itc_wms/ru_RU/hs/PutData HTTP/1.1" 200 316
2025-01-23 08:33:15,361 django.request WARNING  Not Found: /favicon.ico
2025-01-23 11:26:11,813 django.request WARNING  Not Found: /favicon.ico
2025-01-23 13:20:30,775 django.request WARNING  Not Found: /favicon.ico
2025-01-23 14:28:03,380 urllib3.connectionpool DEBUG    Starting new HTTP connection (1): 172.172.185.67:80
2025-01-23 14:28:07,791 urllib3.connectionpool DEBUG    http://172.172.185.67:80 "GET /krd_itc_wms/odata/standard.odata//AccumulationRegister_%D0%9E%D1%81%D1%82%D0%B0%D1%82%D0%BA%D0%B8%D0%92%D0%9F%D0%BE%D0%BB%D0%BB%D0%B5%D1%82%D0%B0%D1%85/Balance?$format=json&$expand=%D0%9D%D0%BE%D0%BC%D0%B5%D0%BD%D0%BA%D0%BB%D0%B0%D1%82%D1%83%D1%80%D0%B0/Parent,%20%D0%AF%D1%87%D0%B5%D0%B9%D0%BA%D0%B0%D0%A5%D1%80%D0%B0%D0%BD%D0%B5%D0%BD%D0%B8%D1%8F/%D0%A1%D0%BA%D0%BB%D0%B0%D0%B4,%20%D0%A1%D0%B5%D1%80%D0%B8%D1%8F%D0%9D%D0%BE%D0%BC%D0%B5%D0%BD%D0%BA%D0%BB%D0%B0%D1%82%D1%83%D1%80%D1%8B&$select=%D0%9D%D0%BE%D0%BC%D0%B5%D0%BD%D0%BA%D0%BB%D0%B0%D1%82%D1%83%D1%80%D0%B0/Code,%D0%9D%D0%BE%D0%BC%D0%B5%D0%BD%D0%BA%D0%BB%D0%B0%D1%82%D1%83%D1%80%D0%B0/Description,%D0%9D%D0%BE%D0%BC%D0%B5%D0%BD%D0%BA%D0%BB%D0%B0%D1%82%D1%83%D1%80%D0%B0/%D0%90%D1%80%D1%82%D0%B8%D0%BA%D1%83%D0%BB,%D0%9D%D0%BE%D0%BC%D0%B5%D0%BD%D0%BA%D0%BB%D0%B0%D1%82%D1%83%D1%80%D0%B0/Parent/Description,%D0%9A%D0%BE%D0%BB%D0%B8%D1%87%D0%B5%D1%81%D1%82%D0%B2%D0%BEBalance,%D0%A1%D0%B5%D1%80%D0%B8%D1%8F%D0%9D%D0%BE%D0%BC%D0%B5%D0%BD%D0%BA%D0%BB%D0%B0%D1%82%D1%83%D1%80%D1%8B/%D0%94%D0%B0%D1%82%D0%B0%D0%9F%D1%80%D0%BE%D0%B8%D0%B7%D0%B2%D0%BE%D0%B4%D1%81%D1%82%D0%B2%D0%B0,%D0%A1%D0%B5%D1%80%D0%B8%D1%8F%D0%9D%D0%BE%D0%BC%D0%B5%D0%BD%D0%BA%D0%BB%D0%B0%D1%82%D1%83%D1%80%D1%8B/%D0%93%D0%BE%D0%B4%D0%B5%D0%BD%D0%94%D0%BE,%D0%AF%D1%87%D0%B5%D0%B9%D0%BA%D0%B0%D0%A5%D1%80%D0%B0%D0%BD%D0%B5%D0%BD%D0%B8%D1%8F/%D0%A1%D0%BA%D0%BB%D0%B0%D0%B4/Description&$orderby=%D0%9D%D0%BE%D0%BC%D0%B5%D0%BD%D0%BA%D0%BB%D0%B0%D1%82%D1%83%D1%80%D0%B0/%D0%90%D1%80%D1%82%D0%B8%D0%BA%D1%83%D0%BB&$filter=%D0%9D%D0%BE%D0%BC%D0%B5%D0%BD%D0%BA%D0%BB%D0%B0%D1%82%D1%83%D1%80%D0%B0/Parent/Code%20eq%20'391291' HTTP/1.1" 200 349579
2025-01-23 14:43:52,202 django.request WARNING  Not Found: /favicon.ico
2025-01-23 15:38:27,683 django.request WARNING  Not Found: /favicon.ico
2025-01-23 16:44:22,592 django.utils.autoreload INFO     C:\Users\rhashhanok\PycharmProjects\SLEX_02\base_app\contract_models\krd\agro.py changed, reloading.
2025-01-23 16:44:24,113 django.utils.autoreload INFO     Watching for file changes with StatReloader
2025-01-23 16:45:38,849 django.request ERROR    Internal Server Error: /krd/contracts/agrokompleks/build_route_list/load_file
Traceback (most recent call last):
  File "C:\Users\rhashhanok\PycharmProjects\SLEX_02\.venv\Lib\site-packages\django\core\handlers\exception.py", line 55, in inner
    response = get_response(request)
               ^^^^^^^^^^^^^^^^^^^^^
  File "C:\Users\rhashhanok\PycharmProjects\SLEX_02\.venv\Lib\site-packages\django\core\handlers\base.py", line 197, in _get_response
    response = wrapped_callback(request, *callback_args, **callback_kwargs)
               ^^^^^^^^^^^^^^^^^^^^^^^^^^^^^^^^^^^^^^^^^^^^^^^^^^^^^^^^^^^^
  File "C:\Users\rhashhanok\PycharmProjects\SLEX_02\base_app\views.py", line 147, in event_load_file
    res, error_valid = dict_module[context['contract'].slug].start(file, context['contract'])
                                   ~~~~~~~^^^^^^^^^^^^
KeyError: 'contract'
2025-01-23 16:45:51,428 urllib3.connectionpool DEBUG    Starting new HTTP connection (1): 172.172.185.67:80
2025-01-23 16:46:02,184 urllib3.connectionpool DEBUG    http://172.172.185.67:80 "POST /krd_itc_wms/ru_RU/hs/PutData HTTP/1.1" 200 380
2025-01-23 16:47:57,347 django.utils.autoreload INFO     C:\Users\rhashhanok\PycharmProjects\SLEX_02\base_app\contract_models\krd\agro.py changed, reloading.
2025-01-23 16:47:59,070 django.utils.autoreload INFO     Watching for file changes with StatReloader
2025-01-23 17:46:23,985 django.request WARNING  Not Found: /favicon.ico
2025-01-24 09:20:05,664 django.request WARNING  Not Found: /favicon.ico
2025-01-24 11:39:11,232 django.request WARNING  Not Found: /favicon.ico
2025-01-24 11:39:45,147 urllib3.connectionpool DEBUG    Starting new HTTP connection (1): 172.172.185.67:80
2025-01-24 11:39:48,607 urllib3.connectionpool DEBUG    http://172.172.185.67:80 "GET /vlg_itc_wms/odata/standard.odata//AccumulationRegister_%D0%9E%D1%81%D1%82%D0%B0%D1%82%D0%BA%D0%B8%D0%92%D0%9F%D0%BE%D0%BB%D0%BB%D0%B5%D1%82%D0%B0%D1%85/Balance?$format=json&$expand=%D0%9D%D0%BE%D0%BC%D0%B5%D0%BD%D0%BA%D0%BB%D0%B0%D1%82%D1%83%D1%80%D0%B0/Parent,%20%D0%AF%D1%87%D0%B5%D0%B9%D0%BA%D0%B0%D0%A5%D1%80%D0%B0%D0%BD%D0%B5%D0%BD%D0%B8%D1%8F/%D0%A1%D0%BA%D0%BB%D0%B0%D0%B4,%20%D0%A1%D0%B5%D1%80%D0%B8%D1%8F%D0%9D%D0%BE%D0%BC%D0%B5%D0%BD%D0%BA%D0%BB%D0%B0%D1%82%D1%83%D1%80%D1%8B&$select=%D0%9D%D0%BE%D0%BC%D0%B5%D0%BD%D0%BA%D0%BB%D0%B0%D1%82%D1%83%D1%80%D0%B0/Code,%D0%9D%D0%BE%D0%BC%D0%B5%D0%BD%D0%BA%D0%BB%D0%B0%D1%82%D1%83%D1%80%D0%B0/Description,%D0%9D%D0%BE%D0%BC%D0%B5%D0%BD%D0%BA%D0%BB%D0%B0%D1%82%D1%83%D1%80%D0%B0/%D0%90%D1%80%D1%82%D0%B8%D0%BA%D1%83%D0%BB,%D0%9D%D0%BE%D0%BC%D0%B5%D0%BD%D0%BA%D0%BB%D0%B0%D1%82%D1%83%D1%80%D0%B0/Parent/Description,%D0%9A%D0%BE%D0%BB%D0%B8%D1%87%D0%B5%D1%81%D1%82%D0%B2%D0%BEBalance,%D0%A1%D0%B5%D1%80%D0%B8%D1%8F%D0%9D%D0%BE%D0%BC%D0%B5%D0%BD%D0%BA%D0%BB%D0%B0%D1%82%D1%83%D1%80%D1%8B/%D0%94%D0%B0%D1%82%D0%B0%D0%9F%D1%80%D0%BE%D0%B8%D0%B7%D0%B2%D0%BE%D0%B4%D1%81%D1%82%D0%B2%D0%B0,%D0%A1%D0%B5%D1%80%D0%B8%D1%8F%D0%9D%D0%BE%D0%BC%D0%B5%D0%BD%D0%BA%D0%BB%D0%B0%D1%82%D1%83%D1%80%D1%8B/%D0%93%D0%BE%D0%B4%D0%B5%D0%BD%D0%94%D0%BE,%D0%AF%D1%87%D0%B5%D0%B9%D0%BA%D0%B0%D0%A5%D1%80%D0%B0%D0%BD%D0%B5%D0%BD%D0%B8%D1%8F/%D0%A1%D0%BA%D0%BB%D0%B0%D0%B4/Description&$orderby=%D0%9D%D0%BE%D0%BC%D0%B5%D0%BD%D0%BA%D0%BB%D0%B0%D1%82%D1%83%D1%80%D0%B0/%D0%90%D1%80%D1%82%D0%B8%D0%BA%D1%83%D0%BB&$filter=%D0%9D%D0%BE%D0%BC%D0%B5%D0%BD%D0%BA%D0%BB%D0%B0%D1%82%D1%83%D1%80%D0%B0/Parent/Code%20eq%20'304903' HTTP/1.1" 200 89723
2025-01-24 11:39:57,220 urllib3.connectionpool DEBUG    Starting new HTTP connection (1): 172.172.185.67:80
2025-01-24 11:39:57,711 urllib3.connectionpool DEBUG    http://172.172.185.67:80 "GET /vlg_itc_wms/odata/standard.odata//AccumulationRegister_%D0%9E%D1%81%D1%82%D0%B0%D1%82%D0%BA%D0%B8%D0%92%D0%9F%D0%BE%D0%BB%D0%BB%D0%B5%D1%82%D0%B0%D1%85/Balance?$format=json&$expand=%D0%9D%D0%BE%D0%BC%D0%B5%D0%BD%D0%BA%D0%BB%D0%B0%D1%82%D1%83%D1%80%D0%B0/Parent,%20%D0%AF%D1%87%D0%B5%D0%B9%D0%BA%D0%B0%D0%A5%D1%80%D0%B0%D0%BD%D0%B5%D0%BD%D0%B8%D1%8F/%D0%A1%D0%BA%D0%BB%D0%B0%D0%B4,%20%D0%A1%D0%B5%D1%80%D0%B8%D1%8F%D0%9D%D0%BE%D0%BC%D0%B5%D0%BD%D0%BA%D0%BB%D0%B0%D1%82%D1%83%D1%80%D1%8B&$select=%D0%9D%D0%BE%D0%BC%D0%B5%D0%BD%D0%BA%D0%BB%D0%B0%D1%82%D1%83%D1%80%D0%B0/Code,%D0%9D%D0%BE%D0%BC%D0%B5%D0%BD%D0%BA%D0%BB%D0%B0%D1%82%D1%83%D1%80%D0%B0/Description,%D0%9D%D0%BE%D0%BC%D0%B5%D0%BD%D0%BA%D0%BB%D0%B0%D1%82%D1%83%D1%80%D0%B0/%D0%90%D1%80%D1%82%D0%B8%D0%BA%D1%83%D0%BB,%D0%9D%D0%BE%D0%BC%D0%B5%D0%BD%D0%BA%D0%BB%D0%B0%D1%82%D1%83%D1%80%D0%B0/Parent/Description,%D0%9A%D0%BE%D0%BB%D0%B8%D1%87%D0%B5%D1%81%D1%82%D0%B2%D0%BEBalance,%D0%A1%D0%B5%D1%80%D0%B8%D1%8F%D0%9D%D0%BE%D0%BC%D0%B5%D0%BD%D0%BA%D0%BB%D0%B0%D1%82%D1%83%D1%80%D1%8B/%D0%94%D0%B0%D1%82%D0%B0%D0%9F%D1%80%D0%BE%D0%B8%D0%B7%D0%B2%D0%BE%D0%B4%D1%81%D1%82%D0%B2%D0%B0,%D0%A1%D0%B5%D1%80%D0%B8%D1%8F%D0%9D%D0%BE%D0%BC%D0%B5%D0%BD%D0%BA%D0%BB%D0%B0%D1%82%D1%83%D1%80%D1%8B/%D0%93%D0%BE%D0%B4%D0%B5%D0%BD%D0%94%D0%BE,%D0%AF%D1%87%D0%B5%D0%B9%D0%BA%D0%B0%D0%A5%D1%80%D0%B0%D0%BD%D0%B5%D0%BD%D0%B8%D1%8F/%D0%A1%D0%BA%D0%BB%D0%B0%D0%B4/Description&$orderby=%D0%9D%D0%BE%D0%BC%D0%B5%D0%BD%D0%BA%D0%BB%D0%B0%D1%82%D1%83%D1%80%D0%B0/%D0%90%D1%80%D1%82%D0%B8%D0%BA%D1%83%D0%BB&$filter=%D0%9D%D0%BE%D0%BC%D0%B5%D0%BD%D0%BA%D0%BB%D0%B0%D1%82%D1%83%D1%80%D0%B0/Parent/Code%20eq%20'304903' HTTP/1.1" 200 89723
2025-01-24 12:38:07,974 urllib3.connectionpool DEBUG    Starting new HTTP connection (1): 172.172.185.67:80
2025-01-24 12:38:11,461 urllib3.connectionpool DEBUG    http://172.172.185.67:80 "GET /vlg_itc_wms/odata/standard.odata//AccumulationRegister_%D0%9E%D1%81%D1%82%D0%B0%D1%82%D0%BA%D0%B8%D0%92%D0%9F%D0%BE%D0%BB%D0%BB%D0%B5%D1%82%D0%B0%D1%85/Balance?$format=json&$expand=%D0%9D%D0%BE%D0%BC%D0%B5%D0%BD%D0%BA%D0%BB%D0%B0%D1%82%D1%83%D1%80%D0%B0/Parent,%20%D0%AF%D1%87%D0%B5%D0%B9%D0%BA%D0%B0%D0%A5%D1%80%D0%B0%D0%BD%D0%B5%D0%BD%D0%B8%D1%8F/%D0%A1%D0%BA%D0%BB%D0%B0%D0%B4,%20%D0%A1%D0%B5%D1%80%D0%B8%D1%8F%D0%9D%D0%BE%D0%BC%D0%B5%D0%BD%D0%BA%D0%BB%D0%B0%D1%82%D1%83%D1%80%D1%8B&$select=%D0%9D%D0%BE%D0%BC%D0%B5%D0%BD%D0%BA%D0%BB%D0%B0%D1%82%D1%83%D1%80%D0%B0/Code,%D0%9D%D0%BE%D0%BC%D0%B5%D0%BD%D0%BA%D0%BB%D0%B0%D1%82%D1%83%D1%80%D0%B0/Description,%D0%9D%D0%BE%D0%BC%D0%B5%D0%BD%D0%BA%D0%BB%D0%B0%D1%82%D1%83%D1%80%D0%B0/%D0%90%D1%80%D1%82%D0%B8%D0%BA%D1%83%D0%BB,%D0%9D%D0%BE%D0%BC%D0%B5%D0%BD%D0%BA%D0%BB%D0%B0%D1%82%D1%83%D1%80%D0%B0/Parent/Description,%D0%9A%D0%BE%D0%BB%D0%B8%D1%87%D0%B5%D1%81%D1%82%D0%B2%D0%BEBalance,%D0%A1%D0%B5%D1%80%D0%B8%D1%8F%D0%9D%D0%BE%D0%BC%D0%B5%D0%BD%D0%BA%D0%BB%D0%B0%D1%82%D1%83%D1%80%D1%8B/%D0%94%D0%B0%D1%82%D0%B0%D0%9F%D1%80%D0%BE%D0%B8%D0%B7%D0%B2%D0%BE%D0%B4%D1%81%D1%82%D0%B2%D0%B0,%D0%A1%D0%B5%D1%80%D0%B8%D1%8F%D0%9D%D0%BE%D0%BC%D0%B5%D0%BD%D0%BA%D0%BB%D0%B0%D1%82%D1%83%D1%80%D1%8B/%D0%93%D0%BE%D0%B4%D0%B5%D0%BD%D0%94%D0%BE,%D0%AF%D1%87%D0%B5%D0%B9%D0%BA%D0%B0%D0%A5%D1%80%D0%B0%D0%BD%D0%B5%D0%BD%D0%B8%D1%8F/%D0%A1%D0%BA%D0%BB%D0%B0%D0%B4/Description&$orderby=%D0%9D%D0%BE%D0%BC%D0%B5%D0%BD%D0%BA%D0%BB%D0%B0%D1%82%D1%83%D1%80%D0%B0/%D0%90%D1%80%D1%82%D0%B8%D0%BA%D1%83%D0%BB&$filter=%D0%9D%D0%BE%D0%BC%D0%B5%D0%BD%D0%BA%D0%BB%D0%B0%D1%82%D1%83%D1%80%D0%B0/Parent/Code%20eq%20'304903' HTTP/1.1" 200 89723
2025-01-24 12:41:13,639 urllib3.connectionpool DEBUG    Starting new HTTP connection (1): 172.172.185.67:80
2025-01-24 12:41:16,999 urllib3.connectionpool DEBUG    http://172.172.185.67:80 "GET /vlg_itc_wms/odata/standard.odata//AccumulationRegister_%D0%9E%D1%81%D1%82%D0%B0%D1%82%D0%BA%D0%B8%D0%92%D0%9F%D0%BE%D0%BB%D0%BB%D0%B5%D1%82%D0%B0%D1%85/Balance?$format=json&$expand=%D0%9D%D0%BE%D0%BC%D0%B5%D0%BD%D0%BA%D0%BB%D0%B0%D1%82%D1%83%D1%80%D0%B0/Parent,%20%D0%AF%D1%87%D0%B5%D0%B9%D0%BA%D0%B0%D0%A5%D1%80%D0%B0%D0%BD%D0%B5%D0%BD%D0%B8%D1%8F/%D0%A1%D0%BA%D0%BB%D0%B0%D0%B4,%20%D0%A1%D0%B5%D1%80%D0%B8%D1%8F%D0%9D%D0%BE%D0%BC%D0%B5%D0%BD%D0%BA%D0%BB%D0%B0%D1%82%D1%83%D1%80%D1%8B&$select=%D0%9D%D0%BE%D0%BC%D0%B5%D0%BD%D0%BA%D0%BB%D0%B0%D1%82%D1%83%D1%80%D0%B0/Code,%D0%9D%D0%BE%D0%BC%D0%B5%D0%BD%D0%BA%D0%BB%D0%B0%D1%82%D1%83%D1%80%D0%B0/Description,%D0%9D%D0%BE%D0%BC%D0%B5%D0%BD%D0%BA%D0%BB%D0%B0%D1%82%D1%83%D1%80%D0%B0/%D0%90%D1%80%D1%82%D0%B8%D0%BA%D1%83%D0%BB,%D0%9D%D0%BE%D0%BC%D0%B5%D0%BD%D0%BA%D0%BB%D0%B0%D1%82%D1%83%D1%80%D0%B0/Parent/Description,%D0%9A%D0%BE%D0%BB%D0%B8%D1%87%D0%B5%D1%81%D1%82%D0%B2%D0%BEBalance,%D0%A1%D0%B5%D1%80%D0%B8%D1%8F%D0%9D%D0%BE%D0%BC%D0%B5%D0%BD%D0%BA%D0%BB%D0%B0%D1%82%D1%83%D1%80%D1%8B/%D0%94%D0%B0%D1%82%D0%B0%D0%9F%D1%80%D0%BE%D0%B8%D0%B7%D0%B2%D0%BE%D0%B4%D1%81%D1%82%D0%B2%D0%B0,%D0%A1%D0%B5%D1%80%D0%B8%D1%8F%D0%9D%D0%BE%D0%BC%D0%B5%D0%BD%D0%BA%D0%BB%D0%B0%D1%82%D1%83%D1%80%D1%8B/%D0%93%D0%BE%D0%B4%D0%B5%D0%BD%D0%94%D0%BE,%D0%AF%D1%87%D0%B5%D0%B9%D0%BA%D0%B0%D0%A5%D1%80%D0%B0%D0%BD%D0%B5%D0%BD%D0%B8%D1%8F/%D0%A1%D0%BA%D0%BB%D0%B0%D0%B4/Description&$orderby=%D0%9D%D0%BE%D0%BC%D0%B5%D0%BD%D0%BA%D0%BB%D0%B0%D1%82%D1%83%D1%80%D0%B0/%D0%90%D1%80%D1%82%D0%B8%D0%BA%D1%83%D0%BB&$filter=%D0%9D%D0%BE%D0%BC%D0%B5%D0%BD%D0%BA%D0%BB%D0%B0%D1%82%D1%83%D1%80%D0%B0/Parent/Code%20eq%20'304903' HTTP/1.1" 200 89723
2025-01-24 12:42:11,097 urllib3.connectionpool DEBUG    Starting new HTTP connection (1): 172.172.185.67:80
2025-01-24 12:42:14,465 urllib3.connectionpool DEBUG    http://172.172.185.67:80 "GET /vlg_itc_wms/odata/standard.odata//AccumulationRegister_%D0%9E%D1%81%D1%82%D0%B0%D1%82%D0%BA%D0%B8%D0%92%D0%9F%D0%BE%D0%BB%D0%BB%D0%B5%D1%82%D0%B0%D1%85/Balance?$format=json&$expand=%D0%9D%D0%BE%D0%BC%D0%B5%D0%BD%D0%BA%D0%BB%D0%B0%D1%82%D1%83%D1%80%D0%B0/Parent,%20%D0%AF%D1%87%D0%B5%D0%B9%D0%BA%D0%B0%D0%A5%D1%80%D0%B0%D0%BD%D0%B5%D0%BD%D0%B8%D1%8F/%D0%A1%D0%BA%D0%BB%D0%B0%D0%B4,%20%D0%A1%D0%B5%D1%80%D0%B8%D1%8F%D0%9D%D0%BE%D0%BC%D0%B5%D0%BD%D0%BA%D0%BB%D0%B0%D1%82%D1%83%D1%80%D1%8B&$select=%D0%9D%D0%BE%D0%BC%D0%B5%D0%BD%D0%BA%D0%BB%D0%B0%D1%82%D1%83%D1%80%D0%B0/Code,%D0%9D%D0%BE%D0%BC%D0%B5%D0%BD%D0%BA%D0%BB%D0%B0%D1%82%D1%83%D1%80%D0%B0/Description,%D0%9D%D0%BE%D0%BC%D0%B5%D0%BD%D0%BA%D0%BB%D0%B0%D1%82%D1%83%D1%80%D0%B0/%D0%90%D1%80%D1%82%D0%B8%D0%BA%D1%83%D0%BB,%D0%9D%D0%BE%D0%BC%D0%B5%D0%BD%D0%BA%D0%BB%D0%B0%D1%82%D1%83%D1%80%D0%B0/Parent/Description,%D0%9A%D0%BE%D0%BB%D0%B8%D1%87%D0%B5%D1%81%D1%82%D0%B2%D0%BEBalance,%D0%A1%D0%B5%D1%80%D0%B8%D1%8F%D0%9D%D0%BE%D0%BC%D0%B5%D0%BD%D0%BA%D0%BB%D0%B0%D1%82%D1%83%D1%80%D1%8B/%D0%94%D0%B0%D1%82%D0%B0%D0%9F%D1%80%D0%BE%D0%B8%D0%B7%D0%B2%D0%BE%D0%B4%D1%81%D1%82%D0%B2%D0%B0,%D0%A1%D0%B5%D1%80%D0%B8%D1%8F%D0%9D%D0%BE%D0%BC%D0%B5%D0%BD%D0%BA%D0%BB%D0%B0%D1%82%D1%83%D1%80%D1%8B/%D0%93%D0%BE%D0%B4%D0%B5%D0%BD%D0%94%D0%BE,%D0%AF%D1%87%D0%B5%D0%B9%D0%BA%D0%B0%D0%A5%D1%80%D0%B0%D0%BD%D0%B5%D0%BD%D0%B8%D1%8F/%D0%A1%D0%BA%D0%BB%D0%B0%D0%B4/Description&$orderby=%D0%9D%D0%BE%D0%BC%D0%B5%D0%BD%D0%BA%D0%BB%D0%B0%D1%82%D1%83%D1%80%D0%B0/%D0%90%D1%80%D1%82%D0%B8%D0%BA%D1%83%D0%BB&$filter=%D0%9D%D0%BE%D0%BC%D0%B5%D0%BD%D0%BA%D0%BB%D0%B0%D1%82%D1%83%D1%80%D0%B0/Parent/Code%20eq%20'304903' HTTP/1.1" 200 89723
2025-01-24 14:50:02,247 django.request WARNING  Not Found: /favicon.ico
2025-01-24 15:08:33,289 django.request ERROR    Internal Server Error: /krd/skud
Traceback (most recent call last):
  File "C:\Users\rhashhanok\PycharmProjects\SLEX_02\.venv\Lib\site-packages\django\core\handlers\exception.py", line 55, in inner
    response = get_response(request)
               ^^^^^^^^^^^^^^^^^^^^^
  File "C:\Users\rhashhanok\PycharmProjects\SLEX_02\.venv\Lib\site-packages\django\core\handlers\base.py", line 197, in _get_response
    response = wrapped_callback(request, *callback_args, **callback_kwargs)
               ^^^^^^^^^^^^^^^^^^^^^^^^^^^^^^^^^^^^^^^^^^^^^^^^^^^^^^^^^^^^
  File "C:\Users\rhashhanok\PycharmProjects\SLEX_02\base_app\views.py", line 220, in show_reports_operation
    context['form'] = SverkiForm()
                      ^^^^^^^^^^^^
TypeError: SverkiForm.__init__() missing 1 required positional argument: 'choice_contracts'
2025-01-24 15:08:35,529 django.request ERROR    Internal Server Error: /krd/sverki
Traceback (most recent call last):
  File "C:\Users\rhashhanok\PycharmProjects\SLEX_02\.venv\Lib\site-packages\django\core\handlers\exception.py", line 55, in inner
    response = get_response(request)
               ^^^^^^^^^^^^^^^^^^^^^
  File "C:\Users\rhashhanok\PycharmProjects\SLEX_02\.venv\Lib\site-packages\django\core\handlers\base.py", line 197, in _get_response
    response = wrapped_callback(request, *callback_args, **callback_kwargs)
               ^^^^^^^^^^^^^^^^^^^^^^^^^^^^^^^^^^^^^^^^^^^^^^^^^^^^^^^^^^^^
  File "C:\Users\rhashhanok\PycharmProjects\SLEX_02\base_app\views.py", line 220, in show_reports_operation
    context['form'] = SverkiForm()
                      ^^^^^^^^^^^^
TypeError: SverkiForm.__init__() missing 1 required positional argument: 'choice_contracts'
2025-01-24 15:10:27,150 django.request WARNING  Not Found: /favicon.ico
2025-01-24 16:39:47,396 urllib3.connectionpool DEBUG    Starting new HTTP connection (1): 172.172.185.67:80
2025-01-24 16:39:59,237 urllib3.connectionpool DEBUG    http://172.172.185.67:80 "POST /krd_itc_wms/ru_RU/hs/PutData HTTP/1.1" 200 316
2025-01-27 09:49:52,950 urllib3.connectionpool DEBUG    Starting new HTTP connection (1): 172.172.185.67:80
2025-01-27 09:49:56,445 urllib3.connectionpool DEBUG    http://172.172.185.67:80 "GET /itc_wms/odata/standard.odata//AccumulationRegister_%D0%9E%D1%81%D1%82%D0%B0%D1%82%D0%BA%D0%B8%D0%92%D0%9F%D0%BE%D0%BB%D0%BB%D0%B5%D1%82%D0%B0%D1%85/Balance?$format=json&$expand=%D0%9D%D0%BE%D0%BC%D0%B5%D0%BD%D0%BA%D0%BB%D0%B0%D1%82%D1%83%D1%80%D0%B0/Parent,%20%D0%AF%D1%87%D0%B5%D0%B9%D0%BA%D0%B0%D0%A5%D1%80%D0%B0%D0%BD%D0%B5%D0%BD%D0%B8%D1%8F/%D0%A1%D0%BA%D0%BB%D0%B0%D0%B4,%20%D0%A1%D0%B5%D1%80%D0%B8%D1%8F%D0%9D%D0%BE%D0%BC%D0%B5%D0%BD%D0%BA%D0%BB%D0%B0%D1%82%D1%83%D1%80%D1%8B&$select=%D0%9D%D0%BE%D0%BC%D0%B5%D0%BD%D0%BA%D0%BB%D0%B0%D1%82%D1%83%D1%80%D0%B0/Code,%D0%9D%D0%BE%D0%BC%D0%B5%D0%BD%D0%BA%D0%BB%D0%B0%D1%82%D1%83%D1%80%D0%B0/Description,%D0%9D%D0%BE%D0%BC%D0%B5%D0%BD%D0%BA%D0%BB%D0%B0%D1%82%D1%83%D1%80%D0%B0/%D0%90%D1%80%D1%82%D0%B8%D0%BA%D1%83%D0%BB,%D0%9D%D0%BE%D0%BC%D0%B5%D0%BD%D0%BA%D0%BB%D0%B0%D1%82%D1%83%D1%80%D0%B0/Parent/Description,%D0%9A%D0%BE%D0%BB%D0%B8%D1%87%D0%B5%D1%81%D1%82%D0%B2%D0%BEBalance,%D0%A1%D0%B5%D1%80%D0%B8%D1%8F%D0%9D%D0%BE%D0%BC%D0%B5%D0%BD%D0%BA%D0%BB%D0%B0%D1%82%D1%83%D1%80%D1%8B/%D0%94%D0%B0%D1%82%D0%B0%D0%9F%D1%80%D0%BE%D0%B8%D0%B7%D0%B2%D0%BE%D0%B4%D1%81%D1%82%D0%B2%D0%B0,%D0%A1%D0%B5%D1%80%D0%B8%D1%8F%D0%9D%D0%BE%D0%BC%D0%B5%D0%BD%D0%BA%D0%BB%D0%B0%D1%82%D1%83%D1%80%D1%8B/%D0%93%D0%BE%D0%B4%D0%B5%D0%BD%D0%94%D0%BE,%D0%AF%D1%87%D0%B5%D0%B9%D0%BA%D0%B0%D0%A5%D1%80%D0%B0%D0%BD%D0%B5%D0%BD%D0%B8%D1%8F/%D0%A1%D0%BA%D0%BB%D0%B0%D0%B4/Description&$orderby=%D0%9D%D0%BE%D0%BC%D0%B5%D0%BD%D0%BA%D0%BB%D0%B0%D1%82%D1%83%D1%80%D0%B0/%D0%90%D1%80%D1%82%D0%B8%D0%BA%D1%83%D0%BB&$filter=%D0%9D%D0%BE%D0%BC%D0%B5%D0%BD%D0%BA%D0%BB%D0%B0%D1%82%D1%83%D1%80%D0%B0/Parent/Code%20eq%20'304903' HTTP/1.1" 200 103669
2025-01-27 09:50:36,304 urllib3.connectionpool DEBUG    Starting new HTTP connection (1): 172.172.185.67:80
2025-01-27 09:50:39,789 urllib3.connectionpool DEBUG    http://172.172.185.67:80 "GET /itc_wms/odata/standard.odata//AccumulationRegister_%D0%9E%D1%81%D1%82%D0%B0%D1%82%D0%BA%D0%B8%D0%92%D0%9F%D0%BE%D0%BB%D0%BB%D0%B5%D1%82%D0%B0%D1%85/Balance?$format=json&$expand=%D0%9D%D0%BE%D0%BC%D0%B5%D0%BD%D0%BA%D0%BB%D0%B0%D1%82%D1%83%D1%80%D0%B0/Parent,%20%D0%AF%D1%87%D0%B5%D0%B9%D0%BA%D0%B0%D0%A5%D1%80%D0%B0%D0%BD%D0%B5%D0%BD%D0%B8%D1%8F/%D0%A1%D0%BA%D0%BB%D0%B0%D0%B4,%20%D0%A1%D0%B5%D1%80%D0%B8%D1%8F%D0%9D%D0%BE%D0%BC%D0%B5%D0%BD%D0%BA%D0%BB%D0%B0%D1%82%D1%83%D1%80%D1%8B&$select=%D0%9D%D0%BE%D0%BC%D0%B5%D0%BD%D0%BA%D0%BB%D0%B0%D1%82%D1%83%D1%80%D0%B0/Code,%D0%9D%D0%BE%D0%BC%D0%B5%D0%BD%D0%BA%D0%BB%D0%B0%D1%82%D1%83%D1%80%D0%B0/Description,%D0%9D%D0%BE%D0%BC%D0%B5%D0%BD%D0%BA%D0%BB%D0%B0%D1%82%D1%83%D1%80%D0%B0/%D0%90%D1%80%D1%82%D0%B8%D0%BA%D1%83%D0%BB,%D0%9D%D0%BE%D0%BC%D0%B5%D0%BD%D0%BA%D0%BB%D0%B0%D1%82%D1%83%D1%80%D0%B0/Parent/Description,%D0%9A%D0%BE%D0%BB%D0%B8%D1%87%D0%B5%D1%81%D1%82%D0%B2%D0%BEBalance,%D0%A1%D0%B5%D1%80%D0%B8%D1%8F%D0%9D%D0%BE%D0%BC%D0%B5%D0%BD%D0%BA%D0%BB%D0%B0%D1%82%D1%83%D1%80%D1%8B/%D0%94%D0%B0%D1%82%D0%B0%D0%9F%D1%80%D0%BE%D0%B8%D0%B7%D0%B2%D0%BE%D0%B4%D1%81%D1%82%D0%B2%D0%B0,%D0%A1%D0%B5%D1%80%D0%B8%D1%8F%D0%9D%D0%BE%D0%BC%D0%B5%D0%BD%D0%BA%D0%BB%D0%B0%D1%82%D1%83%D1%80%D1%8B/%D0%93%D0%BE%D0%B4%D0%B5%D0%BD%D0%94%D0%BE,%D0%AF%D1%87%D0%B5%D0%B9%D0%BA%D0%B0%D0%A5%D1%80%D0%B0%D0%BD%D0%B5%D0%BD%D0%B8%D1%8F/%D0%A1%D0%BA%D0%BB%D0%B0%D0%B4/Description&$orderby=%D0%9D%D0%BE%D0%BC%D0%B5%D0%BD%D0%BA%D0%BB%D0%B0%D1%82%D1%83%D1%80%D0%B0/%D0%90%D1%80%D1%82%D0%B8%D0%BA%D1%83%D0%BB&$filter=%D0%9D%D0%BE%D0%BC%D0%B5%D0%BD%D0%BA%D0%BB%D0%B0%D1%82%D1%83%D1%80%D0%B0/Parent/Code%20eq%20'304903' HTTP/1.1" 200 103669
2025-01-27 11:28:30,480 django.request WARNING  Not Found: /favicon.ico
2025-01-27 14:34:51,934 django.request WARNING  Not Found: /favicon.ico
2025-01-27 17:01:18,005 urllib3.connectionpool DEBUG    Starting new HTTP connection (1): 172.172.185.67:80
2025-01-27 17:01:25,587 urllib3.connectionpool DEBUG    http://172.172.185.67:80 "POST /krd_itc_wms/ru_RU/hs/PutData HTTP/1.1" 200 371
2025-01-28 08:18:35,875 django.request WARNING  Not Found: /favicon.ico
2025-01-28 09:07:20,652 django.request WARNING  Not Found: /favicon.ico
2025-01-28 09:10:46,390 django.request WARNING  Not Found: /favicon.ico
2025-01-28 16:22:16,480 django.request WARNING  Not Found: /favicon.ico
2025-01-28 16:28:04,146 urllib3.connectionpool DEBUG    Starting new HTTP connection (1): 172.172.185.67:80
2025-01-28 16:28:10,191 urllib3.connectionpool DEBUG    http://172.172.185.67:80 "POST /krd_itc_wms/ru_RU/hs/PutData HTTP/1.1" 200 235
2025-01-28 17:11:11,240 django.request WARNING  Not Found: /favicon.ico
2025-01-28 19:13:16,796 urllib3.connectionpool DEBUG    Starting new HTTP connection (1): 172.172.185.67:80
2025-01-28 19:13:20,270 urllib3.connectionpool DEBUG    http://172.172.185.67:80 "GET /krd_itc_wms/odata/standard.odata//AccumulationRegister_%D0%9E%D1%81%D1%82%D0%B0%D1%82%D0%BA%D0%B8%D0%92%D0%9F%D0%BE%D0%BB%D0%BB%D0%B5%D1%82%D0%B0%D1%85/Balance?$format=json&$expand=%D0%9D%D0%BE%D0%BC%D0%B5%D0%BD%D0%BA%D0%BB%D0%B0%D1%82%D1%83%D1%80%D0%B0/Parent,%20%D0%AF%D1%87%D0%B5%D0%B9%D0%BA%D0%B0%D0%A5%D1%80%D0%B0%D0%BD%D0%B5%D0%BD%D0%B8%D1%8F/%D0%A1%D0%BA%D0%BB%D0%B0%D0%B4,%20%D0%A1%D0%B5%D1%80%D0%B8%D1%8F%D0%9D%D0%BE%D0%BC%D0%B5%D0%BD%D0%BA%D0%BB%D0%B0%D1%82%D1%83%D1%80%D1%8B&$select=%D0%9D%D0%BE%D0%BC%D0%B5%D0%BD%D0%BA%D0%BB%D0%B0%D1%82%D1%83%D1%80%D0%B0/Code,%D0%9D%D0%BE%D0%BC%D0%B5%D0%BD%D0%BA%D0%BB%D0%B0%D1%82%D1%83%D1%80%D0%B0/Description,%D0%9D%D0%BE%D0%BC%D0%B5%D0%BD%D0%BA%D0%BB%D0%B0%D1%82%D1%83%D1%80%D0%B0/%D0%90%D1%80%D1%82%D0%B8%D0%BA%D1%83%D0%BB,%D0%9D%D0%BE%D0%BC%D0%B5%D0%BD%D0%BA%D0%BB%D0%B0%D1%82%D1%83%D1%80%D0%B0/Parent/Description,%D0%9A%D0%BE%D0%BB%D0%B8%D1%87%D0%B5%D1%81%D1%82%D0%B2%D0%BEBalance,%D0%A1%D0%B5%D1%80%D0%B8%D1%8F%D0%9D%D0%BE%D0%BC%D0%B5%D0%BD%D0%BA%D0%BB%D0%B0%D1%82%D1%83%D1%80%D1%8B/%D0%94%D0%B0%D1%82%D0%B0%D0%9F%D1%80%D0%BE%D0%B8%D0%B7%D0%B2%D0%BE%D0%B4%D1%81%D1%82%D0%B2%D0%B0,%D0%A1%D0%B5%D1%80%D0%B8%D1%8F%D0%9D%D0%BE%D0%BC%D0%B5%D0%BD%D0%BA%D0%BB%D0%B0%D1%82%D1%83%D1%80%D1%8B/%D0%93%D0%BE%D0%B4%D0%B5%D0%BD%D0%94%D0%BE,%D0%AF%D1%87%D0%B5%D0%B9%D0%BA%D0%B0%D0%A5%D1%80%D0%B0%D0%BD%D0%B5%D0%BD%D0%B8%D1%8F/%D0%A1%D0%BA%D0%BB%D0%B0%D0%B4/Description&$orderby=%D0%9D%D0%BE%D0%BC%D0%B5%D0%BD%D0%BA%D0%BB%D0%B0%D1%82%D1%83%D1%80%D0%B0/%D0%90%D1%80%D1%82%D0%B8%D0%BA%D1%83%D0%BB&$filter=%D0%9D%D0%BE%D0%BC%D0%B5%D0%BD%D0%BA%D0%BB%D0%B0%D1%82%D1%83%D1%80%D0%B0/Parent/Code%20eq%20'356959' HTTP/1.1" 200 39321
2025-01-29 09:38:59,383 django.request WARNING  Not Found: /favicon.ico
2025-01-29 10:32:14,377 django.request WARNING  Not Found: /favicon.ico
2025-01-29 12:57:07,430 django.request WARNING  Not Found: /favicon.ico
2025-01-29 16:32:22,170 django.request WARNING  Not Found: /favicon.ico
2025-01-29 16:32:32,101 urllib3.connectionpool DEBUG    Starting new HTTP connection (1): 172.172.185.67:80
2025-01-29 16:32:42,362 urllib3.connectionpool DEBUG    http://172.172.185.67:80 "POST /krd_itc_wms/ru_RU/hs/PutData HTTP/1.1" 200 343
2025-01-30 09:29:22,537 django.request WARNING  Not Found: /favicon.ico
2025-01-30 14:31:55,234 django.request WARNING  Not Found: /accounts/profile/
2025-01-30 14:33:56,057 urllib3.connectionpool DEBUG    Starting new HTTP connection (1): 172.172.185.67:80
2025-01-30 14:33:59,757 urllib3.connectionpool DEBUG    http://172.172.185.67:80 "GET /krd_itc_wms/odata/standard.odata//AccumulationRegister_%D0%9E%D1%81%D1%82%D0%B0%D1%82%D0%BA%D0%B8%D0%92%D0%9F%D0%BE%D0%BB%D0%BB%D0%B5%D1%82%D0%B0%D1%85/Balance?$format=json&$expand=%D0%9D%D0%BE%D0%BC%D0%B5%D0%BD%D0%BA%D0%BB%D0%B0%D1%82%D1%83%D1%80%D0%B0/Parent,%20%D0%AF%D1%87%D0%B5%D0%B9%D0%BA%D0%B0%D0%A5%D1%80%D0%B0%D0%BD%D0%B5%D0%BD%D0%B8%D1%8F/%D0%A1%D0%BA%D0%BB%D0%B0%D0%B4,%20%D0%A1%D0%B5%D1%80%D0%B8%D1%8F%D0%9D%D0%BE%D0%BC%D0%B5%D0%BD%D0%BA%D0%BB%D0%B0%D1%82%D1%83%D1%80%D1%8B&$select=%D0%9D%D0%BE%D0%BC%D0%B5%D0%BD%D0%BA%D0%BB%D0%B0%D1%82%D1%83%D1%80%D0%B0/Code,%D0%9D%D0%BE%D0%BC%D0%B5%D0%BD%D0%BA%D0%BB%D0%B0%D1%82%D1%83%D1%80%D0%B0/Description,%D0%9D%D0%BE%D0%BC%D0%B5%D0%BD%D0%BA%D0%BB%D0%B0%D1%82%D1%83%D1%80%D0%B0/%D0%90%D1%80%D1%82%D0%B8%D0%BA%D1%83%D0%BB,%D0%9D%D0%BE%D0%BC%D0%B5%D0%BD%D0%BA%D0%BB%D0%B0%D1%82%D1%83%D1%80%D0%B0/Parent/Description,%D0%9A%D0%BE%D0%BB%D0%B8%D1%87%D0%B5%D1%81%D1%82%D0%B2%D0%BEBalance,%D0%A1%D0%B5%D1%80%D0%B8%D1%8F%D0%9D%D0%BE%D0%BC%D0%B5%D0%BD%D0%BA%D0%BB%D0%B0%D1%82%D1%83%D1%80%D1%8B/%D0%94%D0%B0%D1%82%D0%B0%D0%9F%D1%80%D0%BE%D0%B8%D0%B7%D0%B2%D0%BE%D0%B4%D1%81%D1%82%D0%B2%D0%B0,%D0%A1%D0%B5%D1%80%D0%B8%D1%8F%D0%9D%D0%BE%D0%BC%D0%B5%D0%BD%D0%BA%D0%BB%D0%B0%D1%82%D1%83%D1%80%D1%8B/%D0%93%D0%BE%D0%B4%D0%B5%D0%BD%D0%94%D0%BE,%D0%AF%D1%87%D0%B5%D0%B9%D0%BA%D0%B0%D0%A5%D1%80%D0%B0%D0%BD%D0%B5%D0%BD%D0%B8%D1%8F/%D0%A1%D0%BA%D0%BB%D0%B0%D0%B4/Description&$orderby=%D0%9D%D0%BE%D0%BC%D0%B5%D0%BD%D0%BA%D0%BB%D0%B0%D1%82%D1%83%D1%80%D0%B0/%D0%90%D1%80%D1%82%D0%B8%D0%BA%D1%83%D0%BB&$filter=%D0%9D%D0%BE%D0%BC%D0%B5%D0%BD%D0%BA%D0%BB%D0%B0%D1%82%D1%83%D1%80%D0%B0/Parent/Code%20eq%20'383531' HTTP/1.1" 200 161196
2025-01-30 17:09:55,429 django.request WARNING  Not Found: /favicon.ico
2025-01-30 17:12:51,068 urllib3.connectionpool DEBUG    Starting new HTTP connection (1): 172.172.185.67:80
2025-01-30 17:13:01,013 urllib3.connectionpool DEBUG    http://172.172.185.67:80 "POST /krd_itc_wms/ru_RU/hs/PutData HTTP/1.1" 200 371
2025-01-31 11:26:45,276 urllib3.connectionpool DEBUG    Starting new HTTP connection (1): 172.172.185.67:80
2025-01-31 11:26:48,812 urllib3.connectionpool DEBUG    http://172.172.185.67:80 "GET /krd_itc_wms/odata/standard.odata//AccumulationRegister_%D0%9E%D1%81%D1%82%D0%B0%D1%82%D0%BA%D0%B8%D0%92%D0%9F%D0%BE%D0%BB%D0%BB%D0%B5%D1%82%D0%B0%D1%85/Balance?$format=json&$expand=%D0%9D%D0%BE%D0%BC%D0%B5%D0%BD%D0%BA%D0%BB%D0%B0%D1%82%D1%83%D1%80%D0%B0/Parent,%20%D0%AF%D1%87%D0%B5%D0%B9%D0%BA%D0%B0%D0%A5%D1%80%D0%B0%D0%BD%D0%B5%D0%BD%D0%B8%D1%8F/%D0%A1%D0%BA%D0%BB%D0%B0%D0%B4,%20%D0%A1%D0%B5%D1%80%D0%B8%D1%8F%D0%9D%D0%BE%D0%BC%D0%B5%D0%BD%D0%BA%D0%BB%D0%B0%D1%82%D1%83%D1%80%D1%8B&$select=%D0%9D%D0%BE%D0%BC%D0%B5%D0%BD%D0%BA%D0%BB%D0%B0%D1%82%D1%83%D1%80%D0%B0/Code,%D0%9D%D0%BE%D0%BC%D0%B5%D0%BD%D0%BA%D0%BB%D0%B0%D1%82%D1%83%D1%80%D0%B0/Description,%D0%9D%D0%BE%D0%BC%D0%B5%D0%BD%D0%BA%D0%BB%D0%B0%D1%82%D1%83%D1%80%D0%B0/%D0%90%D1%80%D1%82%D0%B8%D0%BA%D1%83%D0%BB,%D0%9D%D0%BE%D0%BC%D0%B5%D0%BD%D0%BA%D0%BB%D0%B0%D1%82%D1%83%D1%80%D0%B0/Parent/Description,%D0%9A%D0%BE%D0%BB%D0%B8%D1%87%D0%B5%D1%81%D1%82%D0%B2%D0%BEBalance,%D0%A1%D0%B5%D1%80%D0%B8%D1%8F%D0%9D%D0%BE%D0%BC%D0%B5%D0%BD%D0%BA%D0%BB%D0%B0%D1%82%D1%83%D1%80%D1%8B/%D0%94%D0%B0%D1%82%D0%B0%D0%9F%D1%80%D0%BE%D0%B8%D0%B7%D0%B2%D0%BE%D0%B4%D1%81%D1%82%D0%B2%D0%B0,%D0%A1%D0%B5%D1%80%D0%B8%D1%8F%D0%9D%D0%BE%D0%BC%D0%B5%D0%BD%D0%BA%D0%BB%D0%B0%D1%82%D1%83%D1%80%D1%8B/%D0%93%D0%BE%D0%B4%D0%B5%D0%BD%D0%94%D0%BE,%D0%AF%D1%87%D0%B5%D0%B9%D0%BA%D0%B0%D0%A5%D1%80%D0%B0%D0%BD%D0%B5%D0%BD%D0%B8%D1%8F/%D0%A1%D0%BA%D0%BB%D0%B0%D0%B4/Description&$orderby=%D0%9D%D0%BE%D0%BC%D0%B5%D0%BD%D0%BA%D0%BB%D0%B0%D1%82%D1%83%D1%80%D0%B0/%D0%90%D1%80%D1%82%D0%B8%D0%BA%D1%83%D0%BB&$filter=%D0%9D%D0%BE%D0%BC%D0%B5%D0%BD%D0%BA%D0%BB%D0%B0%D1%82%D1%83%D1%80%D0%B0/Parent/Code%20eq%20'383531' HTTP/1.1" 200 99629
2025-01-31 11:58:31,317 django.request WARNING  Not Found: /favicon.ico
2025-01-31 12:27:48,030 urllib3.connectionpool DEBUG    Starting new HTTP connection (1): 172.172.185.67:80
2025-01-31 12:27:53,042 urllib3.connectionpool DEBUG    http://172.172.185.67:80 "GET /krd_itc_wms/odata/standard.odata//AccumulationRegister_%D0%9E%D1%81%D1%82%D0%B0%D1%82%D0%BA%D0%B8%D0%92%D0%9F%D0%BE%D0%BB%D0%BB%D0%B5%D1%82%D0%B0%D1%85/Balance?$format=json&$expand=%D0%9D%D0%BE%D0%BC%D0%B5%D0%BD%D0%BA%D0%BB%D0%B0%D1%82%D1%83%D1%80%D0%B0/Parent,%20%D0%AF%D1%87%D0%B5%D0%B9%D0%BA%D0%B0%D0%A5%D1%80%D0%B0%D0%BD%D0%B5%D0%BD%D0%B8%D1%8F/%D0%A1%D0%BA%D0%BB%D0%B0%D0%B4,%20%D0%A1%D0%B5%D1%80%D0%B8%D1%8F%D0%9D%D0%BE%D0%BC%D0%B5%D0%BD%D0%BA%D0%BB%D0%B0%D1%82%D1%83%D1%80%D1%8B&$select=%D0%9D%D0%BE%D0%BC%D0%B5%D0%BD%D0%BA%D0%BB%D0%B0%D1%82%D1%83%D1%80%D0%B0/Code,%D0%9D%D0%BE%D0%BC%D0%B5%D0%BD%D0%BA%D0%BB%D0%B0%D1%82%D1%83%D1%80%D0%B0/Description,%D0%9D%D0%BE%D0%BC%D0%B5%D0%BD%D0%BA%D0%BB%D0%B0%D1%82%D1%83%D1%80%D0%B0/%D0%90%D1%80%D1%82%D0%B8%D0%BA%D1%83%D0%BB,%D0%9D%D0%BE%D0%BC%D0%B5%D0%BD%D0%BA%D0%BB%D0%B0%D1%82%D1%83%D1%80%D0%B0/Parent/Description,%D0%9A%D0%BE%D0%BB%D0%B8%D1%87%D0%B5%D1%81%D1%82%D0%B2%D0%BEBalance,%D0%A1%D0%B5%D1%80%D0%B8%D1%8F%D0%9D%D0%BE%D0%BC%D0%B5%D0%BD%D0%BA%D0%BB%D0%B0%D1%82%D1%83%D1%80%D1%8B/%D0%94%D0%B0%D1%82%D0%B0%D0%9F%D1%80%D0%BE%D0%B8%D0%B7%D0%B2%D0%BE%D0%B4%D1%81%D1%82%D0%B2%D0%B0,%D0%A1%D0%B5%D1%80%D0%B8%D1%8F%D0%9D%D0%BE%D0%BC%D0%B5%D0%BD%D0%BA%D0%BB%D0%B0%D1%82%D1%83%D1%80%D1%8B/%D0%93%D0%BE%D0%B4%D0%B5%D0%BD%D0%94%D0%BE,%D0%AF%D1%87%D0%B5%D0%B9%D0%BA%D0%B0%D0%A5%D1%80%D0%B0%D0%BD%D0%B5%D0%BD%D0%B8%D1%8F/%D0%A1%D0%BA%D0%BB%D0%B0%D0%B4/Description&$orderby=%D0%9D%D0%BE%D0%BC%D0%B5%D0%BD%D0%BA%D0%BB%D0%B0%D1%82%D1%83%D1%80%D0%B0/%D0%90%D1%80%D1%82%D0%B8%D0%BA%D1%83%D0%BB&$filter=%D0%9D%D0%BE%D0%BC%D0%B5%D0%BD%D0%BA%D0%BB%D0%B0%D1%82%D1%83%D1%80%D0%B0/Parent/Code%20eq%20'289363' HTTP/1.1" 200 2064926
2025-01-31 16:45:02,817 django.request WARNING  Not Found: /favicon.ico
2025-01-31 17:51:06,385 urllib3.connectionpool DEBUG    Starting new HTTP connection (1): 172.172.185.67:80
2025-01-31 17:51:14,968 urllib3.connectionpool DEBUG    http://172.172.185.67:80 "POST /krd_itc_wms/ru_RU/hs/PutData HTTP/1.1" 200 289
2025-01-31 17:52:17,138 django.utils.autoreload INFO     C:\Users\rhashhanok\PycharmProjects\SLEX_02\base_app\contract_models\krd\agro.py changed, reloading.
2025-01-31 17:52:18,762 django.utils.autoreload INFO     Watching for file changes with StatReloader
2025-01-31 17:52:24,939 django.utils.autoreload INFO     C:\Users\rhashhanok\PycharmProjects\SLEX_02\base_app\contract_models\krd\agro.py changed, reloading.
2025-01-31 17:52:26,501 django.utils.autoreload INFO     Watching for file changes with StatReloader
2025-01-31 17:52:34,429 urllib3.connectionpool DEBUG    Starting new HTTP connection (1): 172.172.185.67:80
2025-01-31 17:52:39,585 urllib3.connectionpool DEBUG    http://172.172.185.67:80 "POST /krd_itc_wms/ru_RU/hs/PutData HTTP/1.1" 200 154
2025-01-31 17:54:11,590 django.utils.autoreload INFO     C:\Users\rhashhanok\PycharmProjects\SLEX_02\base_app\contract_models\krd\agro.py changed, reloading.
2025-01-31 17:54:13,087 django.utils.autoreload INFO     Watching for file changes with StatReloader
2025-02-01 08:39:29,392 django.request WARNING  Not Found: /favicon.ico
2025-02-02 08:26:47,435 django.request WARNING  Not Found: /favicon.ico
2025-02-03 09:51:49,467 urllib3.connectionpool DEBUG    Starting new HTTP connection (1): 172.172.185.67:80
2025-02-03 09:51:52,914 urllib3.connectionpool DEBUG    http://172.172.185.67:80 "GET /itc_wms/odata/standard.odata//AccumulationRegister_%D0%9E%D1%81%D1%82%D0%B0%D1%82%D0%BA%D0%B8%D0%92%D0%9F%D0%BE%D0%BB%D0%BB%D0%B5%D1%82%D0%B0%D1%85/Balance?$format=json&$expand=%D0%9D%D0%BE%D0%BC%D0%B5%D0%BD%D0%BA%D0%BB%D0%B0%D1%82%D1%83%D1%80%D0%B0/Parent,%20%D0%AF%D1%87%D0%B5%D0%B9%D0%BA%D0%B0%D0%A5%D1%80%D0%B0%D0%BD%D0%B5%D0%BD%D0%B8%D1%8F/%D0%A1%D0%BA%D0%BB%D0%B0%D0%B4,%20%D0%A1%D0%B5%D1%80%D0%B8%D1%8F%D0%9D%D0%BE%D0%BC%D0%B5%D0%BD%D0%BA%D0%BB%D0%B0%D1%82%D1%83%D1%80%D1%8B&$select=%D0%9D%D0%BE%D0%BC%D0%B5%D0%BD%D0%BA%D0%BB%D0%B0%D1%82%D1%83%D1%80%D0%B0/Code,%D0%9D%D0%BE%D0%BC%D0%B5%D0%BD%D0%BA%D0%BB%D0%B0%D1%82%D1%83%D1%80%D0%B0/Description,%D0%9D%D0%BE%D0%BC%D0%B5%D0%BD%D0%BA%D0%BB%D0%B0%D1%82%D1%83%D1%80%D0%B0/%D0%90%D1%80%D1%82%D0%B8%D0%BA%D1%83%D0%BB,%D0%9D%D0%BE%D0%BC%D0%B5%D0%BD%D0%BA%D0%BB%D0%B0%D1%82%D1%83%D1%80%D0%B0/Parent/Description,%D0%9A%D0%BE%D0%BB%D0%B8%D1%87%D0%B5%D1%81%D1%82%D0%B2%D0%BEBalance,%D0%A1%D0%B5%D1%80%D0%B8%D1%8F%D0%9D%D0%BE%D0%BC%D0%B5%D0%BD%D0%BA%D0%BB%D0%B0%D1%82%D1%83%D1%80%D1%8B/%D0%94%D0%B0%D1%82%D0%B0%D0%9F%D1%80%D0%BE%D0%B8%D0%B7%D0%B2%D0%BE%D0%B4%D1%81%D1%82%D0%B2%D0%B0,%D0%A1%D0%B5%D1%80%D0%B8%D1%8F%D0%9D%D0%BE%D0%BC%D0%B5%D0%BD%D0%BA%D0%BB%D0%B0%D1%82%D1%83%D1%80%D1%8B/%D0%93%D0%BE%D0%B4%D0%B5%D0%BD%D0%94%D0%BE,%D0%AF%D1%87%D0%B5%D0%B9%D0%BA%D0%B0%D0%A5%D1%80%D0%B0%D0%BD%D0%B5%D0%BD%D0%B8%D1%8F/%D0%A1%D0%BA%D0%BB%D0%B0%D0%B4/Description&$orderby=%D0%9D%D0%BE%D0%BC%D0%B5%D0%BD%D0%BA%D0%BB%D0%B0%D1%82%D1%83%D1%80%D0%B0/%D0%90%D1%80%D1%82%D0%B8%D0%BA%D1%83%D0%BB&$filter=%D0%9D%D0%BE%D0%BC%D0%B5%D0%BD%D0%BA%D0%BB%D0%B0%D1%82%D1%83%D1%80%D0%B0/Parent/Code%20eq%20'304903' HTTP/1.1" 200 107496
2025-02-03 09:52:33,371 urllib3.connectionpool DEBUG    Starting new HTTP connection (1): 172.172.185.67:80
2025-02-03 09:52:36,831 urllib3.connectionpool DEBUG    http://172.172.185.67:80 "GET /itc_wms/odata/standard.odata//AccumulationRegister_%D0%9E%D1%81%D1%82%D0%B0%D1%82%D0%BA%D0%B8%D0%92%D0%9F%D0%BE%D0%BB%D0%BB%D0%B5%D1%82%D0%B0%D1%85/Balance?$format=json&$expand=%D0%9D%D0%BE%D0%BC%D0%B5%D0%BD%D0%BA%D0%BB%D0%B0%D1%82%D1%83%D1%80%D0%B0/Parent,%20%D0%AF%D1%87%D0%B5%D0%B9%D0%BA%D0%B0%D0%A5%D1%80%D0%B0%D0%BD%D0%B5%D0%BD%D0%B8%D1%8F/%D0%A1%D0%BA%D0%BB%D0%B0%D0%B4,%20%D0%A1%D0%B5%D1%80%D0%B8%D1%8F%D0%9D%D0%BE%D0%BC%D0%B5%D0%BD%D0%BA%D0%BB%D0%B0%D1%82%D1%83%D1%80%D1%8B&$select=%D0%9D%D0%BE%D0%BC%D0%B5%D0%BD%D0%BA%D0%BB%D0%B0%D1%82%D1%83%D1%80%D0%B0/Code,%D0%9D%D0%BE%D0%BC%D0%B5%D0%BD%D0%BA%D0%BB%D0%B0%D1%82%D1%83%D1%80%D0%B0/Description,%D0%9D%D0%BE%D0%BC%D0%B5%D0%BD%D0%BA%D0%BB%D0%B0%D1%82%D1%83%D1%80%D0%B0/%D0%90%D1%80%D1%82%D0%B8%D0%BA%D1%83%D0%BB,%D0%9D%D0%BE%D0%BC%D0%B5%D0%BD%D0%BA%D0%BB%D0%B0%D1%82%D1%83%D1%80%D0%B0/Parent/Description,%D0%9A%D0%BE%D0%BB%D0%B8%D1%87%D0%B5%D1%81%D1%82%D0%B2%D0%BEBalance,%D0%A1%D0%B5%D1%80%D0%B8%D1%8F%D0%9D%D0%BE%D0%BC%D0%B5%D0%BD%D0%BA%D0%BB%D0%B0%D1%82%D1%83%D1%80%D1%8B/%D0%94%D0%B0%D1%82%D0%B0%D0%9F%D1%80%D0%BE%D0%B8%D0%B7%D0%B2%D0%BE%D0%B4%D1%81%D1%82%D0%B2%D0%B0,%D0%A1%D0%B5%D1%80%D0%B8%D1%8F%D0%9D%D0%BE%D0%BC%D0%B5%D0%BD%D0%BA%D0%BB%D0%B0%D1%82%D1%83%D1%80%D1%8B/%D0%93%D0%BE%D0%B4%D0%B5%D0%BD%D0%94%D0%BE,%D0%AF%D1%87%D0%B5%D0%B9%D0%BA%D0%B0%D0%A5%D1%80%D0%B0%D0%BD%D0%B5%D0%BD%D0%B8%D1%8F/%D0%A1%D0%BA%D0%BB%D0%B0%D0%B4/Description&$orderby=%D0%9D%D0%BE%D0%BC%D0%B5%D0%BD%D0%BA%D0%BB%D0%B0%D1%82%D1%83%D1%80%D0%B0/%D0%90%D1%80%D1%82%D0%B8%D0%BA%D1%83%D0%BB&$filter=%D0%9D%D0%BE%D0%BC%D0%B5%D0%BD%D0%BA%D0%BB%D0%B0%D1%82%D1%83%D1%80%D0%B0/Parent/Code%20eq%20'304903' HTTP/1.1" 200 107496
2025-02-03 14:34:55,372 django.request WARNING  Not Found: /favicon.ico
2025-02-03 15:18:49,139 django.request WARNING  Not Found: /favicon.ico
2025-02-03 16:32:45,291 django.request WARNING  Not Found: /favicon.ico
2025-02-03 16:34:07,145 urllib3.connectionpool DEBUG    Starting new HTTP connection (1): 172.172.185.67:80
2025-02-03 16:34:18,132 urllib3.connectionpool DEBUG    http://172.172.185.67:80 "POST /krd_itc_wms/ru_RU/hs/PutData HTTP/1.1" 200 371
2025-02-04 09:59:19,992 django.request WARNING  Not Found: /favicon.ico
2025-02-04 11:15:10,622 django.request WARNING  Not Found: /favicon.ico
2025-02-04 12:38:41,853 django.request WARNING  Not Found: /favicon.ico
2025-02-04 17:41:50,560 urllib3.connectionpool DEBUG    Starting new HTTP connection (1): 172.172.185.67:80
2025-02-04 17:41:56,567 urllib3.connectionpool DEBUG    http://172.172.185.67:80 "POST /krd_itc_wms/ru_RU/hs/PutData HTTP/1.1" 200 262
2025-02-05 15:28:59,369 django.request WARNING  Not Found: /favicon.ico
2025-02-05 16:35:17,603 urllib3.connectionpool DEBUG    Starting new HTTP connection (1): 172.172.185.67:80
2025-02-05 16:35:29,317 urllib3.connectionpool DEBUG    http://172.172.185.67:80 "POST /krd_itc_wms/ru_RU/hs/PutData HTTP/1.1" 200 371
2025-02-05 16:59:15,799 django.request WARNING  Not Found: /favicon.ico
2025-02-05 16:59:44,480 django.request WARNING  Not Found: /favicon.ico
2025-02-05 17:08:40,649 urllib3.connectionpool DEBUG    Starting new HTTP connection (1): 172.172.185.67:80
2025-02-05 17:08:44,232 urllib3.connectionpool DEBUG    http://172.172.185.67:80 "GET /krd_itc_wms/odata/standard.odata//AccumulationRegister_%D0%9E%D1%81%D1%82%D0%B0%D1%82%D0%BA%D0%B8%D0%92%D0%9F%D0%BE%D0%BB%D0%BB%D0%B5%D1%82%D0%B0%D1%85/Balance?$format=json&$expand=%D0%9D%D0%BE%D0%BC%D0%B5%D0%BD%D0%BA%D0%BB%D0%B0%D1%82%D1%83%D1%80%D0%B0/Parent,%20%D0%AF%D1%87%D0%B5%D0%B9%D0%BA%D0%B0%D0%A5%D1%80%D0%B0%D0%BD%D0%B5%D0%BD%D0%B8%D1%8F/%D0%A1%D0%BA%D0%BB%D0%B0%D0%B4,%20%D0%A1%D0%B5%D1%80%D0%B8%D1%8F%D0%9D%D0%BE%D0%BC%D0%B5%D0%BD%D0%BA%D0%BB%D0%B0%D1%82%D1%83%D1%80%D1%8B&$select=%D0%9D%D0%BE%D0%BC%D0%B5%D0%BD%D0%BA%D0%BB%D0%B0%D1%82%D1%83%D1%80%D0%B0/Code,%D0%9D%D0%BE%D0%BC%D0%B5%D0%BD%D0%BA%D0%BB%D0%B0%D1%82%D1%83%D1%80%D0%B0/Description,%D0%9D%D0%BE%D0%BC%D0%B5%D0%BD%D0%BA%D0%BB%D0%B0%D1%82%D1%83%D1%80%D0%B0/%D0%90%D1%80%D1%82%D0%B8%D0%BA%D1%83%D0%BB,%D0%9D%D0%BE%D0%BC%D0%B5%D0%BD%D0%BA%D0%BB%D0%B0%D1%82%D1%83%D1%80%D0%B0/Parent/Description,%D0%9A%D0%BE%D0%BB%D0%B8%D1%87%D0%B5%D1%81%D1%82%D0%B2%D0%BEBalance,%D0%A1%D0%B5%D1%80%D0%B8%D1%8F%D0%9D%D0%BE%D0%BC%D0%B5%D0%BD%D0%BA%D0%BB%D0%B0%D1%82%D1%83%D1%80%D1%8B/%D0%94%D0%B0%D1%82%D0%B0%D0%9F%D1%80%D0%BE%D0%B8%D0%B7%D0%B2%D0%BE%D0%B4%D1%81%D1%82%D0%B2%D0%B0,%D0%A1%D0%B5%D1%80%D0%B8%D1%8F%D0%9D%D0%BE%D0%BC%D0%B5%D0%BD%D0%BA%D0%BB%D0%B0%D1%82%D1%83%D1%80%D1%8B/%D0%93%D0%BE%D0%B4%D0%B5%D0%BD%D0%94%D0%BE,%D0%AF%D1%87%D0%B5%D0%B9%D0%BA%D0%B0%D0%A5%D1%80%D0%B0%D0%BD%D0%B5%D0%BD%D0%B8%D1%8F/%D0%A1%D0%BA%D0%BB%D0%B0%D0%B4/Description&$orderby=%D0%9D%D0%BE%D0%BC%D0%B5%D0%BD%D0%BA%D0%BB%D0%B0%D1%82%D1%83%D1%80%D0%B0/%D0%90%D1%80%D1%82%D0%B8%D0%BA%D1%83%D0%BB&$filter=%D0%9D%D0%BE%D0%BC%D0%B5%D0%BD%D0%BA%D0%BB%D0%B0%D1%82%D1%83%D1%80%D0%B0/Parent/Code%20eq%20'383531' HTTP/1.1" 200 192
2025-02-05 17:08:44,342 django.request ERROR    Internal Server Error: /krd/contracts/lepehina/comparison-stock/load_stocks
Traceback (most recent call last):
  File "C:\Users\rhashhanok\PycharmProjects\SLEX_02\.venv\Lib\site-packages\django\core\handlers\exception.py", line 55, in inner
    response = get_response(request)
               ^^^^^^^^^^^^^^^^^^^^^
  File "C:\Users\rhashhanok\PycharmProjects\SLEX_02\.venv\Lib\site-packages\django\core\handlers\base.py", line 197, in _get_response
    response = wrapped_callback(request, *callback_args, **callback_kwargs)
               ^^^^^^^^^^^^^^^^^^^^^^^^^^^^^^^^^^^^^^^^^^^^^^^^^^^^^^^^^^^^
  File "C:\Users\rhashhanok\PycharmProjects\SLEX_02\base_app\views.py", line 182, in event_load_stock
    context['result'] = comparison_stock(_contract=context['contract'], __file_pg_stock=__file_pg_stock,
                        ^^^^^^^^^^^^^^^^^^^^^^^^^^^^^^^^^^^^^^^^^^^^^^^^^^^^^^^^^^^^^^^^^^^^^^^^^^^^^^^^
  File "C:\Users\rhashhanok\PycharmProjects\SLEX_02\base_app\utils.py", line 30, in comparison_stock
    __df_wms_stock_by = __df_wms_stock.groupby(['Артикул', 'КодТовара', 'Наименование'])[
                        ^^^^^^^^^^^^^^^^^^^^^^^^^^^^^^^^^^^^^^^^^^^^^^^^^^^^^^^^^^^^^^^^
  File "C:\Users\rhashhanok\PycharmProjects\SLEX_02\.venv\Lib\site-packages\pandas\core\frame.py", line 9183, in groupby
    return DataFrameGroupBy(
           ^^^^^^^^^^^^^^^^^
  File "C:\Users\rhashhanok\PycharmProjects\SLEX_02\.venv\Lib\site-packages\pandas\core\groupby\groupby.py", line 1329, in __init__
    grouper, exclusions, obj = get_grouper(
                               ^^^^^^^^^^^^
  File "C:\Users\rhashhanok\PycharmProjects\SLEX_02\.venv\Lib\site-packages\pandas\core\groupby\grouper.py", line 1043, in get_grouper
    raise KeyError(gpr)
KeyError: 'Артикул'
2025-02-05 17:09:08,311 urllib3.connectionpool DEBUG    Starting new HTTP connection (1): 172.172.185.67:80
2025-02-05 17:09:11,780 urllib3.connectionpool DEBUG    http://172.172.185.67:80 "GET /krd_itc_wms/odata/standard.odata//AccumulationRegister_%D0%9E%D1%81%D1%82%D0%B0%D1%82%D0%BA%D0%B8%D0%92%D0%9F%D0%BE%D0%BB%D0%BB%D0%B5%D1%82%D0%B0%D1%85/Balance?$format=json&$expand=%D0%9D%D0%BE%D0%BC%D0%B5%D0%BD%D0%BA%D0%BB%D0%B0%D1%82%D1%83%D1%80%D0%B0/Parent,%20%D0%AF%D1%87%D0%B5%D0%B9%D0%BA%D0%B0%D0%A5%D1%80%D0%B0%D0%BD%D0%B5%D0%BD%D0%B8%D1%8F/%D0%A1%D0%BA%D0%BB%D0%B0%D0%B4,%20%D0%A1%D0%B5%D1%80%D0%B8%D1%8F%D0%9D%D0%BE%D0%BC%D0%B5%D0%BD%D0%BA%D0%BB%D0%B0%D1%82%D1%83%D1%80%D1%8B&$select=%D0%9D%D0%BE%D0%BC%D0%B5%D0%BD%D0%BA%D0%BB%D0%B0%D1%82%D1%83%D1%80%D0%B0/Code,%D0%9D%D0%BE%D0%BC%D0%B5%D0%BD%D0%BA%D0%BB%D0%B0%D1%82%D1%83%D1%80%D0%B0/Description,%D0%9D%D0%BE%D0%BC%D0%B5%D0%BD%D0%BA%D0%BB%D0%B0%D1%82%D1%83%D1%80%D0%B0/%D0%90%D1%80%D1%82%D0%B8%D0%BA%D1%83%D0%BB,%D0%9D%D0%BE%D0%BC%D0%B5%D0%BD%D0%BA%D0%BB%D0%B0%D1%82%D1%83%D1%80%D0%B0/Parent/Description,%D0%9A%D0%BE%D0%BB%D0%B8%D1%87%D0%B5%D1%81%D1%82%D0%B2%D0%BEBalance,%D0%A1%D0%B5%D1%80%D0%B8%D1%8F%D0%9D%D0%BE%D0%BC%D0%B5%D0%BD%D0%BA%D0%BB%D0%B0%D1%82%D1%83%D1%80%D1%8B/%D0%94%D0%B0%D1%82%D0%B0%D0%9F%D1%80%D0%BE%D0%B8%D0%B7%D0%B2%D0%BE%D0%B4%D1%81%D1%82%D0%B2%D0%B0,%D0%A1%D0%B5%D1%80%D0%B8%D1%8F%D0%9D%D0%BE%D0%BC%D0%B5%D0%BD%D0%BA%D0%BB%D0%B0%D1%82%D1%83%D1%80%D1%8B/%D0%93%D0%BE%D0%B4%D0%B5%D0%BD%D0%94%D0%BE,%D0%AF%D1%87%D0%B5%D0%B9%D0%BA%D0%B0%D0%A5%D1%80%D0%B0%D0%BD%D0%B5%D0%BD%D0%B8%D1%8F/%D0%A1%D0%BA%D0%BB%D0%B0%D0%B4/Description&$orderby=%D0%9D%D0%BE%D0%BC%D0%B5%D0%BD%D0%BA%D0%BB%D0%B0%D1%82%D1%83%D1%80%D0%B0/%D0%90%D1%80%D1%82%D0%B8%D0%BA%D1%83%D0%BB&$filter=%D0%9D%D0%BE%D0%BC%D0%B5%D0%BD%D0%BA%D0%BB%D0%B0%D1%82%D1%83%D1%80%D0%B0/Parent/Code%20eq%20'383531' HTTP/1.1" 200 192
2025-02-06 08:40:10,743 django.request WARNING  Not Found: /favicon.ico
2025-02-06 09:19:48,550 urllib3.connectionpool DEBUG    Starting new HTTP connection (1): 172.172.185.67:80
2025-02-06 09:19:52,061 urllib3.connectionpool DEBUG    http://172.172.185.67:80 "GET /krd_itc_wms/odata/standard.odata//AccumulationRegister_%D0%9E%D1%81%D1%82%D0%B0%D1%82%D0%BA%D0%B8%D0%92%D0%9F%D0%BE%D0%BB%D0%BB%D0%B5%D1%82%D0%B0%D1%85/Balance?$format=json&$expand=%D0%9D%D0%BE%D0%BC%D0%B5%D0%BD%D0%BA%D0%BB%D0%B0%D1%82%D1%83%D1%80%D0%B0/Parent,%20%D0%AF%D1%87%D0%B5%D0%B9%D0%BA%D0%B0%D0%A5%D1%80%D0%B0%D0%BD%D0%B5%D0%BD%D0%B8%D1%8F/%D0%A1%D0%BA%D0%BB%D0%B0%D0%B4,%20%D0%A1%D0%B5%D1%80%D0%B8%D1%8F%D0%9D%D0%BE%D0%BC%D0%B5%D0%BD%D0%BA%D0%BB%D0%B0%D1%82%D1%83%D1%80%D1%8B&$select=%D0%9D%D0%BE%D0%BC%D0%B5%D0%BD%D0%BA%D0%BB%D0%B0%D1%82%D1%83%D1%80%D0%B0/Code,%D0%9D%D0%BE%D0%BC%D0%B5%D0%BD%D0%BA%D0%BB%D0%B0%D1%82%D1%83%D1%80%D0%B0/Description,%D0%9D%D0%BE%D0%BC%D0%B5%D0%BD%D0%BA%D0%BB%D0%B0%D1%82%D1%83%D1%80%D0%B0/%D0%90%D1%80%D1%82%D0%B8%D0%BA%D1%83%D0%BB,%D0%9D%D0%BE%D0%BC%D0%B5%D0%BD%D0%BA%D0%BB%D0%B0%D1%82%D1%83%D1%80%D0%B0/Parent/Description,%D0%9A%D0%BE%D0%BB%D0%B8%D1%87%D0%B5%D1%81%D1%82%D0%B2%D0%BEBalance,%D0%A1%D0%B5%D1%80%D0%B8%D1%8F%D0%9D%D0%BE%D0%BC%D0%B5%D0%BD%D0%BA%D0%BB%D0%B0%D1%82%D1%83%D1%80%D1%8B/%D0%94%D0%B0%D1%82%D0%B0%D0%9F%D1%80%D0%BE%D0%B8%D0%B7%D0%B2%D0%BE%D0%B4%D1%81%D1%82%D0%B2%D0%B0,%D0%A1%D0%B5%D1%80%D0%B8%D1%8F%D0%9D%D0%BE%D0%BC%D0%B5%D0%BD%D0%BA%D0%BB%D0%B0%D1%82%D1%83%D1%80%D1%8B/%D0%93%D0%BE%D0%B4%D0%B5%D0%BD%D0%94%D0%BE,%D0%AF%D1%87%D0%B5%D0%B9%D0%BA%D0%B0%D0%A5%D1%80%D0%B0%D0%BD%D0%B5%D0%BD%D0%B8%D1%8F/%D0%A1%D0%BA%D0%BB%D0%B0%D0%B4/Description&$orderby=%D0%9D%D0%BE%D0%BC%D0%B5%D0%BD%D0%BA%D0%BB%D0%B0%D1%82%D1%83%D1%80%D0%B0/%D0%90%D1%80%D1%82%D0%B8%D0%BA%D1%83%D0%BB&$filter=%D0%9D%D0%BE%D0%BC%D0%B5%D0%BD%D0%BA%D0%BB%D0%B0%D1%82%D1%83%D1%80%D0%B0/Parent/Code%20eq%20'383531' HTTP/1.1" 200 192
2025-02-06 09:19:52,173 django.request ERROR    Internal Server Error: /krd/contracts/lepehina/comparison-stock/load_stocks
Traceback (most recent call last):
  File "C:\Users\rhashhanok\PycharmProjects\SLEX_02\.venv\Lib\site-packages\django\core\handlers\exception.py", line 55, in inner
    response = get_response(request)
               ^^^^^^^^^^^^^^^^^^^^^
  File "C:\Users\rhashhanok\PycharmProjects\SLEX_02\.venv\Lib\site-packages\django\core\handlers\base.py", line 197, in _get_response
    response = wrapped_callback(request, *callback_args, **callback_kwargs)
               ^^^^^^^^^^^^^^^^^^^^^^^^^^^^^^^^^^^^^^^^^^^^^^^^^^^^^^^^^^^^
  File "C:\Users\rhashhanok\PycharmProjects\SLEX_02\base_app\views.py", line 182, in event_load_stock
    context['result'] = comparison_stock(_contract=context['contract'], __file_pg_stock=__file_pg_stock,
                        ^^^^^^^^^^^^^^^^^^^^^^^^^^^^^^^^^^^^^^^^^^^^^^^^^^^^^^^^^^^^^^^^^^^^^^^^^^^^^^^^
  File "C:\Users\rhashhanok\PycharmProjects\SLEX_02\base_app\utils.py", line 30, in comparison_stock
    __df_wms_stock_by = __df_wms_stock.groupby(['Артикул', 'КодТовара', 'Наименование'])[
                        ^^^^^^^^^^^^^^^^^^^^^^^^^^^^^^^^^^^^^^^^^^^^^^^^^^^^^^^^^^^^^^^^
  File "C:\Users\rhashhanok\PycharmProjects\SLEX_02\.venv\Lib\site-packages\pandas\core\frame.py", line 9183, in groupby
    return DataFrameGroupBy(
           ^^^^^^^^^^^^^^^^^
  File "C:\Users\rhashhanok\PycharmProjects\SLEX_02\.venv\Lib\site-packages\pandas\core\groupby\groupby.py", line 1329, in __init__
    grouper, exclusions, obj = get_grouper(
                               ^^^^^^^^^^^^
  File "C:\Users\rhashhanok\PycharmProjects\SLEX_02\.venv\Lib\site-packages\pandas\core\groupby\grouper.py", line 1043, in get_grouper
    raise KeyError(gpr)
KeyError: 'Артикул'
2025-02-06 16:14:21,962 django.request WARNING  Not Found: /favicon.ico
2025-02-06 16:14:30,047 urllib3.connectionpool DEBUG    Starting new HTTP connection (1): 172.172.185.67:80
2025-02-06 16:14:39,471 urllib3.connectionpool DEBUG    http://172.172.185.67:80 "POST /krd_itc_wms/ru_RU/hs/PutData HTTP/1.1" 200 316
2025-02-06 17:22:48,431 django.request WARNING  Not Found: /favicon.ico
2025-02-06 19:22:52,292 django.request WARNING  Not Found: /favicon.ico
2025-02-07 14:49:31,957 django.request WARNING  Not Found: /favicon.ico
2025-02-07 16:25:43,832 django.request WARNING  Not Found: /favicon.ico
2025-02-07 16:26:01,217 urllib3.connectionpool DEBUG    Starting new HTTP connection (1): 172.172.185.67:80
2025-02-07 16:26:18,865 urllib3.connectionpool DEBUG    http://172.172.185.67:80 "POST /krd_itc_wms/ru_RU/hs/PutData HTTP/1.1" 200 289
2025-02-07 17:10:08,565 django.request WARNING  Not Found: /favicon.ico
2025-02-08 08:51:16,488 django.request WARNING  Not Found: /favicon.ico
2025-02-09 10:38:49,013 django.request WARNING  Not Found: /favicon.ico
2025-02-10 08:11:37,549 django.request WARNING  Not Found: /favicon.ico
2025-02-10 10:14:13,358 urllib3.connectionpool DEBUG    Starting new HTTP connection (1): 172.172.185.67:80
2025-02-10 10:14:17,013 urllib3.connectionpool DEBUG    http://172.172.185.67:80 "GET /itc_wms/odata/standard.odata//AccumulationRegister_%D0%9E%D1%81%D1%82%D0%B0%D1%82%D0%BA%D0%B8%D0%92%D0%9F%D0%BE%D0%BB%D0%BB%D0%B5%D1%82%D0%B0%D1%85/Balance?$format=json&$expand=%D0%9D%D0%BE%D0%BC%D0%B5%D0%BD%D0%BA%D0%BB%D0%B0%D1%82%D1%83%D1%80%D0%B0/Parent,%20%D0%AF%D1%87%D0%B5%D0%B9%D0%BA%D0%B0%D0%A5%D1%80%D0%B0%D0%BD%D0%B5%D0%BD%D0%B8%D1%8F/%D0%A1%D0%BA%D0%BB%D0%B0%D0%B4,%20%D0%A1%D0%B5%D1%80%D0%B8%D1%8F%D0%9D%D0%BE%D0%BC%D0%B5%D0%BD%D0%BA%D0%BB%D0%B0%D1%82%D1%83%D1%80%D1%8B&$select=%D0%9D%D0%BE%D0%BC%D0%B5%D0%BD%D0%BA%D0%BB%D0%B0%D1%82%D1%83%D1%80%D0%B0/Code,%D0%9D%D0%BE%D0%BC%D0%B5%D0%BD%D0%BA%D0%BB%D0%B0%D1%82%D1%83%D1%80%D0%B0/Description,%D0%9D%D0%BE%D0%BC%D0%B5%D0%BD%D0%BA%D0%BB%D0%B0%D1%82%D1%83%D1%80%D0%B0/%D0%90%D1%80%D1%82%D0%B8%D0%BA%D1%83%D0%BB,%D0%9D%D0%BE%D0%BC%D0%B5%D0%BD%D0%BA%D0%BB%D0%B0%D1%82%D1%83%D1%80%D0%B0/Parent/Description,%D0%9A%D0%BE%D0%BB%D0%B8%D1%87%D0%B5%D1%81%D1%82%D0%B2%D0%BEBalance,%D0%A1%D0%B5%D1%80%D0%B8%D1%8F%D0%9D%D0%BE%D0%BC%D0%B5%D0%BD%D0%BA%D0%BB%D0%B0%D1%82%D1%83%D1%80%D1%8B/%D0%94%D0%B0%D1%82%D0%B0%D0%9F%D1%80%D0%BE%D0%B8%D0%B7%D0%B2%D0%BE%D0%B4%D1%81%D1%82%D0%B2%D0%B0,%D0%A1%D0%B5%D1%80%D0%B8%D1%8F%D0%9D%D0%BE%D0%BC%D0%B5%D0%BD%D0%BA%D0%BB%D0%B0%D1%82%D1%83%D1%80%D1%8B/%D0%93%D0%BE%D0%B4%D0%B5%D0%BD%D0%94%D0%BE,%D0%AF%D1%87%D0%B5%D0%B9%D0%BA%D0%B0%D0%A5%D1%80%D0%B0%D0%BD%D0%B5%D0%BD%D0%B8%D1%8F/%D0%A1%D0%BA%D0%BB%D0%B0%D0%B4/Description&$orderby=%D0%9D%D0%BE%D0%BC%D0%B5%D0%BD%D0%BA%D0%BB%D0%B0%D1%82%D1%83%D1%80%D0%B0/%D0%90%D1%80%D1%82%D0%B8%D0%BA%D1%83%D0%BB&$filter=%D0%9D%D0%BE%D0%BC%D0%B5%D0%BD%D0%BA%D0%BB%D0%B0%D1%82%D1%83%D1%80%D0%B0/Parent/Code%20eq%20'304903' HTTP/1.1" 200 125726
2025-02-10 10:16:41,506 urllib3.connectionpool DEBUG    Starting new HTTP connection (1): 172.172.185.67:80
2025-02-10 10:16:41,955 urllib3.connectionpool DEBUG    http://172.172.185.67:80 "GET /itc_wms/odata/standard.odata//AccumulationRegister_%D0%9E%D1%81%D1%82%D0%B0%D1%82%D0%BA%D0%B8%D0%92%D0%9F%D0%BE%D0%BB%D0%BB%D0%B5%D1%82%D0%B0%D1%85/Balance?$format=json&$expand=%D0%9D%D0%BE%D0%BC%D0%B5%D0%BD%D0%BA%D0%BB%D0%B0%D1%82%D1%83%D1%80%D0%B0/Parent,%20%D0%AF%D1%87%D0%B5%D0%B9%D0%BA%D0%B0%D0%A5%D1%80%D0%B0%D0%BD%D0%B5%D0%BD%D0%B8%D1%8F/%D0%A1%D0%BA%D0%BB%D0%B0%D0%B4,%20%D0%A1%D0%B5%D1%80%D0%B8%D1%8F%D0%9D%D0%BE%D0%BC%D0%B5%D0%BD%D0%BA%D0%BB%D0%B0%D1%82%D1%83%D1%80%D1%8B&$select=%D0%9D%D0%BE%D0%BC%D0%B5%D0%BD%D0%BA%D0%BB%D0%B0%D1%82%D1%83%D1%80%D0%B0/Code,%D0%9D%D0%BE%D0%BC%D0%B5%D0%BD%D0%BA%D0%BB%D0%B0%D1%82%D1%83%D1%80%D0%B0/Description,%D0%9D%D0%BE%D0%BC%D0%B5%D0%BD%D0%BA%D0%BB%D0%B0%D1%82%D1%83%D1%80%D0%B0/%D0%90%D1%80%D1%82%D0%B8%D0%BA%D1%83%D0%BB,%D0%9D%D0%BE%D0%BC%D0%B5%D0%BD%D0%BA%D0%BB%D0%B0%D1%82%D1%83%D1%80%D0%B0/Parent/Description,%D0%9A%D0%BE%D0%BB%D0%B8%D1%87%D0%B5%D1%81%D1%82%D0%B2%D0%BEBalance,%D0%A1%D0%B5%D1%80%D0%B8%D1%8F%D0%9D%D0%BE%D0%BC%D0%B5%D0%BD%D0%BA%D0%BB%D0%B0%D1%82%D1%83%D1%80%D1%8B/%D0%94%D0%B0%D1%82%D0%B0%D0%9F%D1%80%D0%BE%D0%B8%D0%B7%D0%B2%D0%BE%D0%B4%D1%81%D1%82%D0%B2%D0%B0,%D0%A1%D0%B5%D1%80%D0%B8%D1%8F%D0%9D%D0%BE%D0%BC%D0%B5%D0%BD%D0%BA%D0%BB%D0%B0%D1%82%D1%83%D1%80%D1%8B/%D0%93%D0%BE%D0%B4%D0%B5%D0%BD%D0%94%D0%BE,%D0%AF%D1%87%D0%B5%D0%B9%D0%BA%D0%B0%D0%A5%D1%80%D0%B0%D0%BD%D0%B5%D0%BD%D0%B8%D1%8F/%D0%A1%D0%BA%D0%BB%D0%B0%D0%B4/Description&$orderby=%D0%9D%D0%BE%D0%BC%D0%B5%D0%BD%D0%BA%D0%BB%D0%B0%D1%82%D1%83%D1%80%D0%B0/%D0%90%D1%80%D1%82%D0%B8%D0%BA%D1%83%D0%BB&$filter=%D0%9D%D0%BE%D0%BC%D0%B5%D0%BD%D0%BA%D0%BB%D0%B0%D1%82%D1%83%D1%80%D0%B0/Parent/Code%20eq%20'304903' HTTP/1.1" 200 124948
2025-02-10 10:17:23,591 urllib3.connectionpool DEBUG    Starting new HTTP connection (1): 172.172.185.67:80
2025-02-10 10:17:24,035 urllib3.connectionpool DEBUG    http://172.172.185.67:80 "GET /itc_wms/odata/standard.odata//AccumulationRegister_%D0%9E%D1%81%D1%82%D0%B0%D1%82%D0%BA%D0%B8%D0%92%D0%9F%D0%BE%D0%BB%D0%BB%D0%B5%D1%82%D0%B0%D1%85/Balance?$format=json&$expand=%D0%9D%D0%BE%D0%BC%D0%B5%D0%BD%D0%BA%D0%BB%D0%B0%D1%82%D1%83%D1%80%D0%B0/Parent,%20%D0%AF%D1%87%D0%B5%D0%B9%D0%BA%D0%B0%D0%A5%D1%80%D0%B0%D0%BD%D0%B5%D0%BD%D0%B8%D1%8F/%D0%A1%D0%BA%D0%BB%D0%B0%D0%B4,%20%D0%A1%D0%B5%D1%80%D0%B8%D1%8F%D0%9D%D0%BE%D0%BC%D0%B5%D0%BD%D0%BA%D0%BB%D0%B0%D1%82%D1%83%D1%80%D1%8B&$select=%D0%9D%D0%BE%D0%BC%D0%B5%D0%BD%D0%BA%D0%BB%D0%B0%D1%82%D1%83%D1%80%D0%B0/Code,%D0%9D%D0%BE%D0%BC%D0%B5%D0%BD%D0%BA%D0%BB%D0%B0%D1%82%D1%83%D1%80%D0%B0/Description,%D0%9D%D0%BE%D0%BC%D0%B5%D0%BD%D0%BA%D0%BB%D0%B0%D1%82%D1%83%D1%80%D0%B0/%D0%90%D1%80%D1%82%D0%B8%D0%BA%D1%83%D0%BB,%D0%9D%D0%BE%D0%BC%D0%B5%D0%BD%D0%BA%D0%BB%D0%B0%D1%82%D1%83%D1%80%D0%B0/Parent/Description,%D0%9A%D0%BE%D0%BB%D0%B8%D1%87%D0%B5%D1%81%D1%82%D0%B2%D0%BEBalance,%D0%A1%D0%B5%D1%80%D0%B8%D1%8F%D0%9D%D0%BE%D0%BC%D0%B5%D0%BD%D0%BA%D0%BB%D0%B0%D1%82%D1%83%D1%80%D1%8B/%D0%94%D0%B0%D1%82%D0%B0%D0%9F%D1%80%D0%BE%D0%B8%D0%B7%D0%B2%D0%BE%D0%B4%D1%81%D1%82%D0%B2%D0%B0,%D0%A1%D0%B5%D1%80%D0%B8%D1%8F%D0%9D%D0%BE%D0%BC%D0%B5%D0%BD%D0%BA%D0%BB%D0%B0%D1%82%D1%83%D1%80%D1%8B/%D0%93%D0%BE%D0%B4%D0%B5%D0%BD%D0%94%D0%BE,%D0%AF%D1%87%D0%B5%D0%B9%D0%BA%D0%B0%D0%A5%D1%80%D0%B0%D0%BD%D0%B5%D0%BD%D0%B8%D1%8F/%D0%A1%D0%BA%D0%BB%D0%B0%D0%B4/Description&$orderby=%D0%9D%D0%BE%D0%BC%D0%B5%D0%BD%D0%BA%D0%BB%D0%B0%D1%82%D1%83%D1%80%D0%B0/%D0%90%D1%80%D1%82%D0%B8%D0%BA%D1%83%D0%BB&$filter=%D0%9D%D0%BE%D0%BC%D0%B5%D0%BD%D0%BA%D0%BB%D0%B0%D1%82%D1%83%D1%80%D0%B0/Parent/Code%20eq%20'304903' HTTP/1.1" 200 124948
2025-02-10 10:17:33,654 urllib3.connectionpool DEBUG    Starting new HTTP connection (1): 172.172.185.67:80
2025-02-10 10:17:34,085 urllib3.connectionpool DEBUG    http://172.172.185.67:80 "GET /itc_wms/odata/standard.odata//AccumulationRegister_%D0%9E%D1%81%D1%82%D0%B0%D1%82%D0%BA%D0%B8%D0%92%D0%9F%D0%BE%D0%BB%D0%BB%D0%B5%D1%82%D0%B0%D1%85/Balance?$format=json&$expand=%D0%9D%D0%BE%D0%BC%D0%B5%D0%BD%D0%BA%D0%BB%D0%B0%D1%82%D1%83%D1%80%D0%B0/Parent,%20%D0%AF%D1%87%D0%B5%D0%B9%D0%BA%D0%B0%D0%A5%D1%80%D0%B0%D0%BD%D0%B5%D0%BD%D0%B8%D1%8F/%D0%A1%D0%BA%D0%BB%D0%B0%D0%B4,%20%D0%A1%D0%B5%D1%80%D0%B8%D1%8F%D0%9D%D0%BE%D0%BC%D0%B5%D0%BD%D0%BA%D0%BB%D0%B0%D1%82%D1%83%D1%80%D1%8B&$select=%D0%9D%D0%BE%D0%BC%D0%B5%D0%BD%D0%BA%D0%BB%D0%B0%D1%82%D1%83%D1%80%D0%B0/Code,%D0%9D%D0%BE%D0%BC%D0%B5%D0%BD%D0%BA%D0%BB%D0%B0%D1%82%D1%83%D1%80%D0%B0/Description,%D0%9D%D0%BE%D0%BC%D0%B5%D0%BD%D0%BA%D0%BB%D0%B0%D1%82%D1%83%D1%80%D0%B0/%D0%90%D1%80%D1%82%D0%B8%D0%BA%D1%83%D0%BB,%D0%9D%D0%BE%D0%BC%D0%B5%D0%BD%D0%BA%D0%BB%D0%B0%D1%82%D1%83%D1%80%D0%B0/Parent/Description,%D0%9A%D0%BE%D0%BB%D0%B8%D1%87%D0%B5%D1%81%D1%82%D0%B2%D0%BEBalance,%D0%A1%D0%B5%D1%80%D0%B8%D1%8F%D0%9D%D0%BE%D0%BC%D0%B5%D0%BD%D0%BA%D0%BB%D0%B0%D1%82%D1%83%D1%80%D1%8B/%D0%94%D0%B0%D1%82%D0%B0%D0%9F%D1%80%D0%BE%D0%B8%D0%B7%D0%B2%D0%BE%D0%B4%D1%81%D1%82%D0%B2%D0%B0,%D0%A1%D0%B5%D1%80%D0%B8%D1%8F%D0%9D%D0%BE%D0%BC%D0%B5%D0%BD%D0%BA%D0%BB%D0%B0%D1%82%D1%83%D1%80%D1%8B/%D0%93%D0%BE%D0%B4%D0%B5%D0%BD%D0%94%D0%BE,%D0%AF%D1%87%D0%B5%D0%B9%D0%BA%D0%B0%D0%A5%D1%80%D0%B0%D0%BD%D0%B5%D0%BD%D0%B8%D1%8F/%D0%A1%D0%BA%D0%BB%D0%B0%D0%B4/Description&$orderby=%D0%9D%D0%BE%D0%BC%D0%B5%D0%BD%D0%BA%D0%BB%D0%B0%D1%82%D1%83%D1%80%D0%B0/%D0%90%D1%80%D1%82%D0%B8%D0%BA%D1%83%D0%BB&$filter=%D0%9D%D0%BE%D0%BC%D0%B5%D0%BD%D0%BA%D0%BB%D0%B0%D1%82%D1%83%D1%80%D0%B0/Parent/Code%20eq%20'304903' HTTP/1.1" 200 124948
2025-02-10 16:33:41,626 urllib3.connectionpool DEBUG    Starting new HTTP connection (1): 172.172.185.67:80
2025-02-10 16:33:48,969 urllib3.connectionpool DEBUG    http://172.172.185.67:80 "POST /krd_itc_wms/ru_RU/hs/PutData HTTP/1.1" 200 371
2025-02-10 17:16:02,337 django.request WARNING  Not Found: /favicon.ico
2025-02-11 10:31:57,069 urllib3.connectionpool DEBUG    Starting new HTTP connection (1): 172.172.185.67:80
2025-02-11 10:32:00,440 urllib3.connectionpool DEBUG    http://172.172.185.67:80 "GET /itc_wms/odata/standard.odata//AccumulationRegister_%D0%9E%D1%81%D1%82%D0%B0%D1%82%D0%BA%D0%B8%D0%92%D0%9F%D0%BE%D0%BB%D0%BB%D0%B5%D1%82%D0%B0%D1%85/Balance?$format=json&$expand=%D0%9D%D0%BE%D0%BC%D0%B5%D0%BD%D0%BA%D0%BB%D0%B0%D1%82%D1%83%D1%80%D0%B0/Parent,%20%D0%AF%D1%87%D0%B5%D0%B9%D0%BA%D0%B0%D0%A5%D1%80%D0%B0%D0%BD%D0%B5%D0%BD%D0%B8%D1%8F/%D0%A1%D0%BA%D0%BB%D0%B0%D0%B4,%20%D0%A1%D0%B5%D1%80%D0%B8%D1%8F%D0%9D%D0%BE%D0%BC%D0%B5%D0%BD%D0%BA%D0%BB%D0%B0%D1%82%D1%83%D1%80%D1%8B&$select=%D0%9D%D0%BE%D0%BC%D0%B5%D0%BD%D0%BA%D0%BB%D0%B0%D1%82%D1%83%D1%80%D0%B0/Code,%D0%9D%D0%BE%D0%BC%D0%B5%D0%BD%D0%BA%D0%BB%D0%B0%D1%82%D1%83%D1%80%D0%B0/Description,%D0%9D%D0%BE%D0%BC%D0%B5%D0%BD%D0%BA%D0%BB%D0%B0%D1%82%D1%83%D1%80%D0%B0/%D0%90%D1%80%D1%82%D0%B8%D0%BA%D1%83%D0%BB,%D0%9D%D0%BE%D0%BC%D0%B5%D0%BD%D0%BA%D0%BB%D0%B0%D1%82%D1%83%D1%80%D0%B0/Parent/Description,%D0%9A%D0%BE%D0%BB%D0%B8%D1%87%D0%B5%D1%81%D1%82%D0%B2%D0%BEBalance,%D0%A1%D0%B5%D1%80%D0%B8%D1%8F%D0%9D%D0%BE%D0%BC%D0%B5%D0%BD%D0%BA%D0%BB%D0%B0%D1%82%D1%83%D1%80%D1%8B/%D0%94%D0%B0%D1%82%D0%B0%D0%9F%D1%80%D0%BE%D0%B8%D0%B7%D0%B2%D0%BE%D0%B4%D1%81%D1%82%D0%B2%D0%B0,%D0%A1%D0%B5%D1%80%D0%B8%D1%8F%D0%9D%D0%BE%D0%BC%D0%B5%D0%BD%D0%BA%D0%BB%D0%B0%D1%82%D1%83%D1%80%D1%8B/%D0%93%D0%BE%D0%B4%D0%B5%D0%BD%D0%94%D0%BE,%D0%AF%D1%87%D0%B5%D0%B9%D0%BA%D0%B0%D0%A5%D1%80%D0%B0%D0%BD%D0%B5%D0%BD%D0%B8%D1%8F/%D0%A1%D0%BA%D0%BB%D0%B0%D0%B4/Description&$orderby=%D0%9D%D0%BE%D0%BC%D0%B5%D0%BD%D0%BA%D0%BB%D0%B0%D1%82%D1%83%D1%80%D0%B0/%D0%90%D1%80%D1%82%D0%B8%D0%BA%D1%83%D0%BB&$filter=%D0%9D%D0%BE%D0%BC%D0%B5%D0%BD%D0%BA%D0%BB%D0%B0%D1%82%D1%83%D1%80%D0%B0/Parent/Code%20eq%20'304903' HTTP/1.1" 200 122891
2025-02-11 11:01:40,270 django.request WARNING  Not Found: /favicon.ico
2025-02-11 11:07:19,574 django.utils.autoreload INFO     C:\Users\rhashhanok\PycharmProjects\SLEX_02\base_app\views.py changed, reloading.
2025-02-11 11:07:21,893 django.utils.autoreload INFO     Watching for file changes with StatReloader
2025-02-11 11:08:32,749 django.utils.autoreload INFO     C:\Users\rhashhanok\PycharmProjects\SLEX_02\base_app\views.py changed, reloading.
2025-02-11 11:08:34,904 django.utils.autoreload INFO     Watching for file changes with StatReloader
2025-02-11 11:10:46,121 django.utils.autoreload INFO     C:\Users\rhashhanok\PycharmProjects\SLEX_02\base_app\contract_models\krd\agro.py changed, reloading.
2025-02-11 11:10:47,906 django.utils.autoreload INFO     Watching for file changes with StatReloader
2025-02-11 11:11:08,840 django.utils.autoreload INFO     C:\Users\rhashhanok\PycharmProjects\SLEX_02\base_app\contract_models\krd\agro.py changed, reloading.
2025-02-11 11:11:10,656 django.utils.autoreload INFO     Watching for file changes with StatReloader
2025-02-11 11:12:31,527 django.utils.autoreload INFO     C:\Users\rhashhanok\PycharmProjects\SLEX_02\base_app\views.py changed, reloading.
2025-02-11 11:12:33,129 django.utils.autoreload INFO     Watching for file changes with StatReloader
2025-02-11 11:13:02,899 django.utils.autoreload INFO     C:\Users\rhashhanok\PycharmProjects\SLEX_02\base_app\views.py changed, reloading.
2025-02-11 11:13:04,401 django.utils.autoreload INFO     Watching for file changes with StatReloader
2025-02-11 11:13:19,243 django.utils.autoreload INFO     C:\Users\rhashhanok\PycharmProjects\SLEX_02\base_app\views.py changed, reloading.
2025-02-11 11:13:21,028 django.utils.autoreload INFO     Watching for file changes with StatReloader
2025-02-11 11:15:35,419 django.utils.autoreload INFO     C:\Users\rhashhanok\PycharmProjects\SLEX_02\base_app\views.py changed, reloading.
2025-02-11 11:15:37,158 django.utils.autoreload INFO     Watching for file changes with StatReloader
2025-02-11 11:15:58,026 django.utils.autoreload INFO     C:\Users\rhashhanok\PycharmProjects\SLEX_02\base_app\contract_models\krd\agro.py changed, reloading.
2025-02-11 11:15:59,790 django.utils.autoreload INFO     Watching for file changes with StatReloader
2025-02-11 11:16:11,367 django.request ERROR    Internal Server Error: /krd/contracts/agrokompleks/build_route_list_date/load_file
Traceback (most recent call last):
  File "C:\Users\rhashhanok\PycharmProjects\SLEX_02\.venv\Lib\site-packages\django\core\handlers\exception.py", line 55, in inner
    response = get_response(request)
               ^^^^^^^^^^^^^^^^^^^^^
  File "C:\Users\rhashhanok\PycharmProjects\SLEX_02\.venv\Lib\site-packages\django\core\handlers\base.py", line 197, in _get_response
    response = wrapped_callback(request, *callback_args, **callback_kwargs)
               ^^^^^^^^^^^^^^^^^^^^^^^^^^^^^^^^^^^^^^^^^^^^^^^^^^^^^^^^^^^^
  File "C:\Users\rhashhanok\PycharmProjects\SLEX_02\base_app\views.py", line 148, in event_load_file
    res, error_valid = dict_module[context['contract'].slug].start(file, kwargs)
                       ^^^^^^^^^^^^^^^^^^^^^^^^^^^^^^^^^^^^^^^^^^^^^^^^^^^^^^^^^
TypeError: start() takes 1 positional argument but 2 were given
2025-02-11 11:16:30,939 django.utils.autoreload INFO     C:\Users\rhashhanok\PycharmProjects\SLEX_02\base_app\contract_models\krd\agro.py changed, reloading.
2025-02-11 11:16:32,514 django.utils.autoreload INFO     Watching for file changes with StatReloader
2025-02-11 11:17:11,525 django.utils.autoreload INFO     C:\Users\rhashhanok\PycharmProjects\SLEX_02\base_app\contract_models\krd\agro.py changed, reloading.
2025-02-11 11:17:13,534 django.utils.autoreload INFO     Watching for file changes with StatReloader
2025-02-11 11:17:30,504 django.utils.autoreload INFO     C:\Users\rhashhanok\PycharmProjects\SLEX_02\base_app\contract_models\krd\agro.py changed, reloading.
2025-02-11 11:41:41,188 django.utils.autoreload INFO     Watching for file changes with StatReloader
2025-02-11 11:41:42,546 django.request WARNING  Not Found: /favicon.ico
2025-02-11 16:44:09,155 django.request WARNING  Not Found: /favicon.ico
2025-02-11 16:44:28,719 urllib3.connectionpool DEBUG    Starting new HTTP connection (1): 172.172.185.67:80
2025-02-11 16:44:38,007 urllib3.connectionpool DEBUG    http://172.172.185.67:80 "POST /krd_itc_wms/ru_RU/hs/PutData HTTP/1.1" 200 262
2025-02-12 09:20:43,652 django.request WARNING  Not Found: /favicon.ico
2025-02-12 14:22:31,994 django.request WARNING  Not Found: /favicon.ico
2025-02-12 16:17:29,131 django.request WARNING  Not Found: /favicon.ico
2025-02-12 16:27:20,595 urllib3.connectionpool DEBUG    Starting new HTTP connection (1): 172.172.185.67:80
2025-02-12 16:27:31,625 urllib3.connectionpool DEBUG    http://172.172.185.67:80 "POST /krd_itc_wms/ru_RU/hs/PutData HTTP/1.1" 200 316
2025-02-13 07:08:41,053 django.utils.autoreload INFO     Watching for file changes with StatReloader
2025-02-13 07:08:53,700 django.request WARNING  Not Found: /favicon.ico
2025-02-13 07:09:07,176 urllib3.connectionpool DEBUG    Starting new HTTP connection (1): 172.172.185.67:80
2025-02-13 07:09:12,152 urllib3.connectionpool DEBUG    http://172.172.185.67:80 "GET /krd_itc_wms/odata/standard.odata//AccumulationRegister_%D0%9E%D1%81%D1%82%D0%B0%D1%82%D0%BA%D0%B8%D0%92%D0%9F%D0%BE%D0%BB%D0%BB%D0%B5%D1%82%D0%B0%D1%85/Balance?$format=json&$expand=%D0%9D%D0%BE%D0%BC%D0%B5%D0%BD%D0%BA%D0%BB%D0%B0%D1%82%D1%83%D1%80%D0%B0/Parent,%20%D0%AF%D1%87%D0%B5%D0%B9%D0%BA%D0%B0%D0%A5%D1%80%D0%B0%D0%BD%D0%B5%D0%BD%D0%B8%D1%8F/%D0%A1%D0%BA%D0%BB%D0%B0%D0%B4,%20%D0%A1%D0%B5%D1%80%D0%B8%D1%8F%D0%9D%D0%BE%D0%BC%D0%B5%D0%BD%D0%BA%D0%BB%D0%B0%D1%82%D1%83%D1%80%D1%8B&$select=%D0%9D%D0%BE%D0%BC%D0%B5%D0%BD%D0%BA%D0%BB%D0%B0%D1%82%D1%83%D1%80%D0%B0/Code,%D0%9D%D0%BE%D0%BC%D0%B5%D0%BD%D0%BA%D0%BB%D0%B0%D1%82%D1%83%D1%80%D0%B0/Description,%D0%9D%D0%BE%D0%BC%D0%B5%D0%BD%D0%BA%D0%BB%D0%B0%D1%82%D1%83%D1%80%D0%B0/%D0%90%D1%80%D1%82%D0%B8%D0%BA%D1%83%D0%BB,%D0%9D%D0%BE%D0%BC%D0%B5%D0%BD%D0%BA%D0%BB%D0%B0%D1%82%D1%83%D1%80%D0%B0/Parent/Description,%D0%9A%D0%BE%D0%BB%D0%B8%D1%87%D0%B5%D1%81%D1%82%D0%B2%D0%BEBalance,%D0%A1%D0%B5%D1%80%D0%B8%D1%8F%D0%9D%D0%BE%D0%BC%D0%B5%D0%BD%D0%BA%D0%BB%D0%B0%D1%82%D1%83%D1%80%D1%8B/%D0%94%D0%B0%D1%82%D0%B0%D0%9F%D1%80%D0%BE%D0%B8%D0%B7%D0%B2%D0%BE%D0%B4%D1%81%D1%82%D0%B2%D0%B0,%D0%A1%D0%B5%D1%80%D0%B8%D1%8F%D0%9D%D0%BE%D0%BC%D0%B5%D0%BD%D0%BA%D0%BB%D0%B0%D1%82%D1%83%D1%80%D1%8B/%D0%93%D0%BE%D0%B4%D0%B5%D0%BD%D0%94%D0%BE,%D0%AF%D1%87%D0%B5%D0%B9%D0%BA%D0%B0%D0%A5%D1%80%D0%B0%D0%BD%D0%B5%D0%BD%D0%B8%D1%8F/%D0%A1%D0%BA%D0%BB%D0%B0%D0%B4/Description&$orderby=%D0%9D%D0%BE%D0%BC%D0%B5%D0%BD%D0%BA%D0%BB%D0%B0%D1%82%D1%83%D1%80%D0%B0/%D0%90%D1%80%D1%82%D0%B8%D0%BA%D1%83%D0%BB&$filter=%D0%9D%D0%BE%D0%BC%D0%B5%D0%BD%D0%BA%D0%BB%D0%B0%D1%82%D1%83%D1%80%D0%B0/Parent/Code%20eq%20'289363' HTTP/1.1" 200 2002132
2025-02-13 07:21:07,487 urllib3.connectionpool DEBUG    Starting new HTTP connection (1): 172.172.185.67:80
2025-02-13 07:21:12,545 urllib3.connectionpool DEBUG    http://172.172.185.67:80 "GET /krd_itc_wms/odata/standard.odata//AccumulationRegister_%D0%9E%D1%81%D1%82%D0%B0%D1%82%D0%BA%D0%B8%D0%92%D0%9F%D0%BE%D0%BB%D0%BB%D0%B5%D1%82%D0%B0%D1%85/Balance?$format=json&$expand=%D0%9D%D0%BE%D0%BC%D0%B5%D0%BD%D0%BA%D0%BB%D0%B0%D1%82%D1%83%D1%80%D0%B0/Parent,%20%D0%AF%D1%87%D0%B5%D0%B9%D0%BA%D0%B0%D0%A5%D1%80%D0%B0%D0%BD%D0%B5%D0%BD%D0%B8%D1%8F/%D0%A1%D0%BA%D0%BB%D0%B0%D0%B4,%20%D0%A1%D0%B5%D1%80%D0%B8%D1%8F%D0%9D%D0%BE%D0%BC%D0%B5%D0%BD%D0%BA%D0%BB%D0%B0%D1%82%D1%83%D1%80%D1%8B&$select=%D0%9D%D0%BE%D0%BC%D0%B5%D0%BD%D0%BA%D0%BB%D0%B0%D1%82%D1%83%D1%80%D0%B0/Code,%D0%9D%D0%BE%D0%BC%D0%B5%D0%BD%D0%BA%D0%BB%D0%B0%D1%82%D1%83%D1%80%D0%B0/Description,%D0%9D%D0%BE%D0%BC%D0%B5%D0%BD%D0%BA%D0%BB%D0%B0%D1%82%D1%83%D1%80%D0%B0/%D0%90%D1%80%D1%82%D0%B8%D0%BA%D1%83%D0%BB,%D0%9D%D0%BE%D0%BC%D0%B5%D0%BD%D0%BA%D0%BB%D0%B0%D1%82%D1%83%D1%80%D0%B0/Parent/Description,%D0%9A%D0%BE%D0%BB%D0%B8%D1%87%D0%B5%D1%81%D1%82%D0%B2%D0%BEBalance,%D0%A1%D0%B5%D1%80%D0%B8%D1%8F%D0%9D%D0%BE%D0%BC%D0%B5%D0%BD%D0%BA%D0%BB%D0%B0%D1%82%D1%83%D1%80%D1%8B/%D0%94%D0%B0%D1%82%D0%B0%D0%9F%D1%80%D0%BE%D0%B8%D0%B7%D0%B2%D0%BE%D0%B4%D1%81%D1%82%D0%B2%D0%B0,%D0%A1%D0%B5%D1%80%D0%B8%D1%8F%D0%9D%D0%BE%D0%BC%D0%B5%D0%BD%D0%BA%D0%BB%D0%B0%D1%82%D1%83%D1%80%D1%8B/%D0%93%D0%BE%D0%B4%D0%B5%D0%BD%D0%94%D0%BE,%D0%AF%D1%87%D0%B5%D0%B9%D0%BA%D0%B0%D0%A5%D1%80%D0%B0%D0%BD%D0%B5%D0%BD%D0%B8%D1%8F/%D0%A1%D0%BA%D0%BB%D0%B0%D0%B4/Description&$orderby=%D0%9D%D0%BE%D0%BC%D0%B5%D0%BD%D0%BA%D0%BB%D0%B0%D1%82%D1%83%D1%80%D0%B0/%D0%90%D1%80%D1%82%D0%B8%D0%BA%D1%83%D0%BB&$filter=%D0%9D%D0%BE%D0%BC%D0%B5%D0%BD%D0%BA%D0%BB%D0%B0%D1%82%D1%83%D1%80%D0%B0/Parent/Code%20eq%20'289363' HTTP/1.1" 200 2002135
2025-02-13 07:23:48,403 urllib3.connectionpool DEBUG    Starting new HTTP connection (1): 172.172.185.67:80
2025-02-13 07:23:52,929 urllib3.connectionpool DEBUG    http://172.172.185.67:80 "GET /krd_itc_wms/odata/standard.odata//AccumulationRegister_%D0%9E%D1%81%D1%82%D0%B0%D1%82%D0%BA%D0%B8%D0%92%D0%9F%D0%BE%D0%BB%D0%BB%D0%B5%D1%82%D0%B0%D1%85/Balance?$format=json&$expand=%D0%9D%D0%BE%D0%BC%D0%B5%D0%BD%D0%BA%D0%BB%D0%B0%D1%82%D1%83%D1%80%D0%B0/Parent,%20%D0%AF%D1%87%D0%B5%D0%B9%D0%BA%D0%B0%D0%A5%D1%80%D0%B0%D0%BD%D0%B5%D0%BD%D0%B8%D1%8F/%D0%A1%D0%BA%D0%BB%D0%B0%D0%B4,%20%D0%A1%D0%B5%D1%80%D0%B8%D1%8F%D0%9D%D0%BE%D0%BC%D0%B5%D0%BD%D0%BA%D0%BB%D0%B0%D1%82%D1%83%D1%80%D1%8B&$select=%D0%9D%D0%BE%D0%BC%D0%B5%D0%BD%D0%BA%D0%BB%D0%B0%D1%82%D1%83%D1%80%D0%B0/Code,%D0%9D%D0%BE%D0%BC%D0%B5%D0%BD%D0%BA%D0%BB%D0%B0%D1%82%D1%83%D1%80%D0%B0/Description,%D0%9D%D0%BE%D0%BC%D0%B5%D0%BD%D0%BA%D0%BB%D0%B0%D1%82%D1%83%D1%80%D0%B0/%D0%90%D1%80%D1%82%D0%B8%D0%BA%D1%83%D0%BB,%D0%9D%D0%BE%D0%BC%D0%B5%D0%BD%D0%BA%D0%BB%D0%B0%D1%82%D1%83%D1%80%D0%B0/Parent/Description,%D0%9A%D0%BE%D0%BB%D0%B8%D1%87%D0%B5%D1%81%D1%82%D0%B2%D0%BEBalance,%D0%A1%D0%B5%D1%80%D0%B8%D1%8F%D0%9D%D0%BE%D0%BC%D0%B5%D0%BD%D0%BA%D0%BB%D0%B0%D1%82%D1%83%D1%80%D1%8B/%D0%94%D0%B0%D1%82%D0%B0%D0%9F%D1%80%D0%BE%D0%B8%D0%B7%D0%B2%D0%BE%D0%B4%D1%81%D1%82%D0%B2%D0%B0,%D0%A1%D0%B5%D1%80%D0%B8%D1%8F%D0%9D%D0%BE%D0%BC%D0%B5%D0%BD%D0%BA%D0%BB%D0%B0%D1%82%D1%83%D1%80%D1%8B/%D0%93%D0%BE%D0%B4%D0%B5%D0%BD%D0%94%D0%BE,%D0%AF%D1%87%D0%B5%D0%B9%D0%BA%D0%B0%D0%A5%D1%80%D0%B0%D0%BD%D0%B5%D0%BD%D0%B8%D1%8F/%D0%A1%D0%BA%D0%BB%D0%B0%D0%B4/Description&$orderby=%D0%9D%D0%BE%D0%BC%D0%B5%D0%BD%D0%BA%D0%BB%D0%B0%D1%82%D1%83%D1%80%D0%B0/%D0%90%D1%80%D1%82%D0%B8%D0%BA%D1%83%D0%BB&$filter=%D0%9D%D0%BE%D0%BC%D0%B5%D0%BD%D0%BA%D0%BB%D0%B0%D1%82%D1%83%D1%80%D0%B0/Parent/Code%20eq%20'289363' HTTP/1.1" 200 2002135
2025-02-13 07:31:43,977 urllib3.connectionpool DEBUG    Starting new HTTP connection (1): 172.172.185.67:80
2025-02-13 07:31:47,557 urllib3.connectionpool DEBUG    http://172.172.185.67:80 "GET /krd_itc_wms/odata/standard.odata//AccumulationRegister_%D0%9E%D1%81%D1%82%D0%B0%D1%82%D0%BA%D0%B8%D0%92%D0%9F%D0%BE%D0%BB%D0%BB%D0%B5%D1%82%D0%B0%D1%85/Balance?$format=json&$expand=%D0%9D%D0%BE%D0%BC%D0%B5%D0%BD%D0%BA%D0%BB%D0%B0%D1%82%D1%83%D1%80%D0%B0/Parent,%20%D0%AF%D1%87%D0%B5%D0%B9%D0%BA%D0%B0%D0%A5%D1%80%D0%B0%D0%BD%D0%B5%D0%BD%D0%B8%D1%8F/%D0%A1%D0%BA%D0%BB%D0%B0%D0%B4,%20%D0%A1%D0%B5%D1%80%D0%B8%D1%8F%D0%9D%D0%BE%D0%BC%D0%B5%D0%BD%D0%BA%D0%BB%D0%B0%D1%82%D1%83%D1%80%D1%8B&$select=%D0%9D%D0%BE%D0%BC%D0%B5%D0%BD%D0%BA%D0%BB%D0%B0%D1%82%D1%83%D1%80%D0%B0/Code,%D0%9D%D0%BE%D0%BC%D0%B5%D0%BD%D0%BA%D0%BB%D0%B0%D1%82%D1%83%D1%80%D0%B0/Description,%D0%9D%D0%BE%D0%BC%D0%B5%D0%BD%D0%BA%D0%BB%D0%B0%D1%82%D1%83%D1%80%D0%B0/%D0%90%D1%80%D1%82%D0%B8%D0%BA%D1%83%D0%BB,%D0%9D%D0%BE%D0%BC%D0%B5%D0%BD%D0%BA%D0%BB%D0%B0%D1%82%D1%83%D1%80%D0%B0/Parent/Description,%D0%9A%D0%BE%D0%BB%D0%B8%D1%87%D0%B5%D1%81%D1%82%D0%B2%D0%BEBalance,%D0%A1%D0%B5%D1%80%D0%B8%D1%8F%D0%9D%D0%BE%D0%BC%D0%B5%D0%BD%D0%BA%D0%BB%D0%B0%D1%82%D1%83%D1%80%D1%8B/%D0%94%D0%B0%D1%82%D0%B0%D0%9F%D1%80%D0%BE%D0%B8%D0%B7%D0%B2%D0%BE%D0%B4%D1%81%D1%82%D0%B2%D0%B0,%D0%A1%D0%B5%D1%80%D0%B8%D1%8F%D0%9D%D0%BE%D0%BC%D0%B5%D0%BD%D0%BA%D0%BB%D0%B0%D1%82%D1%83%D1%80%D1%8B/%D0%93%D0%BE%D0%B4%D0%B5%D0%BD%D0%94%D0%BE,%D0%AF%D1%87%D0%B5%D0%B9%D0%BA%D0%B0%D0%A5%D1%80%D0%B0%D0%BD%D0%B5%D0%BD%D0%B8%D1%8F/%D0%A1%D0%BA%D0%BB%D0%B0%D0%B4/Description&$orderby=%D0%9D%D0%BE%D0%BC%D0%B5%D0%BD%D0%BA%D0%BB%D0%B0%D1%82%D1%83%D1%80%D0%B0/%D0%90%D1%80%D1%82%D0%B8%D0%BA%D1%83%D0%BB&$filter=%D0%9D%D0%BE%D0%BC%D0%B5%D0%BD%D0%BA%D0%BB%D0%B0%D1%82%D1%83%D1%80%D0%B0/Parent/Code%20eq%20'356959' HTTP/1.1" 200 31411
2025-02-13 07:32:04,203 urllib3.connectionpool DEBUG    Starting new HTTP connection (1): 172.172.185.67:80
2025-02-13 07:32:07,847 urllib3.connectionpool DEBUG    http://172.172.185.67:80 "GET /krd_itc_wms/odata/standard.odata//AccumulationRegister_%D0%9E%D1%81%D1%82%D0%B0%D1%82%D0%BA%D0%B8%D0%92%D0%9F%D0%BE%D0%BB%D0%BB%D0%B5%D1%82%D0%B0%D1%85/Balance?$format=json&$expand=%D0%9D%D0%BE%D0%BC%D0%B5%D0%BD%D0%BA%D0%BB%D0%B0%D1%82%D1%83%D1%80%D0%B0/Parent,%20%D0%AF%D1%87%D0%B5%D0%B9%D0%BA%D0%B0%D0%A5%D1%80%D0%B0%D0%BD%D0%B5%D0%BD%D0%B8%D1%8F/%D0%A1%D0%BA%D0%BB%D0%B0%D0%B4,%20%D0%A1%D0%B5%D1%80%D0%B8%D1%8F%D0%9D%D0%BE%D0%BC%D0%B5%D0%BD%D0%BA%D0%BB%D0%B0%D1%82%D1%83%D1%80%D1%8B&$select=%D0%9D%D0%BE%D0%BC%D0%B5%D0%BD%D0%BA%D0%BB%D0%B0%D1%82%D1%83%D1%80%D0%B0/Code,%D0%9D%D0%BE%D0%BC%D0%B5%D0%BD%D0%BA%D0%BB%D0%B0%D1%82%D1%83%D1%80%D0%B0/Description,%D0%9D%D0%BE%D0%BC%D0%B5%D0%BD%D0%BA%D0%BB%D0%B0%D1%82%D1%83%D1%80%D0%B0/%D0%90%D1%80%D1%82%D0%B8%D0%BA%D1%83%D0%BB,%D0%9D%D0%BE%D0%BC%D0%B5%D0%BD%D0%BA%D0%BB%D0%B0%D1%82%D1%83%D1%80%D0%B0/Parent/Description,%D0%9A%D0%BE%D0%BB%D0%B8%D1%87%D0%B5%D1%81%D1%82%D0%B2%D0%BEBalance,%D0%A1%D0%B5%D1%80%D0%B8%D1%8F%D0%9D%D0%BE%D0%BC%D0%B5%D0%BD%D0%BA%D0%BB%D0%B0%D1%82%D1%83%D1%80%D1%8B/%D0%94%D0%B0%D1%82%D0%B0%D0%9F%D1%80%D0%BE%D0%B8%D0%B7%D0%B2%D0%BE%D0%B4%D1%81%D1%82%D0%B2%D0%B0,%D0%A1%D0%B5%D1%80%D0%B8%D1%8F%D0%9D%D0%BE%D0%BC%D0%B5%D0%BD%D0%BA%D0%BB%D0%B0%D1%82%D1%83%D1%80%D1%8B/%D0%93%D0%BE%D0%B4%D0%B5%D0%BD%D0%94%D0%BE,%D0%AF%D1%87%D0%B5%D0%B9%D0%BA%D0%B0%D0%A5%D1%80%D0%B0%D0%BD%D0%B5%D0%BD%D0%B8%D1%8F/%D0%A1%D0%BA%D0%BB%D0%B0%D0%B4/Description&$orderby=%D0%9D%D0%BE%D0%BC%D0%B5%D0%BD%D0%BA%D0%BB%D0%B0%D1%82%D1%83%D1%80%D0%B0/%D0%90%D1%80%D1%82%D0%B8%D0%BA%D1%83%D0%BB&$filter=%D0%9D%D0%BE%D0%BC%D0%B5%D0%BD%D0%BA%D0%BB%D0%B0%D1%82%D1%83%D1%80%D0%B0/Parent/Code%20eq%20'391291' HTTP/1.1" 200 400541
2025-02-13 07:40:07,477 urllib3.connectionpool DEBUG    Starting new HTTP connection (1): 172.172.185.67:80
2025-02-13 07:40:11,625 urllib3.connectionpool DEBUG    http://172.172.185.67:80 "GET /krd_itc_wms/odata/standard.odata//AccumulationRegister_%D0%9E%D1%81%D1%82%D0%B0%D1%82%D0%BA%D0%B8%D0%92%D0%9F%D0%BE%D0%BB%D0%BB%D0%B5%D1%82%D0%B0%D1%85/Balance?$format=json&$expand=%D0%9D%D0%BE%D0%BC%D0%B5%D0%BD%D0%BA%D0%BB%D0%B0%D1%82%D1%83%D1%80%D0%B0/Parent,%20%D0%AF%D1%87%D0%B5%D0%B9%D0%BA%D0%B0%D0%A5%D1%80%D0%B0%D0%BD%D0%B5%D0%BD%D0%B8%D1%8F/%D0%A1%D0%BA%D0%BB%D0%B0%D0%B4,%20%D0%A1%D0%B5%D1%80%D0%B8%D1%8F%D0%9D%D0%BE%D0%BC%D0%B5%D0%BD%D0%BA%D0%BB%D0%B0%D1%82%D1%83%D1%80%D1%8B&$select=%D0%9D%D0%BE%D0%BC%D0%B5%D0%BD%D0%BA%D0%BB%D0%B0%D1%82%D1%83%D1%80%D0%B0/Code,%D0%9D%D0%BE%D0%BC%D0%B5%D0%BD%D0%BA%D0%BB%D0%B0%D1%82%D1%83%D1%80%D0%B0/Description,%D0%9D%D0%BE%D0%BC%D0%B5%D0%BD%D0%BA%D0%BB%D0%B0%D1%82%D1%83%D1%80%D0%B0/%D0%90%D1%80%D1%82%D0%B8%D0%BA%D1%83%D0%BB,%D0%9D%D0%BE%D0%BC%D0%B5%D0%BD%D0%BA%D0%BB%D0%B0%D1%82%D1%83%D1%80%D0%B0/Parent/Description,%D0%9A%D0%BE%D0%BB%D0%B8%D1%87%D0%B5%D1%81%D1%82%D0%B2%D0%BEBalance,%D0%A1%D0%B5%D1%80%D0%B8%D1%8F%D0%9D%D0%BE%D0%BC%D0%B5%D0%BD%D0%BA%D0%BB%D0%B0%D1%82%D1%83%D1%80%D1%8B/%D0%94%D0%B0%D1%82%D0%B0%D0%9F%D1%80%D0%BE%D0%B8%D0%B7%D0%B2%D0%BE%D0%B4%D1%81%D1%82%D0%B2%D0%B0,%D0%A1%D0%B5%D1%80%D0%B8%D1%8F%D0%9D%D0%BE%D0%BC%D0%B5%D0%BD%D0%BA%D0%BB%D0%B0%D1%82%D1%83%D1%80%D1%8B/%D0%93%D0%BE%D0%B4%D0%B5%D0%BD%D0%94%D0%BE,%D0%AF%D1%87%D0%B5%D0%B9%D0%BA%D0%B0%D0%A5%D1%80%D0%B0%D0%BD%D0%B5%D0%BD%D0%B8%D1%8F/%D0%A1%D0%BA%D0%BB%D0%B0%D0%B4/Description&$orderby=%D0%9D%D0%BE%D0%BC%D0%B5%D0%BD%D0%BA%D0%BB%D0%B0%D1%82%D1%83%D1%80%D0%B0/%D0%90%D1%80%D1%82%D0%B8%D0%BA%D1%83%D0%BB&$filter=%D0%9D%D0%BE%D0%BC%D0%B5%D0%BD%D0%BA%D0%BB%D0%B0%D1%82%D1%83%D1%80%D0%B0/Parent/Code%20eq%20'391291' HTTP/1.1" 200 400541
2025-02-13 07:44:54,175 urllib3.connectionpool DEBUG    Starting new HTTP connection (1): 172.172.185.67:80
2025-02-13 07:44:57,863 urllib3.connectionpool DEBUG    http://172.172.185.67:80 "GET /krd_itc_wms/odata/standard.odata//AccumulationRegister_%D0%9E%D1%81%D1%82%D0%B0%D1%82%D0%BA%D0%B8%D0%92%D0%9F%D0%BE%D0%BB%D0%BB%D0%B5%D1%82%D0%B0%D1%85/Balance?$format=json&$expand=%D0%9D%D0%BE%D0%BC%D0%B5%D0%BD%D0%BA%D0%BB%D0%B0%D1%82%D1%83%D1%80%D0%B0/Parent,%20%D0%AF%D1%87%D0%B5%D0%B9%D0%BA%D0%B0%D0%A5%D1%80%D0%B0%D0%BD%D0%B5%D0%BD%D0%B8%D1%8F/%D0%A1%D0%BA%D0%BB%D0%B0%D0%B4,%20%D0%A1%D0%B5%D1%80%D0%B8%D1%8F%D0%9D%D0%BE%D0%BC%D0%B5%D0%BD%D0%BA%D0%BB%D0%B0%D1%82%D1%83%D1%80%D1%8B&$select=%D0%9D%D0%BE%D0%BC%D0%B5%D0%BD%D0%BA%D0%BB%D0%B0%D1%82%D1%83%D1%80%D0%B0/Code,%D0%9D%D0%BE%D0%BC%D0%B5%D0%BD%D0%BA%D0%BB%D0%B0%D1%82%D1%83%D1%80%D0%B0/Description,%D0%9D%D0%BE%D0%BC%D0%B5%D0%BD%D0%BA%D0%BB%D0%B0%D1%82%D1%83%D1%80%D0%B0/%D0%90%D1%80%D1%82%D0%B8%D0%BA%D1%83%D0%BB,%D0%9D%D0%BE%D0%BC%D0%B5%D0%BD%D0%BA%D0%BB%D0%B0%D1%82%D1%83%D1%80%D0%B0/Parent/Description,%D0%9A%D0%BE%D0%BB%D0%B8%D1%87%D0%B5%D1%81%D1%82%D0%B2%D0%BEBalance,%D0%A1%D0%B5%D1%80%D0%B8%D1%8F%D0%9D%D0%BE%D0%BC%D0%B5%D0%BD%D0%BA%D0%BB%D0%B0%D1%82%D1%83%D1%80%D1%8B/%D0%94%D0%B0%D1%82%D0%B0%D0%9F%D1%80%D0%BE%D0%B8%D0%B7%D0%B2%D0%BE%D0%B4%D1%81%D1%82%D0%B2%D0%B0,%D0%A1%D0%B5%D1%80%D0%B8%D1%8F%D0%9D%D0%BE%D0%BC%D0%B5%D0%BD%D0%BA%D0%BB%D0%B0%D1%82%D1%83%D1%80%D1%8B/%D0%93%D0%BE%D0%B4%D0%B5%D0%BD%D0%94%D0%BE,%D0%AF%D1%87%D0%B5%D0%B9%D0%BA%D0%B0%D0%A5%D1%80%D0%B0%D0%BD%D0%B5%D0%BD%D0%B8%D1%8F/%D0%A1%D0%BA%D0%BB%D0%B0%D0%B4/Description&$orderby=%D0%9D%D0%BE%D0%BC%D0%B5%D0%BD%D0%BA%D0%BB%D0%B0%D1%82%D1%83%D1%80%D0%B0/%D0%90%D1%80%D1%82%D0%B8%D0%BA%D1%83%D0%BB&$filter=%D0%9D%D0%BE%D0%BC%D0%B5%D0%BD%D0%BA%D0%BB%D0%B0%D1%82%D1%83%D1%80%D0%B0/Parent/Code%20eq%20'391291' HTTP/1.1" 200 400541
2025-02-13 07:45:12,589 urllib3.connectionpool DEBUG    Starting new HTTP connection (1): 172.172.185.67:80
2025-02-13 07:45:13,565 urllib3.connectionpool DEBUG    http://172.172.185.67:80 "GET /krd_itc_wms/odata/standard.odata//AccumulationRegister_%D0%9E%D1%81%D1%82%D0%B0%D1%82%D0%BA%D0%B8%D0%92%D0%9F%D0%BE%D0%BB%D0%BB%D0%B5%D1%82%D0%B0%D1%85/Balance?$format=json&$expand=%D0%9D%D0%BE%D0%BC%D0%B5%D0%BD%D0%BA%D0%BB%D0%B0%D1%82%D1%83%D1%80%D0%B0/Parent,%20%D0%AF%D1%87%D0%B5%D0%B9%D0%BA%D0%B0%D0%A5%D1%80%D0%B0%D0%BD%D0%B5%D0%BD%D0%B8%D1%8F/%D0%A1%D0%BA%D0%BB%D0%B0%D0%B4,%20%D0%A1%D0%B5%D1%80%D0%B8%D1%8F%D0%9D%D0%BE%D0%BC%D0%B5%D0%BD%D0%BA%D0%BB%D0%B0%D1%82%D1%83%D1%80%D1%8B&$select=%D0%9D%D0%BE%D0%BC%D0%B5%D0%BD%D0%BA%D0%BB%D0%B0%D1%82%D1%83%D1%80%D0%B0/Code,%D0%9D%D0%BE%D0%BC%D0%B5%D0%BD%D0%BA%D0%BB%D0%B0%D1%82%D1%83%D1%80%D0%B0/Description,%D0%9D%D0%BE%D0%BC%D0%B5%D0%BD%D0%BA%D0%BB%D0%B0%D1%82%D1%83%D1%80%D0%B0/%D0%90%D1%80%D1%82%D0%B8%D0%BA%D1%83%D0%BB,%D0%9D%D0%BE%D0%BC%D0%B5%D0%BD%D0%BA%D0%BB%D0%B0%D1%82%D1%83%D1%80%D0%B0/Parent/Description,%D0%9A%D0%BE%D0%BB%D0%B8%D1%87%D0%B5%D1%81%D1%82%D0%B2%D0%BEBalance,%D0%A1%D0%B5%D1%80%D0%B8%D1%8F%D0%9D%D0%BE%D0%BC%D0%B5%D0%BD%D0%BA%D0%BB%D0%B0%D1%82%D1%83%D1%80%D1%8B/%D0%94%D0%B0%D1%82%D0%B0%D0%9F%D1%80%D0%BE%D0%B8%D0%B7%D0%B2%D0%BE%D0%B4%D1%81%D1%82%D0%B2%D0%B0,%D0%A1%D0%B5%D1%80%D0%B8%D1%8F%D0%9D%D0%BE%D0%BC%D0%B5%D0%BD%D0%BA%D0%BB%D0%B0%D1%82%D1%83%D1%80%D1%8B/%D0%93%D0%BE%D0%B4%D0%B5%D0%BD%D0%94%D0%BE,%D0%AF%D1%87%D0%B5%D0%B9%D0%BA%D0%B0%D0%A5%D1%80%D0%B0%D0%BD%D0%B5%D0%BD%D0%B8%D1%8F/%D0%A1%D0%BA%D0%BB%D0%B0%D0%B4/Description&$orderby=%D0%9D%D0%BE%D0%BC%D0%B5%D0%BD%D0%BA%D0%BB%D0%B0%D1%82%D1%83%D1%80%D0%B0/%D0%90%D1%80%D1%82%D0%B8%D0%BA%D1%83%D0%BB&$filter=%D0%9D%D0%BE%D0%BC%D0%B5%D0%BD%D0%BA%D0%BB%D0%B0%D1%82%D1%83%D1%80%D0%B0/Parent/Code%20eq%20'304903' HTTP/1.1" 200 203760
2025-02-13 07:45:26,922 urllib3.connectionpool DEBUG    Starting new HTTP connection (1): 172.172.185.67:80
2025-02-13 07:45:27,479 urllib3.connectionpool DEBUG    http://172.172.185.67:80 "GET /krd_itc_wms/odata/standard.odata//AccumulationRegister_%D0%9E%D1%81%D1%82%D0%B0%D1%82%D0%BA%D0%B8%D0%92%D0%9F%D0%BE%D0%BB%D0%BB%D0%B5%D1%82%D0%B0%D1%85/Balance?$format=json&$expand=%D0%9D%D0%BE%D0%BC%D0%B5%D0%BD%D0%BA%D0%BB%D0%B0%D1%82%D1%83%D1%80%D0%B0/Parent,%20%D0%AF%D1%87%D0%B5%D0%B9%D0%BA%D0%B0%D0%A5%D1%80%D0%B0%D0%BD%D0%B5%D0%BD%D0%B8%D1%8F/%D0%A1%D0%BA%D0%BB%D0%B0%D0%B4,%20%D0%A1%D0%B5%D1%80%D0%B8%D1%8F%D0%9D%D0%BE%D0%BC%D0%B5%D0%BD%D0%BA%D0%BB%D0%B0%D1%82%D1%83%D1%80%D1%8B&$select=%D0%9D%D0%BE%D0%BC%D0%B5%D0%BD%D0%BA%D0%BB%D0%B0%D1%82%D1%83%D1%80%D0%B0/Code,%D0%9D%D0%BE%D0%BC%D0%B5%D0%BD%D0%BA%D0%BB%D0%B0%D1%82%D1%83%D1%80%D0%B0/Description,%D0%9D%D0%BE%D0%BC%D0%B5%D0%BD%D0%BA%D0%BB%D0%B0%D1%82%D1%83%D1%80%D0%B0/%D0%90%D1%80%D1%82%D0%B8%D0%BA%D1%83%D0%BB,%D0%9D%D0%BE%D0%BC%D0%B5%D0%BD%D0%BA%D0%BB%D0%B0%D1%82%D1%83%D1%80%D0%B0/Parent/Description,%D0%9A%D0%BE%D0%BB%D0%B8%D1%87%D0%B5%D1%81%D1%82%D0%B2%D0%BEBalance,%D0%A1%D0%B5%D1%80%D0%B8%D1%8F%D0%9D%D0%BE%D0%BC%D0%B5%D0%BD%D0%BA%D0%BB%D0%B0%D1%82%D1%83%D1%80%D1%8B/%D0%94%D0%B0%D1%82%D0%B0%D0%9F%D1%80%D0%BE%D0%B8%D0%B7%D0%B2%D0%BE%D0%B4%D1%81%D1%82%D0%B2%D0%B0,%D0%A1%D0%B5%D1%80%D0%B8%D1%8F%D0%9D%D0%BE%D0%BC%D0%B5%D0%BD%D0%BA%D0%BB%D0%B0%D1%82%D1%83%D1%80%D1%8B/%D0%93%D0%BE%D0%B4%D0%B5%D0%BD%D0%94%D0%BE,%D0%AF%D1%87%D0%B5%D0%B9%D0%BA%D0%B0%D0%A5%D1%80%D0%B0%D0%BD%D0%B5%D0%BD%D0%B8%D1%8F/%D0%A1%D0%BA%D0%BB%D0%B0%D0%B4/Description&$orderby=%D0%9D%D0%BE%D0%BC%D0%B5%D0%BD%D0%BA%D0%BB%D0%B0%D1%82%D1%83%D1%80%D0%B0/%D0%90%D1%80%D1%82%D0%B8%D0%BA%D1%83%D0%BB&$filter=%D0%9D%D0%BE%D0%BC%D0%B5%D0%BD%D0%BA%D0%BB%D0%B0%D1%82%D1%83%D1%80%D0%B0/Parent/Code%20eq%20'391226' HTTP/1.1" 200 102718
2025-02-13 07:50:56,339 django.utils.autoreload INFO     C:\Users\rhashhanok\PycharmProjects\SLEX_02\base_app\views.py changed, reloading.
2025-02-13 07:50:57,874 django.utils.autoreload INFO     Watching for file changes with StatReloader
2025-02-13 07:51:26,401 django.request WARNING  Not Found: /favicon.ico
2025-02-13 07:51:46,434 django.utils.autoreload INFO     C:\Users\rhashhanok\PycharmProjects\SLEX_02\base_app\views.py changed, reloading.
2025-02-13 07:51:48,133 django.utils.autoreload INFO     Watching for file changes with StatReloader
2025-02-13 07:51:50,533 django.request ERROR    Internal Server Error: /krd/test/
Traceback (most recent call last):
  File "C:\Users\rhashhanok\PycharmProjects\SLEX_02\.venv\Lib\site-packages\django\core\handlers\exception.py", line 55, in inner
    response = get_response(request)
               ^^^^^^^^^^^^^^^^^^^^^
  File "C:\Users\rhashhanok\PycharmProjects\SLEX_02\.venv\Lib\site-packages\django\core\handlers\base.py", line 197, in _get_response
    response = wrapped_callback(request, *callback_args, **callback_kwargs)
               ^^^^^^^^^^^^^^^^^^^^^^^^^^^^^^^^^^^^^^^^^^^^^^^^^^^^^^^^^^^^
  File "C:\Users\rhashhanok\PycharmProjects\SLEX_02\base_app\views.py", line 70, in show_test
    context['choice_contracts'] = Contracts.objects.filter(as_active=True, filial__id=context['filial'].id)
                                                                                      ~~~~~~~^^^^^^^^^^
KeyError: 'filial'
2025-02-13 07:51:50,673 django.request WARNING  Not Found: /favicon.ico
2025-02-13 07:57:28,042 django.request ERROR    Internal Server Error: /krd/test/
Traceback (most recent call last):
  File "C:\Users\rhashhanok\PycharmProjects\SLEX_02\.venv\Lib\site-packages\django\core\handlers\exception.py", line 55, in inner
    response = get_response(request)
               ^^^^^^^^^^^^^^^^^^^^^
  File "C:\Users\rhashhanok\PycharmProjects\SLEX_02\.venv\Lib\site-packages\django\core\handlers\base.py", line 197, in _get_response
    response = wrapped_callback(request, *callback_args, **callback_kwargs)
               ^^^^^^^^^^^^^^^^^^^^^^^^^^^^^^^^^^^^^^^^^^^^^^^^^^^^^^^^^^^^
  File "C:\Users\rhashhanok\PycharmProjects\SLEX_02\base_app\views.py", line 76, in show_test
    return render(request, f'base_app/test.html', context=context)
           ^^^^^^^^^^^^^^^^^^^^^^^^^^^^^^^^^^^^^^^^^^^^^^^^^^^^^^^
  File "C:\Users\rhashhanok\PycharmProjects\SLEX_02\.venv\Lib\site-packages\django\shortcuts.py", line 25, in render
    content = loader.render_to_string(template_name, context, request, using=using)
              ^^^^^^^^^^^^^^^^^^^^^^^^^^^^^^^^^^^^^^^^^^^^^^^^^^^^^^^^^^^^^^^^^^^^^
  File "C:\Users\rhashhanok\PycharmProjects\SLEX_02\.venv\Lib\site-packages\django\template\loader.py", line 62, in render_to_string
    return template.render(context, request)
           ^^^^^^^^^^^^^^^^^^^^^^^^^^^^^^^^^
  File "C:\Users\rhashhanok\PycharmProjects\SLEX_02\.venv\Lib\site-packages\django\template\backends\django.py", line 61, in render
    return self.template.render(context)
           ^^^^^^^^^^^^^^^^^^^^^^^^^^^^^
  File "C:\Users\rhashhanok\PycharmProjects\SLEX_02\.venv\Lib\site-packages\django\template\base.py", line 171, in render
    return self._render(context)
           ^^^^^^^^^^^^^^^^^^^^^
  File "C:\Users\rhashhanok\PycharmProjects\SLEX_02\.venv\Lib\site-packages\django\template\base.py", line 163, in _render
    return self.nodelist.render(context)
           ^^^^^^^^^^^^^^^^^^^^^^^^^^^^^
  File "C:\Users\rhashhanok\PycharmProjects\SLEX_02\.venv\Lib\site-packages\django\template\base.py", line 1000, in render
    return SafeString("".join([node.render_annotated(context) for node in self]))
                               ^^^^^^^^^^^^^^^^^^^^^^^^^^^^^^
  File "C:\Users\rhashhanok\PycharmProjects\SLEX_02\.venv\Lib\site-packages\django\template\base.py", line 961, in render_annotated
    return self.render(context)
           ^^^^^^^^^^^^^^^^^^^^
  File "C:\Users\rhashhanok\PycharmProjects\SLEX_02\.venv\Lib\site-packages\django\template\loader_tags.py", line 159, in render
    return compiled_parent._render(context)
           ^^^^^^^^^^^^^^^^^^^^^^^^^^^^^^^^
  File "C:\Users\rhashhanok\PycharmProjects\SLEX_02\.venv\Lib\site-packages\django\template\base.py", line 163, in _render
    return self.nodelist.render(context)
           ^^^^^^^^^^^^^^^^^^^^^^^^^^^^^
  File "C:\Users\rhashhanok\PycharmProjects\SLEX_02\.venv\Lib\site-packages\django\template\base.py", line 1000, in render
    return SafeString("".join([node.render_annotated(context) for node in self]))
                               ^^^^^^^^^^^^^^^^^^^^^^^^^^^^^^
  File "C:\Users\rhashhanok\PycharmProjects\SLEX_02\.venv\Lib\site-packages\django\template\base.py", line 961, in render_annotated
    return self.render(context)
           ^^^^^^^^^^^^^^^^^^^^
  File "C:\Users\rhashhanok\PycharmProjects\SLEX_02\.venv\Lib\site-packages\django\template\loader_tags.py", line 65, in render
    result = block.nodelist.render(context)
             ^^^^^^^^^^^^^^^^^^^^^^^^^^^^^^
  File "C:\Users\rhashhanok\PycharmProjects\SLEX_02\.venv\Lib\site-packages\django\template\base.py", line 1000, in render
    return SafeString("".join([node.render_annotated(context) for node in self]))
                               ^^^^^^^^^^^^^^^^^^^^^^^^^^^^^^
  File "C:\Users\rhashhanok\PycharmProjects\SLEX_02\.venv\Lib\site-packages\django\template\base.py", line 961, in render_annotated
    return self.render(context)
           ^^^^^^^^^^^^^^^^^^^^
  File "C:\Users\rhashhanok\PycharmProjects\SLEX_02\.venv\Lib\site-packages\django\template\defaulttags.py", line 326, in render
    return nodelist.render(context)
           ^^^^^^^^^^^^^^^^^^^^^^^^
  File "C:\Users\rhashhanok\PycharmProjects\SLEX_02\.venv\Lib\site-packages\django\template\base.py", line 1000, in render
    return SafeString("".join([node.render_annotated(context) for node in self]))
                               ^^^^^^^^^^^^^^^^^^^^^^^^^^^^^^
  File "C:\Users\rhashhanok\PycharmProjects\SLEX_02\.venv\Lib\site-packages\django\template\base.py", line 961, in render_annotated
    return self.render(context)
           ^^^^^^^^^^^^^^^^^^^^
  File "C:\Users\rhashhanok\PycharmProjects\SLEX_02\.venv\Lib\site-packages\django\template\defaulttags.py", line 479, in render
    url = reverse(view_name, args=args, kwargs=kwargs, current_app=current_app)
          ^^^^^^^^^^^^^^^^^^^^^^^^^^^^^^^^^^^^^^^^^^^^^^^^^^^^^^^^^^^^^^^^^^^^^
  File "C:\Users\rhashhanok\PycharmProjects\SLEX_02\.venv\Lib\site-packages\django\urls\base.py", line 88, in reverse
    return resolver._reverse_with_prefix(view, prefix, *args, **kwargs)
           ^^^^^^^^^^^^^^^^^^^^^^^^^^^^^^^^^^^^^^^^^^^^^^^^^^^^^^^^^^^^
  File "C:\Users\rhashhanok\PycharmProjects\SLEX_02\.venv\Lib\site-packages\django\urls\resolvers.py", line 851, in _reverse_with_prefix
    raise NoReverseMatch(msg)
django.urls.exceptions.NoReverseMatch: Reverse for 'test' with no arguments not found. 1 pattern(s) tried: ['(?P<_filial_slug>[-a-zA-Z0-9_]+)/test/\\Z']
2025-02-13 07:58:01,130 django.request ERROR    Internal Server Error: /krd/contracts/agrokompleks/build_route_list_date/load_file
Traceback (most recent call last):
  File "C:\Users\rhashhanok\PycharmProjects\SLEX_02\.venv\Lib\site-packages\django\core\handlers\exception.py", line 55, in inner
    response = get_response(request)
               ^^^^^^^^^^^^^^^^^^^^^
  File "C:\Users\rhashhanok\PycharmProjects\SLEX_02\.venv\Lib\site-packages\django\core\handlers\base.py", line 197, in _get_response
    response = wrapped_callback(request, *callback_args, **callback_kwargs)
               ^^^^^^^^^^^^^^^^^^^^^^^^^^^^^^^^^^^^^^^^^^^^^^^^^^^^^^^^^^^^
  File "C:\Users\rhashhanok\PycharmProjects\SLEX_02\base_app\views.py", line 151, in event_load_file
    res, error_valid = dict_module[context['contract'].slug].start(file, kwargs)
    ^^^^^^^^^^^^^^^^
TypeError: cannot unpack non-iterable NoneType object
2025-02-13 09:14:44,036 django.request WARNING  Not Found: /favicon.ico
2025-02-13 09:31:46,592 urllib3.connectionpool DEBUG    Starting new HTTP connection (1): 172.172.185.67:80
2025-02-13 09:31:49,913 urllib3.connectionpool DEBUG    http://172.172.185.67:80 "GET /itc_wms/odata/standard.odata//AccumulationRegister_%D0%9E%D1%81%D1%82%D0%B0%D1%82%D0%BA%D0%B8%D0%92%D0%9F%D0%BE%D0%BB%D0%BB%D0%B5%D1%82%D0%B0%D1%85/Balance?$format=json&$expand=%D0%9D%D0%BE%D0%BC%D0%B5%D0%BD%D0%BA%D0%BB%D0%B0%D1%82%D1%83%D1%80%D0%B0/Parent,%20%D0%AF%D1%87%D0%B5%D0%B9%D0%BA%D0%B0%D0%A5%D1%80%D0%B0%D0%BD%D0%B5%D0%BD%D0%B8%D1%8F/%D0%A1%D0%BA%D0%BB%D0%B0%D0%B4,%20%D0%A1%D0%B5%D1%80%D0%B8%D1%8F%D0%9D%D0%BE%D0%BC%D0%B5%D0%BD%D0%BA%D0%BB%D0%B0%D1%82%D1%83%D1%80%D1%8B&$select=%D0%9D%D0%BE%D0%BC%D0%B5%D0%BD%D0%BA%D0%BB%D0%B0%D1%82%D1%83%D1%80%D0%B0/Code,%D0%9D%D0%BE%D0%BC%D0%B5%D0%BD%D0%BA%D0%BB%D0%B0%D1%82%D1%83%D1%80%D0%B0/Description,%D0%9D%D0%BE%D0%BC%D0%B5%D0%BD%D0%BA%D0%BB%D0%B0%D1%82%D1%83%D1%80%D0%B0/%D0%90%D1%80%D1%82%D0%B8%D0%BA%D1%83%D0%BB,%D0%9D%D0%BE%D0%BC%D0%B5%D0%BD%D0%BA%D0%BB%D0%B0%D1%82%D1%83%D1%80%D0%B0/Parent/Description,%D0%9A%D0%BE%D0%BB%D0%B8%D1%87%D0%B5%D1%81%D1%82%D0%B2%D0%BEBalance,%D0%A1%D0%B5%D1%80%D0%B8%D1%8F%D0%9D%D0%BE%D0%BC%D0%B5%D0%BD%D0%BA%D0%BB%D0%B0%D1%82%D1%83%D1%80%D1%8B/%D0%94%D0%B0%D1%82%D0%B0%D0%9F%D1%80%D0%BE%D0%B8%D0%B7%D0%B2%D0%BE%D0%B4%D1%81%D1%82%D0%B2%D0%B0,%D0%A1%D0%B5%D1%80%D0%B8%D1%8F%D0%9D%D0%BE%D0%BC%D0%B5%D0%BD%D0%BA%D0%BB%D0%B0%D1%82%D1%83%D1%80%D1%8B/%D0%93%D0%BE%D0%B4%D0%B5%D0%BD%D0%94%D0%BE,%D0%AF%D1%87%D0%B5%D0%B9%D0%BA%D0%B0%D0%A5%D1%80%D0%B0%D0%BD%D0%B5%D0%BD%D0%B8%D1%8F/%D0%A1%D0%BA%D0%BB%D0%B0%D0%B4/Description&$orderby=%D0%9D%D0%BE%D0%BC%D0%B5%D0%BD%D0%BA%D0%BB%D0%B0%D1%82%D1%83%D1%80%D0%B0/%D0%90%D1%80%D1%82%D0%B8%D0%BA%D1%83%D0%BB&$filter=%D0%9D%D0%BE%D0%BC%D0%B5%D0%BD%D0%BA%D0%BB%D0%B0%D1%82%D1%83%D1%80%D0%B0/Parent/Code%20eq%20'304903' HTTP/1.1" 200 112024
2025-02-13 09:40:50,348 django.request WARNING  Not Found: /favicon.ico
2025-02-13 09:55:03,776 django.request WARNING  Not Found: /favicon.ico
2025-02-13 09:55:09,096 urllib3.connectionpool DEBUG    Starting new HTTP connection (1): 172.172.185.67:80
2025-02-13 09:55:12,696 urllib3.connectionpool DEBUG    http://172.172.185.67:80 "GET /krd_itc_wms/odata/standard.odata//AccumulationRegister_%D0%9E%D1%81%D1%82%D0%B0%D1%82%D0%BA%D0%B8%D0%92%D0%9F%D0%BE%D0%BB%D0%BB%D0%B5%D1%82%D0%B0%D1%85/Balance?$format=json&$expand=%D0%9D%D0%BE%D0%BC%D0%B5%D0%BD%D0%BA%D0%BB%D0%B0%D1%82%D1%83%D1%80%D0%B0/Parent,%20%D0%AF%D1%87%D0%B5%D0%B9%D0%BA%D0%B0%D0%A5%D1%80%D0%B0%D0%BD%D0%B5%D0%BD%D0%B8%D1%8F/%D0%A1%D0%BA%D0%BB%D0%B0%D0%B4,%20%D0%A1%D0%B5%D1%80%D0%B8%D1%8F%D0%9D%D0%BE%D0%BC%D0%B5%D0%BD%D0%BA%D0%BB%D0%B0%D1%82%D1%83%D1%80%D1%8B&$select=%D0%9D%D0%BE%D0%BC%D0%B5%D0%BD%D0%BA%D0%BB%D0%B0%D1%82%D1%83%D1%80%D0%B0/Code,%D0%9D%D0%BE%D0%BC%D0%B5%D0%BD%D0%BA%D0%BB%D0%B0%D1%82%D1%83%D1%80%D0%B0/Description,%D0%9D%D0%BE%D0%BC%D0%B5%D0%BD%D0%BA%D0%BB%D0%B0%D1%82%D1%83%D1%80%D0%B0/%D0%90%D1%80%D1%82%D0%B8%D0%BA%D1%83%D0%BB,%D0%9D%D0%BE%D0%BC%D0%B5%D0%BD%D0%BA%D0%BB%D0%B0%D1%82%D1%83%D1%80%D0%B0/Parent/Description,%D0%9A%D0%BE%D0%BB%D0%B8%D1%87%D0%B5%D1%81%D1%82%D0%B2%D0%BEBalance,%D0%A1%D0%B5%D1%80%D0%B8%D1%8F%D0%9D%D0%BE%D0%BC%D0%B5%D0%BD%D0%BA%D0%BB%D0%B0%D1%82%D1%83%D1%80%D1%8B/%D0%94%D0%B0%D1%82%D0%B0%D0%9F%D1%80%D0%BE%D0%B8%D0%B7%D0%B2%D0%BE%D0%B4%D1%81%D1%82%D0%B2%D0%B0,%D0%A1%D0%B5%D1%80%D0%B8%D1%8F%D0%9D%D0%BE%D0%BC%D0%B5%D0%BD%D0%BA%D0%BB%D0%B0%D1%82%D1%83%D1%80%D1%8B/%D0%93%D0%BE%D0%B4%D0%B5%D0%BD%D0%94%D0%BE,%D0%AF%D1%87%D0%B5%D0%B9%D0%BA%D0%B0%D0%A5%D1%80%D0%B0%D0%BD%D0%B5%D0%BD%D0%B8%D1%8F/%D0%A1%D0%BA%D0%BB%D0%B0%D0%B4/Description&$orderby=%D0%9D%D0%BE%D0%BC%D0%B5%D0%BD%D0%BA%D0%BB%D0%B0%D1%82%D1%83%D1%80%D0%B0/%D0%90%D1%80%D1%82%D0%B8%D0%BA%D1%83%D0%BB&$filter=%D0%9D%D0%BE%D0%BC%D0%B5%D0%BD%D0%BA%D0%BB%D0%B0%D1%82%D1%83%D1%80%D0%B0/Parent/Code%20eq%20'304903' HTTP/1.1" 200 203760
2025-02-13 11:53:51,455 django.request WARNING  Not Found: /favicon.ico
2025-02-13 12:27:29,698 urllib3.connectionpool DEBUG    Starting new HTTP connection (1): 172.172.185.67:80
2025-02-13 12:27:33,746 urllib3.connectionpool DEBUG    http://172.172.185.67:80 "GET /krd_itc_wms/odata/standard.odata//AccumulationRegister_%D0%9E%D1%81%D1%82%D0%B0%D1%82%D0%BA%D0%B8%D0%92%D0%9F%D0%BE%D0%BB%D0%BB%D0%B5%D1%82%D0%B0%D1%85/Balance?$format=json&$expand=%D0%9D%D0%BE%D0%BC%D0%B5%D0%BD%D0%BA%D0%BB%D0%B0%D1%82%D1%83%D1%80%D0%B0/Parent,%20%D0%AF%D1%87%D0%B5%D0%B9%D0%BA%D0%B0%D0%A5%D1%80%D0%B0%D0%BD%D0%B5%D0%BD%D0%B8%D1%8F/%D0%A1%D0%BA%D0%BB%D0%B0%D0%B4,%20%D0%A1%D0%B5%D1%80%D0%B8%D1%8F%D0%9D%D0%BE%D0%BC%D0%B5%D0%BD%D0%BA%D0%BB%D0%B0%D1%82%D1%83%D1%80%D1%8B&$select=%D0%9D%D0%BE%D0%BC%D0%B5%D0%BD%D0%BA%D0%BB%D0%B0%D1%82%D1%83%D1%80%D0%B0/Code,%D0%9D%D0%BE%D0%BC%D0%B5%D0%BD%D0%BA%D0%BB%D0%B0%D1%82%D1%83%D1%80%D0%B0/Description,%D0%9D%D0%BE%D0%BC%D0%B5%D0%BD%D0%BA%D0%BB%D0%B0%D1%82%D1%83%D1%80%D0%B0/%D0%90%D1%80%D1%82%D0%B8%D0%BA%D1%83%D0%BB,%D0%9D%D0%BE%D0%BC%D0%B5%D0%BD%D0%BA%D0%BB%D0%B0%D1%82%D1%83%D1%80%D0%B0/Parent/Description,%D0%9A%D0%BE%D0%BB%D0%B8%D1%87%D0%B5%D1%81%D1%82%D0%B2%D0%BEBalance,%D0%A1%D0%B5%D1%80%D0%B8%D1%8F%D0%9D%D0%BE%D0%BC%D0%B5%D0%BD%D0%BA%D0%BB%D0%B0%D1%82%D1%83%D1%80%D1%8B/%D0%94%D0%B0%D1%82%D0%B0%D0%9F%D1%80%D0%BE%D0%B8%D0%B7%D0%B2%D0%BE%D0%B4%D1%81%D1%82%D0%B2%D0%B0,%D0%A1%D0%B5%D1%80%D0%B8%D1%8F%D0%9D%D0%BE%D0%BC%D0%B5%D0%BD%D0%BA%D0%BB%D0%B0%D1%82%D1%83%D1%80%D1%8B/%D0%93%D0%BE%D0%B4%D0%B5%D0%BD%D0%94%D0%BE,%D0%AF%D1%87%D0%B5%D0%B9%D0%BA%D0%B0%D0%A5%D1%80%D0%B0%D0%BD%D0%B5%D0%BD%D0%B8%D1%8F/%D0%A1%D0%BA%D0%BB%D0%B0%D0%B4/Description&$orderby=%D0%9D%D0%BE%D0%BC%D0%B5%D0%BD%D0%BA%D0%BB%D0%B0%D1%82%D1%83%D1%80%D0%B0/%D0%90%D1%80%D1%82%D0%B8%D0%BA%D1%83%D0%BB&$filter=%D0%9D%D0%BE%D0%BC%D0%B5%D0%BD%D0%BA%D0%BB%D0%B0%D1%82%D1%83%D1%80%D0%B0/Parent/Code%20eq%20'289363' HTTP/1.1" 200 2007613
2025-02-13 12:27:51,618 urllib3.connectionpool DEBUG    Starting new HTTP connection (1): 172.172.185.67:80
2025-02-13 12:27:55,749 urllib3.connectionpool DEBUG    http://172.172.185.67:80 "GET /krd_itc_wms/odata/standard.odata//AccumulationRegister_%D0%9E%D1%81%D1%82%D0%B0%D1%82%D0%BA%D0%B8%D0%92%D0%9F%D0%BE%D0%BB%D0%BB%D0%B5%D1%82%D0%B0%D1%85/Balance?$format=json&$expand=%D0%9D%D0%BE%D0%BC%D0%B5%D0%BD%D0%BA%D0%BB%D0%B0%D1%82%D1%83%D1%80%D0%B0/Parent,%20%D0%AF%D1%87%D0%B5%D0%B9%D0%BA%D0%B0%D0%A5%D1%80%D0%B0%D0%BD%D0%B5%D0%BD%D0%B8%D1%8F/%D0%A1%D0%BA%D0%BB%D0%B0%D0%B4,%20%D0%A1%D0%B5%D1%80%D0%B8%D1%8F%D0%9D%D0%BE%D0%BC%D0%B5%D0%BD%D0%BA%D0%BB%D0%B0%D1%82%D1%83%D1%80%D1%8B&$select=%D0%9D%D0%BE%D0%BC%D0%B5%D0%BD%D0%BA%D0%BB%D0%B0%D1%82%D1%83%D1%80%D0%B0/Code,%D0%9D%D0%BE%D0%BC%D0%B5%D0%BD%D0%BA%D0%BB%D0%B0%D1%82%D1%83%D1%80%D0%B0/Description,%D0%9D%D0%BE%D0%BC%D0%B5%D0%BD%D0%BA%D0%BB%D0%B0%D1%82%D1%83%D1%80%D0%B0/%D0%90%D1%80%D1%82%D0%B8%D0%BA%D1%83%D0%BB,%D0%9D%D0%BE%D0%BC%D0%B5%D0%BD%D0%BA%D0%BB%D0%B0%D1%82%D1%83%D1%80%D0%B0/Parent/Description,%D0%9A%D0%BE%D0%BB%D0%B8%D1%87%D0%B5%D1%81%D1%82%D0%B2%D0%BEBalance,%D0%A1%D0%B5%D1%80%D0%B8%D1%8F%D0%9D%D0%BE%D0%BC%D0%B5%D0%BD%D0%BA%D0%BB%D0%B0%D1%82%D1%83%D1%80%D1%8B/%D0%94%D0%B0%D1%82%D0%B0%D0%9F%D1%80%D0%BE%D0%B8%D0%B7%D0%B2%D0%BE%D0%B4%D1%81%D1%82%D0%B2%D0%B0,%D0%A1%D0%B5%D1%80%D0%B8%D1%8F%D0%9D%D0%BE%D0%BC%D0%B5%D0%BD%D0%BA%D0%BB%D0%B0%D1%82%D1%83%D1%80%D1%8B/%D0%93%D0%BE%D0%B4%D0%B5%D0%BD%D0%94%D0%BE,%D0%AF%D1%87%D0%B5%D0%B9%D0%BA%D0%B0%D0%A5%D1%80%D0%B0%D0%BD%D0%B5%D0%BD%D0%B8%D1%8F/%D0%A1%D0%BA%D0%BB%D0%B0%D0%B4/Description&$orderby=%D0%9D%D0%BE%D0%BC%D0%B5%D0%BD%D0%BA%D0%BB%D0%B0%D1%82%D1%83%D1%80%D0%B0/%D0%90%D1%80%D1%82%D0%B8%D0%BA%D1%83%D0%BB&$filter=%D0%9D%D0%BE%D0%BC%D0%B5%D0%BD%D0%BA%D0%BB%D0%B0%D1%82%D1%83%D1%80%D0%B0/Parent/Code%20eq%20'289363' HTTP/1.1" 200 2004454
2025-02-13 12:55:32,305 urllib3.connectionpool DEBUG    Starting new HTTP connection (1): 172.172.185.67:80
2025-02-13 12:55:36,406 urllib3.connectionpool DEBUG    http://172.172.185.67:80 "GET /krd_itc_wms/odata/standard.odata//AccumulationRegister_%D0%9E%D1%81%D1%82%D0%B0%D1%82%D0%BA%D0%B8%D0%92%D0%9F%D0%BE%D0%BB%D0%BB%D0%B5%D1%82%D0%B0%D1%85/Balance?$format=json&$expand=%D0%9D%D0%BE%D0%BC%D0%B5%D0%BD%D0%BA%D0%BB%D0%B0%D1%82%D1%83%D1%80%D0%B0/Parent,%20%D0%AF%D1%87%D0%B5%D0%B9%D0%BA%D0%B0%D0%A5%D1%80%D0%B0%D0%BD%D0%B5%D0%BD%D0%B8%D1%8F/%D0%A1%D0%BA%D0%BB%D0%B0%D0%B4,%20%D0%A1%D0%B5%D1%80%D0%B8%D1%8F%D0%9D%D0%BE%D0%BC%D0%B5%D0%BD%D0%BA%D0%BB%D0%B0%D1%82%D1%83%D1%80%D1%8B&$select=%D0%9D%D0%BE%D0%BC%D0%B5%D0%BD%D0%BA%D0%BB%D0%B0%D1%82%D1%83%D1%80%D0%B0/Code,%D0%9D%D0%BE%D0%BC%D0%B5%D0%BD%D0%BA%D0%BB%D0%B0%D1%82%D1%83%D1%80%D0%B0/Description,%D0%9D%D0%BE%D0%BC%D0%B5%D0%BD%D0%BA%D0%BB%D0%B0%D1%82%D1%83%D1%80%D0%B0/%D0%90%D1%80%D1%82%D0%B8%D0%BA%D1%83%D0%BB,%D0%9D%D0%BE%D0%BC%D0%B5%D0%BD%D0%BA%D0%BB%D0%B0%D1%82%D1%83%D1%80%D0%B0/Parent/Description,%D0%9A%D0%BE%D0%BB%D0%B8%D1%87%D0%B5%D1%81%D1%82%D0%B2%D0%BEBalance,%D0%A1%D0%B5%D1%80%D0%B8%D1%8F%D0%9D%D0%BE%D0%BC%D0%B5%D0%BD%D0%BA%D0%BB%D0%B0%D1%82%D1%83%D1%80%D1%8B/%D0%94%D0%B0%D1%82%D0%B0%D0%9F%D1%80%D0%BE%D0%B8%D0%B7%D0%B2%D0%BE%D0%B4%D1%81%D1%82%D0%B2%D0%B0,%D0%A1%D0%B5%D1%80%D0%B8%D1%8F%D0%9D%D0%BE%D0%BC%D0%B5%D0%BD%D0%BA%D0%BB%D0%B0%D1%82%D1%83%D1%80%D1%8B/%D0%93%D0%BE%D0%B4%D0%B5%D0%BD%D0%94%D0%BE,%D0%AF%D1%87%D0%B5%D0%B9%D0%BA%D0%B0%D0%A5%D1%80%D0%B0%D0%BD%D0%B5%D0%BD%D0%B8%D1%8F/%D0%A1%D0%BA%D0%BB%D0%B0%D0%B4/Description&$orderby=%D0%9D%D0%BE%D0%BC%D0%B5%D0%BD%D0%BA%D0%BB%D0%B0%D1%82%D1%83%D1%80%D0%B0/%D0%90%D1%80%D1%82%D0%B8%D0%BA%D1%83%D0%BB&$filter=%D0%9D%D0%BE%D0%BC%D0%B5%D0%BD%D0%BA%D0%BB%D0%B0%D1%82%D1%83%D1%80%D0%B0/Parent/Code%20eq%20'289363' HTTP/1.1" 200 2004472
2025-02-13 16:25:24,947 django.request WARNING  Not Found: /favicon.ico
2025-02-13 16:26:35,926 urllib3.connectionpool DEBUG    Starting new HTTP connection (1): 172.172.185.67:80
2025-02-13 16:26:45,990 urllib3.connectionpool DEBUG    http://172.172.185.67:80 "POST /krd_itc_wms/ru_RU/hs/PutData HTTP/1.1" 200 371
2025-02-13 16:41:40,205 django.request WARNING  Not Found: /favicon.ico
2025-02-14 01:35:56,396 django.request WARNING  Not Found: /favicon.ico
2025-02-14 01:36:06,895 urllib3.connectionpool DEBUG    Starting new HTTP connection (1): 172.172.185.67:80
2025-02-14 01:36:11,368 urllib3.connectionpool DEBUG    http://172.172.185.67:80 "GET /krd_itc_wms/odata/standard.odata//AccumulationRegister_%D0%9E%D1%81%D1%82%D0%B0%D1%82%D0%BA%D0%B8%D0%92%D0%9F%D0%BE%D0%BB%D0%BB%D0%B5%D1%82%D0%B0%D1%85/Balance?$format=json&$expand=%D0%9D%D0%BE%D0%BC%D0%B5%D0%BD%D0%BA%D0%BB%D0%B0%D1%82%D1%83%D1%80%D0%B0/Parent,%20%D0%AF%D1%87%D0%B5%D0%B9%D0%BA%D0%B0%D0%A5%D1%80%D0%B0%D0%BD%D0%B5%D0%BD%D0%B8%D1%8F/%D0%A1%D0%BA%D0%BB%D0%B0%D0%B4,%20%D0%A1%D0%B5%D1%80%D0%B8%D1%8F%D0%9D%D0%BE%D0%BC%D0%B5%D0%BD%D0%BA%D0%BB%D0%B0%D1%82%D1%83%D1%80%D1%8B&$select=%D0%9D%D0%BE%D0%BC%D0%B5%D0%BD%D0%BA%D0%BB%D0%B0%D1%82%D1%83%D1%80%D0%B0/Code,%D0%9D%D0%BE%D0%BC%D0%B5%D0%BD%D0%BA%D0%BB%D0%B0%D1%82%D1%83%D1%80%D0%B0/Description,%D0%9D%D0%BE%D0%BC%D0%B5%D0%BD%D0%BA%D0%BB%D0%B0%D1%82%D1%83%D1%80%D0%B0/%D0%90%D1%80%D1%82%D0%B8%D0%BA%D1%83%D0%BB,%D0%9D%D0%BE%D0%BC%D0%B5%D0%BD%D0%BA%D0%BB%D0%B0%D1%82%D1%83%D1%80%D0%B0/Parent/Description,%D0%9A%D0%BE%D0%BB%D0%B8%D1%87%D0%B5%D1%81%D1%82%D0%B2%D0%BEBalance,%D0%A1%D0%B5%D1%80%D0%B8%D1%8F%D0%9D%D0%BE%D0%BC%D0%B5%D0%BD%D0%BA%D0%BB%D0%B0%D1%82%D1%83%D1%80%D1%8B/%D0%94%D0%B0%D1%82%D0%B0%D0%9F%D1%80%D0%BE%D0%B8%D0%B7%D0%B2%D0%BE%D0%B4%D1%81%D1%82%D0%B2%D0%B0,%D0%A1%D0%B5%D1%80%D0%B8%D1%8F%D0%9D%D0%BE%D0%BC%D0%B5%D0%BD%D0%BA%D0%BB%D0%B0%D1%82%D1%83%D1%80%D1%8B/%D0%93%D0%BE%D0%B4%D0%B5%D0%BD%D0%94%D0%BE,%D0%AF%D1%87%D0%B5%D0%B9%D0%BA%D0%B0%D0%A5%D1%80%D0%B0%D0%BD%D0%B5%D0%BD%D0%B8%D1%8F/%D0%A1%D0%BA%D0%BB%D0%B0%D0%B4/Description&$orderby=%D0%9D%D0%BE%D0%BC%D0%B5%D0%BD%D0%BA%D0%BB%D0%B0%D1%82%D1%83%D1%80%D0%B0/%D0%90%D1%80%D1%82%D0%B8%D0%BA%D1%83%D0%BB&$filter=%D0%9D%D0%BE%D0%BC%D0%B5%D0%BD%D0%BA%D0%BB%D0%B0%D1%82%D1%83%D1%80%D0%B0/Parent/Code%20eq%20'289363' HTTP/1.1" 200 2004472
2025-02-14 01:36:43,356 django.request WARNING  Not Found: /accounts/profile/
2025-02-14 01:36:52,474 django.request ERROR    Internal Server Error: /admin
Traceback (most recent call last):
  File "C:\Users\rhashhanok\PycharmProjects\SLEX_02\.venv\Lib\site-packages\django\core\handlers\exception.py", line 55, in inner
    response = get_response(request)
               ^^^^^^^^^^^^^^^^^^^^^
  File "C:\Users\rhashhanok\PycharmProjects\SLEX_02\.venv\Lib\site-packages\django\core\handlers\base.py", line 197, in _get_response
    response = wrapped_callback(request, *callback_args, **callback_kwargs)
               ^^^^^^^^^^^^^^^^^^^^^^^^^^^^^^^^^^^^^^^^^^^^^^^^^^^^^^^^^^^^
  File "C:\Users\rhashhanok\PycharmProjects\SLEX_02\base_app\views.py", line 64, in home_filial
    context['filial'] = Filial.objects.get(slug=_filial_slug)
                        ^^^^^^^^^^^^^^^^^^^^^^^^^^^^^^^^^^^^^
  File "C:\Users\rhashhanok\PycharmProjects\SLEX_02\.venv\Lib\site-packages\django\db\models\manager.py", line 87, in manager_method
    return getattr(self.get_queryset(), name)(*args, **kwargs)
           ^^^^^^^^^^^^^^^^^^^^^^^^^^^^^^^^^^^^^^^^^^^^^^^^^^^
  File "C:\Users\rhashhanok\PycharmProjects\SLEX_02\.venv\Lib\site-packages\django\db\models\query.py", line 649, in get
    raise self.model.DoesNotExist(
base_app.models.Filial.DoesNotExist: Filial matching query does not exist.
2025-02-14 09:10:47,655 django.request WARNING  Not Found: /favicon.ico
2025-02-14 09:11:00,276 urllib3.connectionpool DEBUG    Starting new HTTP connection (1): 172.172.185.67:80
2025-02-14 09:11:04,142 urllib3.connectionpool DEBUG    http://172.172.185.67:80 "GET /krd_itc_wms/odata/standard.odata//AccumulationRegister_%D0%9E%D1%81%D1%82%D0%B0%D1%82%D0%BA%D0%B8%D0%92%D0%9F%D0%BE%D0%BB%D0%BB%D0%B5%D1%82%D0%B0%D1%85/Balance?$format=json&$expand=%D0%9D%D0%BE%D0%BC%D0%B5%D0%BD%D0%BA%D0%BB%D0%B0%D1%82%D1%83%D1%80%D0%B0/Parent,%20%D0%AF%D1%87%D0%B5%D0%B9%D0%BA%D0%B0%D0%A5%D1%80%D0%B0%D0%BD%D0%B5%D0%BD%D0%B8%D1%8F/%D0%A1%D0%BA%D0%BB%D0%B0%D0%B4,%20%D0%A1%D0%B5%D1%80%D0%B8%D1%8F%D0%9D%D0%BE%D0%BC%D0%B5%D0%BD%D0%BA%D0%BB%D0%B0%D1%82%D1%83%D1%80%D1%8B&$select=%D0%9D%D0%BE%D0%BC%D0%B5%D0%BD%D0%BA%D0%BB%D0%B0%D1%82%D1%83%D1%80%D0%B0/Code,%D0%9D%D0%BE%D0%BC%D0%B5%D0%BD%D0%BA%D0%BB%D0%B0%D1%82%D1%83%D1%80%D0%B0/Description,%D0%9D%D0%BE%D0%BC%D0%B5%D0%BD%D0%BA%D0%BB%D0%B0%D1%82%D1%83%D1%80%D0%B0/%D0%90%D1%80%D1%82%D0%B8%D0%BA%D1%83%D0%BB,%D0%9D%D0%BE%D0%BC%D0%B5%D0%BD%D0%BA%D0%BB%D0%B0%D1%82%D1%83%D1%80%D0%B0/Parent/Description,%D0%9A%D0%BE%D0%BB%D0%B8%D1%87%D0%B5%D1%81%D1%82%D0%B2%D0%BEBalance,%D0%A1%D0%B5%D1%80%D0%B8%D1%8F%D0%9D%D0%BE%D0%BC%D0%B5%D0%BD%D0%BA%D0%BB%D0%B0%D1%82%D1%83%D1%80%D1%8B/%D0%94%D0%B0%D1%82%D0%B0%D0%9F%D1%80%D0%BE%D0%B8%D0%B7%D0%B2%D0%BE%D0%B4%D1%81%D1%82%D0%B2%D0%B0,%D0%A1%D0%B5%D1%80%D0%B8%D1%8F%D0%9D%D0%BE%D0%BC%D0%B5%D0%BD%D0%BA%D0%BB%D0%B0%D1%82%D1%83%D1%80%D1%8B/%D0%93%D0%BE%D0%B4%D0%B5%D0%BD%D0%94%D0%BE,%D0%AF%D1%87%D0%B5%D0%B9%D0%BA%D0%B0%D0%A5%D1%80%D0%B0%D0%BD%D0%B5%D0%BD%D0%B8%D1%8F/%D0%A1%D0%BA%D0%BB%D0%B0%D0%B4/Description&$orderby=%D0%9D%D0%BE%D0%BC%D0%B5%D0%BD%D0%BA%D0%BB%D0%B0%D1%82%D1%83%D1%80%D0%B0/%D0%90%D1%80%D1%82%D0%B8%D0%BA%D1%83%D0%BB&$filter=%D0%9D%D0%BE%D0%BC%D0%B5%D0%BD%D0%BA%D0%BB%D0%B0%D1%82%D1%83%D1%80%D0%B0/Parent/Code%20eq%20'391291' HTTP/1.1" 200 418575
2025-02-14 09:47:19,018 django.request WARNING  Not Found: /favicon.ico
2025-02-14 17:31:21,802 django.request WARNING  Not Found: /favicon.ico
2025-02-16 11:17:02,263 django.request WARNING  Not Found: /favicon.ico
2025-02-17 08:43:35,037 django.request WARNING  Not Found: /favicon.ico
2025-02-17 08:44:05,381 urllib3.connectionpool DEBUG    Starting new HTTP connection (1): 172.172.185.67:80
2025-02-17 08:44:18,094 urllib3.connectionpool DEBUG    http://172.172.185.67:80 "POST /krd_itc_wms/ru_RU/hs/PutData HTTP/1.1" 200 316
2025-02-17 10:06:26,680 django.request WARNING  Not Found: /favicon.ico
2025-02-17 10:06:55,188 urllib3.connectionpool DEBUG    Starting new HTTP connection (1): 172.172.185.67:80
2025-02-17 10:06:58,587 urllib3.connectionpool DEBUG    http://172.172.185.67:80 "GET /itc_wms/odata/standard.odata//AccumulationRegister_%D0%9E%D1%81%D1%82%D0%B0%D1%82%D0%BA%D0%B8%D0%92%D0%9F%D0%BE%D0%BB%D0%BB%D0%B5%D1%82%D0%B0%D1%85/Balance?$format=json&$expand=%D0%9D%D0%BE%D0%BC%D0%B5%D0%BD%D0%BA%D0%BB%D0%B0%D1%82%D1%83%D1%80%D0%B0/Parent,%20%D0%AF%D1%87%D0%B5%D0%B9%D0%BA%D0%B0%D0%A5%D1%80%D0%B0%D0%BD%D0%B5%D0%BD%D0%B8%D1%8F/%D0%A1%D0%BA%D0%BB%D0%B0%D0%B4,%20%D0%A1%D0%B5%D1%80%D0%B8%D1%8F%D0%9D%D0%BE%D0%BC%D0%B5%D0%BD%D0%BA%D0%BB%D0%B0%D1%82%D1%83%D1%80%D1%8B&$select=%D0%9D%D0%BE%D0%BC%D0%B5%D0%BD%D0%BA%D0%BB%D0%B0%D1%82%D1%83%D1%80%D0%B0/Code,%D0%9D%D0%BE%D0%BC%D0%B5%D0%BD%D0%BA%D0%BB%D0%B0%D1%82%D1%83%D1%80%D0%B0/Description,%D0%9D%D0%BE%D0%BC%D0%B5%D0%BD%D0%BA%D0%BB%D0%B0%D1%82%D1%83%D1%80%D0%B0/%D0%90%D1%80%D1%82%D0%B8%D0%BA%D1%83%D0%BB,%D0%9D%D0%BE%D0%BC%D0%B5%D0%BD%D0%BA%D0%BB%D0%B0%D1%82%D1%83%D1%80%D0%B0/Parent/Description,%D0%9A%D0%BE%D0%BB%D0%B8%D1%87%D0%B5%D1%81%D1%82%D0%B2%D0%BEBalance,%D0%A1%D0%B5%D1%80%D0%B8%D1%8F%D0%9D%D0%BE%D0%BC%D0%B5%D0%BD%D0%BA%D0%BB%D0%B0%D1%82%D1%83%D1%80%D1%8B/%D0%94%D0%B0%D1%82%D0%B0%D0%9F%D1%80%D0%BE%D0%B8%D0%B7%D0%B2%D0%BE%D0%B4%D1%81%D1%82%D0%B2%D0%B0,%D0%A1%D0%B5%D1%80%D0%B8%D1%8F%D0%9D%D0%BE%D0%BC%D0%B5%D0%BD%D0%BA%D0%BB%D0%B0%D1%82%D1%83%D1%80%D1%8B/%D0%93%D0%BE%D0%B4%D0%B5%D0%BD%D0%94%D0%BE,%D0%AF%D1%87%D0%B5%D0%B9%D0%BA%D0%B0%D0%A5%D1%80%D0%B0%D0%BD%D0%B5%D0%BD%D0%B8%D1%8F/%D0%A1%D0%BA%D0%BB%D0%B0%D0%B4/Description&$orderby=%D0%9D%D0%BE%D0%BC%D0%B5%D0%BD%D0%BA%D0%BB%D0%B0%D1%82%D1%83%D1%80%D0%B0/%D0%90%D1%80%D1%82%D0%B8%D0%BA%D1%83%D0%BB&$filter=%D0%9D%D0%BE%D0%BC%D0%B5%D0%BD%D0%BA%D0%BB%D0%B0%D1%82%D1%83%D1%80%D0%B0/Parent/Code%20eq%20'304903' HTTP/1.1" 200 112024
2025-02-17 10:10:20,255 urllib3.connectionpool DEBUG    Starting new HTTP connection (1): 172.172.185.67:80
2025-02-17 10:10:23,659 urllib3.connectionpool DEBUG    http://172.172.185.67:80 "GET /itc_wms/odata/standard.odata//AccumulationRegister_%D0%9E%D1%81%D1%82%D0%B0%D1%82%D0%BA%D0%B8%D0%92%D0%9F%D0%BE%D0%BB%D0%BB%D0%B5%D1%82%D0%B0%D1%85/Balance?$format=json&$expand=%D0%9D%D0%BE%D0%BC%D0%B5%D0%BD%D0%BA%D0%BB%D0%B0%D1%82%D1%83%D1%80%D0%B0/Parent,%20%D0%AF%D1%87%D0%B5%D0%B9%D0%BA%D0%B0%D0%A5%D1%80%D0%B0%D0%BD%D0%B5%D0%BD%D0%B8%D1%8F/%D0%A1%D0%BA%D0%BB%D0%B0%D0%B4,%20%D0%A1%D0%B5%D1%80%D0%B8%D1%8F%D0%9D%D0%BE%D0%BC%D0%B5%D0%BD%D0%BA%D0%BB%D0%B0%D1%82%D1%83%D1%80%D1%8B&$select=%D0%9D%D0%BE%D0%BC%D0%B5%D0%BD%D0%BA%D0%BB%D0%B0%D1%82%D1%83%D1%80%D0%B0/Code,%D0%9D%D0%BE%D0%BC%D0%B5%D0%BD%D0%BA%D0%BB%D0%B0%D1%82%D1%83%D1%80%D0%B0/Description,%D0%9D%D0%BE%D0%BC%D0%B5%D0%BD%D0%BA%D0%BB%D0%B0%D1%82%D1%83%D1%80%D0%B0/%D0%90%D1%80%D1%82%D0%B8%D0%BA%D1%83%D0%BB,%D0%9D%D0%BE%D0%BC%D0%B5%D0%BD%D0%BA%D0%BB%D0%B0%D1%82%D1%83%D1%80%D0%B0/Parent/Description,%D0%9A%D0%BE%D0%BB%D0%B8%D1%87%D0%B5%D1%81%D1%82%D0%B2%D0%BEBalance,%D0%A1%D0%B5%D1%80%D0%B8%D1%8F%D0%9D%D0%BE%D0%BC%D0%B5%D0%BD%D0%BA%D0%BB%D0%B0%D1%82%D1%83%D1%80%D1%8B/%D0%94%D0%B0%D1%82%D0%B0%D0%9F%D1%80%D0%BE%D0%B8%D0%B7%D0%B2%D0%BE%D0%B4%D1%81%D1%82%D0%B2%D0%B0,%D0%A1%D0%B5%D1%80%D0%B8%D1%8F%D0%9D%D0%BE%D0%BC%D0%B5%D0%BD%D0%BA%D0%BB%D0%B0%D1%82%D1%83%D1%80%D1%8B/%D0%93%D0%BE%D0%B4%D0%B5%D0%BD%D0%94%D0%BE,%D0%AF%D1%87%D0%B5%D0%B9%D0%BA%D0%B0%D0%A5%D1%80%D0%B0%D0%BD%D0%B5%D0%BD%D0%B8%D1%8F/%D0%A1%D0%BA%D0%BB%D0%B0%D0%B4/Description&$orderby=%D0%9D%D0%BE%D0%BC%D0%B5%D0%BD%D0%BA%D0%BB%D0%B0%D1%82%D1%83%D1%80%D0%B0/%D0%90%D1%80%D1%82%D0%B8%D0%BA%D1%83%D0%BB&$filter=%D0%9D%D0%BE%D0%BC%D0%B5%D0%BD%D0%BA%D0%BB%D0%B0%D1%82%D1%83%D1%80%D0%B0/Parent/Code%20eq%20'304903' HTTP/1.1" 200 112024
2025-02-17 12:31:09,449 django.request WARNING  Not Found: /favicon.ico
2025-02-17 12:31:13,250 urllib3.connectionpool DEBUG    Starting new HTTP connection (1): 172.172.185.67:80
2025-02-17 12:31:18,191 urllib3.connectionpool DEBUG    http://172.172.185.67:80 "GET /krd_itc_wms/odata/standard.odata//AccumulationRegister_%D0%9E%D1%81%D1%82%D0%B0%D1%82%D0%BA%D0%B8%D0%92%D0%9F%D0%BE%D0%BB%D0%BB%D0%B5%D1%82%D0%B0%D1%85/Balance?$format=json&$expand=%D0%9D%D0%BE%D0%BC%D0%B5%D0%BD%D0%BA%D0%BB%D0%B0%D1%82%D1%83%D1%80%D0%B0/Parent,%20%D0%AF%D1%87%D0%B5%D0%B9%D0%BA%D0%B0%D0%A5%D1%80%D0%B0%D0%BD%D0%B5%D0%BD%D0%B8%D1%8F/%D0%A1%D0%BA%D0%BB%D0%B0%D0%B4,%20%D0%A1%D0%B5%D1%80%D0%B8%D1%8F%D0%9D%D0%BE%D0%BC%D0%B5%D0%BD%D0%BA%D0%BB%D0%B0%D1%82%D1%83%D1%80%D1%8B&$select=%D0%9D%D0%BE%D0%BC%D0%B5%D0%BD%D0%BA%D0%BB%D0%B0%D1%82%D1%83%D1%80%D0%B0/Code,%D0%9D%D0%BE%D0%BC%D0%B5%D0%BD%D0%BA%D0%BB%D0%B0%D1%82%D1%83%D1%80%D0%B0/Description,%D0%9D%D0%BE%D0%BC%D0%B5%D0%BD%D0%BA%D0%BB%D0%B0%D1%82%D1%83%D1%80%D0%B0/%D0%90%D1%80%D1%82%D0%B8%D0%BA%D1%83%D0%BB,%D0%9D%D0%BE%D0%BC%D0%B5%D0%BD%D0%BA%D0%BB%D0%B0%D1%82%D1%83%D1%80%D0%B0/Parent/Description,%D0%9A%D0%BE%D0%BB%D0%B8%D1%87%D0%B5%D1%81%D1%82%D0%B2%D0%BEBalance,%D0%A1%D0%B5%D1%80%D0%B8%D1%8F%D0%9D%D0%BE%D0%BC%D0%B5%D0%BD%D0%BA%D0%BB%D0%B0%D1%82%D1%83%D1%80%D1%8B/%D0%94%D0%B0%D1%82%D0%B0%D0%9F%D1%80%D0%BE%D0%B8%D0%B7%D0%B2%D0%BE%D0%B4%D1%81%D1%82%D0%B2%D0%B0,%D0%A1%D0%B5%D1%80%D0%B8%D1%8F%D0%9D%D0%BE%D0%BC%D0%B5%D0%BD%D0%BA%D0%BB%D0%B0%D1%82%D1%83%D1%80%D1%8B/%D0%93%D0%BE%D0%B4%D0%B5%D0%BD%D0%94%D0%BE,%D0%AF%D1%87%D0%B5%D0%B9%D0%BA%D0%B0%D0%A5%D1%80%D0%B0%D0%BD%D0%B5%D0%BD%D0%B8%D1%8F/%D0%A1%D0%BA%D0%BB%D0%B0%D0%B4/Description&$orderby=%D0%9D%D0%BE%D0%BC%D0%B5%D0%BD%D0%BA%D0%BB%D0%B0%D1%82%D1%83%D1%80%D0%B0/%D0%90%D1%80%D1%82%D0%B8%D0%BA%D1%83%D0%BB&$filter=%D0%9D%D0%BE%D0%BC%D0%B5%D0%BD%D0%BA%D0%BB%D0%B0%D1%82%D1%83%D1%80%D0%B0/Parent/Code%20eq%20'289363' HTTP/1.1" 200 1699524
2025-02-17 12:40:20,970 urllib3.connectionpool DEBUG    Starting new HTTP connection (1): 172.172.185.67:80
2025-02-17 12:40:25,514 urllib3.connectionpool DEBUG    http://172.172.185.67:80 "GET /krd_itc_wms/odata/standard.odata//AccumulationRegister_%D0%9E%D1%81%D1%82%D0%B0%D1%82%D0%BA%D0%B8%D0%92%D0%9F%D0%BE%D0%BB%D0%BB%D0%B5%D1%82%D0%B0%D1%85/Balance?$format=json&$expand=%D0%9D%D0%BE%D0%BC%D0%B5%D0%BD%D0%BA%D0%BB%D0%B0%D1%82%D1%83%D1%80%D0%B0/Parent,%20%D0%AF%D1%87%D0%B5%D0%B9%D0%BA%D0%B0%D0%A5%D1%80%D0%B0%D0%BD%D0%B5%D0%BD%D0%B8%D1%8F/%D0%A1%D0%BA%D0%BB%D0%B0%D0%B4,%20%D0%A1%D0%B5%D1%80%D0%B8%D1%8F%D0%9D%D0%BE%D0%BC%D0%B5%D0%BD%D0%BA%D0%BB%D0%B0%D1%82%D1%83%D1%80%D1%8B&$select=%D0%9D%D0%BE%D0%BC%D0%B5%D0%BD%D0%BA%D0%BB%D0%B0%D1%82%D1%83%D1%80%D0%B0/Code,%D0%9D%D0%BE%D0%BC%D0%B5%D0%BD%D0%BA%D0%BB%D0%B0%D1%82%D1%83%D1%80%D0%B0/Description,%D0%9D%D0%BE%D0%BC%D0%B5%D0%BD%D0%BA%D0%BB%D0%B0%D1%82%D1%83%D1%80%D0%B0/%D0%90%D1%80%D1%82%D0%B8%D0%BA%D1%83%D0%BB,%D0%9D%D0%BE%D0%BC%D0%B5%D0%BD%D0%BA%D0%BB%D0%B0%D1%82%D1%83%D1%80%D0%B0/Parent/Description,%D0%9A%D0%BE%D0%BB%D0%B8%D1%87%D0%B5%D1%81%D1%82%D0%B2%D0%BEBalance,%D0%A1%D0%B5%D1%80%D0%B8%D1%8F%D0%9D%D0%BE%D0%BC%D0%B5%D0%BD%D0%BA%D0%BB%D0%B0%D1%82%D1%83%D1%80%D1%8B/%D0%94%D0%B0%D1%82%D0%B0%D0%9F%D1%80%D0%BE%D0%B8%D0%B7%D0%B2%D0%BE%D0%B4%D1%81%D1%82%D0%B2%D0%B0,%D0%A1%D0%B5%D1%80%D0%B8%D1%8F%D0%9D%D0%BE%D0%BC%D0%B5%D0%BD%D0%BA%D0%BB%D0%B0%D1%82%D1%83%D1%80%D1%8B/%D0%93%D0%BE%D0%B4%D0%B5%D0%BD%D0%94%D0%BE,%D0%AF%D1%87%D0%B5%D0%B9%D0%BA%D0%B0%D0%A5%D1%80%D0%B0%D0%BD%D0%B5%D0%BD%D0%B8%D1%8F/%D0%A1%D0%BA%D0%BB%D0%B0%D0%B4/Description&$orderby=%D0%9D%D0%BE%D0%BC%D0%B5%D0%BD%D0%BA%D0%BB%D0%B0%D1%82%D1%83%D1%80%D0%B0/%D0%90%D1%80%D1%82%D0%B8%D0%BA%D1%83%D0%BB&$filter=%D0%9D%D0%BE%D0%BC%D0%B5%D0%BD%D0%BA%D0%BB%D0%B0%D1%82%D1%83%D1%80%D0%B0/Parent/Code%20eq%20'289363' HTTP/1.1" 200 1699524
2025-02-17 12:43:17,137 urllib3.connectionpool DEBUG    Starting new HTTP connection (1): 172.172.185.67:80
2025-02-17 12:43:21,813 urllib3.connectionpool DEBUG    http://172.172.185.67:80 "GET /krd_itc_wms/odata/standard.odata//AccumulationRegister_%D0%9E%D1%81%D1%82%D0%B0%D1%82%D0%BA%D0%B8%D0%92%D0%9F%D0%BE%D0%BB%D0%BB%D0%B5%D1%82%D0%B0%D1%85/Balance?$format=json&$expand=%D0%9D%D0%BE%D0%BC%D0%B5%D0%BD%D0%BA%D0%BB%D0%B0%D1%82%D1%83%D1%80%D0%B0/Parent,%20%D0%AF%D1%87%D0%B5%D0%B9%D0%BA%D0%B0%D0%A5%D1%80%D0%B0%D0%BD%D0%B5%D0%BD%D0%B8%D1%8F/%D0%A1%D0%BA%D0%BB%D0%B0%D0%B4,%20%D0%A1%D0%B5%D1%80%D0%B8%D1%8F%D0%9D%D0%BE%D0%BC%D0%B5%D0%BD%D0%BA%D0%BB%D0%B0%D1%82%D1%83%D1%80%D1%8B&$select=%D0%9D%D0%BE%D0%BC%D0%B5%D0%BD%D0%BA%D0%BB%D0%B0%D1%82%D1%83%D1%80%D0%B0/Code,%D0%9D%D0%BE%D0%BC%D0%B5%D0%BD%D0%BA%D0%BB%D0%B0%D1%82%D1%83%D1%80%D0%B0/Description,%D0%9D%D0%BE%D0%BC%D0%B5%D0%BD%D0%BA%D0%BB%D0%B0%D1%82%D1%83%D1%80%D0%B0/%D0%90%D1%80%D1%82%D0%B8%D0%BA%D1%83%D0%BB,%D0%9D%D0%BE%D0%BC%D0%B5%D0%BD%D0%BA%D0%BB%D0%B0%D1%82%D1%83%D1%80%D0%B0/Parent/Description,%D0%9A%D0%BE%D0%BB%D0%B8%D1%87%D0%B5%D1%81%D1%82%D0%B2%D0%BEBalance,%D0%A1%D0%B5%D1%80%D0%B8%D1%8F%D0%9D%D0%BE%D0%BC%D0%B5%D0%BD%D0%BA%D0%BB%D0%B0%D1%82%D1%83%D1%80%D1%8B/%D0%94%D0%B0%D1%82%D0%B0%D0%9F%D1%80%D0%BE%D0%B8%D0%B7%D0%B2%D0%BE%D0%B4%D1%81%D1%82%D0%B2%D0%B0,%D0%A1%D0%B5%D1%80%D0%B8%D1%8F%D0%9D%D0%BE%D0%BC%D0%B5%D0%BD%D0%BA%D0%BB%D0%B0%D1%82%D1%83%D1%80%D1%8B/%D0%93%D0%BE%D0%B4%D0%B5%D0%BD%D0%94%D0%BE,%D0%AF%D1%87%D0%B5%D0%B9%D0%BA%D0%B0%D0%A5%D1%80%D0%B0%D0%BD%D0%B5%D0%BD%D0%B8%D1%8F/%D0%A1%D0%BA%D0%BB%D0%B0%D0%B4/Description&$orderby=%D0%9D%D0%BE%D0%BC%D0%B5%D0%BD%D0%BA%D0%BB%D0%B0%D1%82%D1%83%D1%80%D0%B0/%D0%90%D1%80%D1%82%D0%B8%D0%BA%D1%83%D0%BB&$filter=%D0%9D%D0%BE%D0%BC%D0%B5%D0%BD%D0%BA%D0%BB%D0%B0%D1%82%D1%83%D1%80%D0%B0/Parent/Code%20eq%20'289363' HTTP/1.1" 200 1699524
2025-02-17 16:45:12,938 django.request WARNING  Not Found: /favicon.ico
2025-02-17 16:48:03,930 django.request WARNING  Not Found: /favicon.ico
2025-02-17 16:48:34,306 django.utils.autoreload INFO     C:\Users\rhashhanok\PycharmProjects\SLEX_02\base_app\contract_models\krd\agro.py changed, reloading.
2025-02-17 16:48:35,812 django.utils.autoreload INFO     Watching for file changes with StatReloader
2025-02-17 16:48:53,440 django.utils.autoreload INFO     C:\Users\rhashhanok\PycharmProjects\SLEX_02\base_app\contract_models\krd\agro.py changed, reloading.
2025-02-17 16:48:54,998 django.utils.autoreload INFO     Watching for file changes with StatReloader
2025-02-17 17:35:31,456 django.request ERROR    Internal Server Error: /krd/contracts/agrokompleks/build_route_list/load_file
Traceback (most recent call last):
  File "C:\Users\rhashhanok\PycharmProjects\SLEX_02\.venv\Lib\site-packages\django\core\handlers\exception.py", line 55, in inner
    response = get_response(request)
               ^^^^^^^^^^^^^^^^^^^^^
  File "C:\Users\rhashhanok\PycharmProjects\SLEX_02\.venv\Lib\site-packages\django\core\handlers\base.py", line 197, in _get_response
    response = wrapped_callback(request, *callback_args, **callback_kwargs)
               ^^^^^^^^^^^^^^^^^^^^^^^^^^^^^^^^^^^^^^^^^^^^^^^^^^^^^^^^^^^^
  File "C:\Users\rhashhanok\PycharmProjects\SLEX_02\base_app\views.py", line 150, in event_load_file
    if context['contract'].slug == 'agrokompleks':
       ~~~~~~~^^^^^^^^^^^^
KeyError: 'contract'
2025-02-17 17:38:12,962 urllib3.connectionpool DEBUG    Starting new HTTP connection (1): 172.172.185.67:80
2025-02-17 17:38:20,050 urllib3.connectionpool DEBUG    http://172.172.185.67:80 "POST /krd_itc_wms/ru_RU/hs/PutData HTTP/1.1" 200 371
2025-02-17 18:56:02,103 django.request WARNING  Not Found: /favicon.ico
2025-02-18 11:51:26,032 django.request WARNING  Not Found: /favicon.ico
2025-02-18 16:27:04,711 django.request WARNING  Not Found: /favicon.ico
2025-02-18 16:31:59,433 urllib3.connectionpool DEBUG    Starting new HTTP connection (1): 172.172.185.67:80
2025-02-18 16:32:08,958 urllib3.connectionpool DEBUG    http://172.172.185.67:80 "POST /krd_itc_wms/ru_RU/hs/PutData HTTP/1.1" 200 262
2025-02-18 17:27:14,742 django.request WARNING  Not Found: /favicon.ico
2025-02-19 14:02:46,474 django.request WARNING  Not Found: /favicon.ico
2025-02-19 16:34:00,483 django.request WARNING  Not Found: /favicon.ico
2025-02-19 16:34:11,316 urllib3.connectionpool DEBUG    Starting new HTTP connection (1): 172.172.185.67:80
2025-02-19 16:34:20,883 urllib3.connectionpool DEBUG    http://172.172.185.67:80 "POST /krd_itc_wms/ru_RU/hs/PutData HTTP/1.1" 200 343
2025-02-20 08:20:55,536 django.request WARNING  Not Found: /favicon.ico
2025-02-20 09:47:54,954 django.request WARNING  Not Found: /favicon.ico
2025-02-20 11:34:56,661 django.request WARNING  Not Found: /favicon.ico
2025-02-20 16:35:37,199 django.request WARNING  Not Found: /favicon.ico
2025-02-20 16:35:58,280 urllib3.connectionpool DEBUG    Starting new HTTP connection (1): 172.172.185.67:80
2025-02-20 16:36:08,718 urllib3.connectionpool DEBUG    http://172.172.185.67:80 "POST /krd_itc_wms/ru_RU/hs/PutData HTTP/1.1" 200 316
2025-02-21 09:51:39,119 django.request WARNING  Not Found: /favicon.ico
2025-02-21 12:15:32,319 django.request WARNING  Not Found: /favicon.ico
2025-02-21 12:16:21,912 django.request WARNING  Not Found: /favicon.ico
2025-02-21 12:17:11,303 django.request ERROR    Internal Server Error: /krd/contracts/toshev-rf/load_stock_pg
Traceback (most recent call last):
  File "C:\Users\rhashhanok\PycharmProjects\SLEX_02\.venv\Lib\site-packages\django\core\handlers\exception.py", line 55, in inner
    response = get_response(request)
               ^^^^^^^^^^^^^^^^^^^^^
  File "C:\Users\rhashhanok\PycharmProjects\SLEX_02\.venv\Lib\site-packages\django\core\handlers\base.py", line 197, in _get_response
    response = wrapped_callback(request, *callback_args, **callback_kwargs)
               ^^^^^^^^^^^^^^^^^^^^^^^^^^^^^^^^^^^^^^^^^^^^^^^^^^^^^^^^^^^^
  File "C:\Users\rhashhanok\PycharmProjects\SLEX_02\base_app\views.py", line 98, in show_choice_operation
    return render(request, f'base_app/operations.html', context=context)
           ^^^^^^^^^^^^^^^^^^^^^^^^^^^^^^^^^^^^^^^^^^^^^^^^^^^^^^^^^^^^^
  File "C:\Users\rhashhanok\PycharmProjects\SLEX_02\.venv\Lib\site-packages\django\shortcuts.py", line 25, in render
    content = loader.render_to_string(template_name, context, request, using=using)
              ^^^^^^^^^^^^^^^^^^^^^^^^^^^^^^^^^^^^^^^^^^^^^^^^^^^^^^^^^^^^^^^^^^^^^
  File "C:\Users\rhashhanok\PycharmProjects\SLEX_02\.venv\Lib\site-packages\django\template\loader.py", line 62, in render_to_string
    return template.render(context, request)
           ^^^^^^^^^^^^^^^^^^^^^^^^^^^^^^^^^
  File "C:\Users\rhashhanok\PycharmProjects\SLEX_02\.venv\Lib\site-packages\django\template\backends\django.py", line 61, in render
    return self.template.render(context)
           ^^^^^^^^^^^^^^^^^^^^^^^^^^^^^
  File "C:\Users\rhashhanok\PycharmProjects\SLEX_02\.venv\Lib\site-packages\django\template\base.py", line 171, in render
    return self._render(context)
           ^^^^^^^^^^^^^^^^^^^^^
  File "C:\Users\rhashhanok\PycharmProjects\SLEX_02\.venv\Lib\site-packages\django\template\base.py", line 163, in _render
    return self.nodelist.render(context)
           ^^^^^^^^^^^^^^^^^^^^^^^^^^^^^
  File "C:\Users\rhashhanok\PycharmProjects\SLEX_02\.venv\Lib\site-packages\django\template\base.py", line 1000, in render
    return SafeString("".join([node.render_annotated(context) for node in self]))
                               ^^^^^^^^^^^^^^^^^^^^^^^^^^^^^^
  File "C:\Users\rhashhanok\PycharmProjects\SLEX_02\.venv\Lib\site-packages\django\template\base.py", line 961, in render_annotated
    return self.render(context)
           ^^^^^^^^^^^^^^^^^^^^
  File "C:\Users\rhashhanok\PycharmProjects\SLEX_02\.venv\Lib\site-packages\django\template\loader_tags.py", line 159, in render
    return compiled_parent._render(context)
           ^^^^^^^^^^^^^^^^^^^^^^^^^^^^^^^^
  File "C:\Users\rhashhanok\PycharmProjects\SLEX_02\.venv\Lib\site-packages\django\template\base.py", line 163, in _render
    return self.nodelist.render(context)
           ^^^^^^^^^^^^^^^^^^^^^^^^^^^^^
  File "C:\Users\rhashhanok\PycharmProjects\SLEX_02\.venv\Lib\site-packages\django\template\base.py", line 1000, in render
    return SafeString("".join([node.render_annotated(context) for node in self]))
                               ^^^^^^^^^^^^^^^^^^^^^^^^^^^^^^
  File "C:\Users\rhashhanok\PycharmProjects\SLEX_02\.venv\Lib\site-packages\django\template\base.py", line 961, in render_annotated
    return self.render(context)
           ^^^^^^^^^^^^^^^^^^^^
  File "C:\Users\rhashhanok\PycharmProjects\SLEX_02\.venv\Lib\site-packages\django\template\loader_tags.py", line 65, in render
    result = block.nodelist.render(context)
             ^^^^^^^^^^^^^^^^^^^^^^^^^^^^^^
  File "C:\Users\rhashhanok\PycharmProjects\SLEX_02\.venv\Lib\site-packages\django\template\base.py", line 1000, in render
    return SafeString("".join([node.render_annotated(context) for node in self]))
                               ^^^^^^^^^^^^^^^^^^^^^^^^^^^^^^
  File "C:\Users\rhashhanok\PycharmProjects\SLEX_02\.venv\Lib\site-packages\django\template\base.py", line 961, in render_annotated
    return self.render(context)
           ^^^^^^^^^^^^^^^^^^^^
  File "C:\Users\rhashhanok\PycharmProjects\SLEX_02\.venv\Lib\site-packages\django\template\defaulttags.py", line 326, in render
    return nodelist.render(context)
           ^^^^^^^^^^^^^^^^^^^^^^^^
  File "C:\Users\rhashhanok\PycharmProjects\SLEX_02\.venv\Lib\site-packages\django\template\base.py", line 1000, in render
    return SafeString("".join([node.render_annotated(context) for node in self]))
                               ^^^^^^^^^^^^^^^^^^^^^^^^^^^^^^
  File "C:\Users\rhashhanok\PycharmProjects\SLEX_02\.venv\Lib\site-packages\django\template\base.py", line 961, in render_annotated
    return self.render(context)
           ^^^^^^^^^^^^^^^^^^^^
  File "C:\Users\rhashhanok\PycharmProjects\SLEX_02\.venv\Lib\site-packages\django\template\defaulttags.py", line 326, in render
    return nodelist.render(context)
           ^^^^^^^^^^^^^^^^^^^^^^^^
  File "C:\Users\rhashhanok\PycharmProjects\SLEX_02\.venv\Lib\site-packages\django\template\base.py", line 1000, in render
    return SafeString("".join([node.render_annotated(context) for node in self]))
                               ^^^^^^^^^^^^^^^^^^^^^^^^^^^^^^
  File "C:\Users\rhashhanok\PycharmProjects\SLEX_02\.venv\Lib\site-packages\django\template\base.py", line 961, in render_annotated
    return self.render(context)
           ^^^^^^^^^^^^^^^^^^^^
  File "C:\Users\rhashhanok\PycharmProjects\SLEX_02\.venv\Lib\site-packages\django\template\defaulttags.py", line 479, in render
    url = reverse(view_name, args=args, kwargs=kwargs, current_app=current_app)
          ^^^^^^^^^^^^^^^^^^^^^^^^^^^^^^^^^^^^^^^^^^^^^^^^^^^^^^^^^^^^^^^^^^^^^
  File "C:\Users\rhashhanok\PycharmProjects\SLEX_02\.venv\Lib\site-packages\django\urls\base.py", line 88, in reverse
    return resolver._reverse_with_prefix(view, prefix, *args, **kwargs)
           ^^^^^^^^^^^^^^^^^^^^^^^^^^^^^^^^^^^^^^^^^^^^^^^^^^^^^^^^^^^^
  File "C:\Users\rhashhanok\PycharmProjects\SLEX_02\.venv\Lib\site-packages\django\urls\resolvers.py", line 851, in _reverse_with_prefix
    raise NoReverseMatch(msg)
django.urls.exceptions.NoReverseMatch: Reverse for 'event_load_stock' with keyword arguments '{'_filial_slug': 'krd', '_contract_slug': '', '_operation_slug': 'load_stock_pg'}' not found. 1 pattern(s) tried: ['(?P<_filial_slug>[-a-zA-Z0-9_]+)/contracts/(?P<_contract_slug>[-a-zA-Z0-9_]+)/(?P<_operation_slug>[-a-zA-Z0-9_]+)/load_stocks\\Z']
2025-02-21 12:19:00,766 urllib3.connectionpool DEBUG    Starting new HTTP connection (1): 172.172.185.67:80
2025-02-21 12:19:04,574 urllib3.connectionpool DEBUG    http://172.172.185.67:80 "GET /krd_itc_wms/odata/standard.odata//AccumulationRegister_%D0%9E%D1%81%D1%82%D0%B0%D1%82%D0%BA%D0%B8%D0%92%D0%9F%D0%BE%D0%BB%D0%BB%D0%B5%D1%82%D0%B0%D1%85/Balance?$format=json&$expand=%D0%9D%D0%BE%D0%BC%D0%B5%D0%BD%D0%BA%D0%BB%D0%B0%D1%82%D1%83%D1%80%D0%B0/Parent,%20%D0%AF%D1%87%D0%B5%D0%B9%D0%BA%D0%B0%D0%A5%D1%80%D0%B0%D0%BD%D0%B5%D0%BD%D0%B8%D1%8F/%D0%A1%D0%BA%D0%BB%D0%B0%D0%B4,%20%D0%A1%D0%B5%D1%80%D0%B8%D1%8F%D0%9D%D0%BE%D0%BC%D0%B5%D0%BD%D0%BA%D0%BB%D0%B0%D1%82%D1%83%D1%80%D1%8B&$select=%D0%9D%D0%BE%D0%BC%D0%B5%D0%BD%D0%BA%D0%BB%D0%B0%D1%82%D1%83%D1%80%D0%B0/Code,%D0%9D%D0%BE%D0%BC%D0%B5%D0%BD%D0%BA%D0%BB%D0%B0%D1%82%D1%83%D1%80%D0%B0/Description,%D0%9D%D0%BE%D0%BC%D0%B5%D0%BD%D0%BA%D0%BB%D0%B0%D1%82%D1%83%D1%80%D0%B0/%D0%90%D1%80%D1%82%D0%B8%D0%BA%D1%83%D0%BB,%D0%9D%D0%BE%D0%BC%D0%B5%D0%BD%D0%BA%D0%BB%D0%B0%D1%82%D1%83%D1%80%D0%B0/Parent/Description,%D0%9A%D0%BE%D0%BB%D0%B8%D1%87%D0%B5%D1%81%D1%82%D0%B2%D0%BEBalance,%D0%A1%D0%B5%D1%80%D0%B8%D1%8F%D0%9D%D0%BE%D0%BC%D0%B5%D0%BD%D0%BA%D0%BB%D0%B0%D1%82%D1%83%D1%80%D1%8B/%D0%94%D0%B0%D1%82%D0%B0%D0%9F%D1%80%D0%BE%D0%B8%D0%B7%D0%B2%D0%BE%D0%B4%D1%81%D1%82%D0%B2%D0%B0,%D0%A1%D0%B5%D1%80%D0%B8%D1%8F%D0%9D%D0%BE%D0%BC%D0%B5%D0%BD%D0%BA%D0%BB%D0%B0%D1%82%D1%83%D1%80%D1%8B/%D0%93%D0%BE%D0%B4%D0%B5%D0%BD%D0%94%D0%BE,%D0%AF%D1%87%D0%B5%D0%B9%D0%BA%D0%B0%D0%A5%D1%80%D0%B0%D0%BD%D0%B5%D0%BD%D0%B8%D1%8F/%D0%A1%D0%BA%D0%BB%D0%B0%D0%B4/Description&$orderby=%D0%9D%D0%BE%D0%BC%D0%B5%D0%BD%D0%BA%D0%BB%D0%B0%D1%82%D1%83%D1%80%D0%B0/%D0%90%D1%80%D1%82%D0%B8%D0%BA%D1%83%D0%BB&$filter=%D0%9D%D0%BE%D0%BC%D0%B5%D0%BD%D0%BA%D0%BB%D0%B0%D1%82%D1%83%D1%80%D0%B0/Parent/Code%20eq%20'304903' HTTP/1.1" 200 192943
2025-02-21 12:24:59,168 urllib3.connectionpool DEBUG    Starting new HTTP connection (1): 172.172.185.67:80
2025-02-21 12:25:02,786 urllib3.connectionpool DEBUG    http://172.172.185.67:80 "GET /krd_itc_wms/odata/standard.odata//AccumulationRegister_%D0%9E%D1%81%D1%82%D0%B0%D1%82%D0%BA%D0%B8%D0%92%D0%9F%D0%BE%D0%BB%D0%BB%D0%B5%D1%82%D0%B0%D1%85/Balance?$format=json&$expand=%D0%9D%D0%BE%D0%BC%D0%B5%D0%BD%D0%BA%D0%BB%D0%B0%D1%82%D1%83%D1%80%D0%B0/Parent,%20%D0%AF%D1%87%D0%B5%D0%B9%D0%BA%D0%B0%D0%A5%D1%80%D0%B0%D0%BD%D0%B5%D0%BD%D0%B8%D1%8F/%D0%A1%D0%BA%D0%BB%D0%B0%D0%B4,%20%D0%A1%D0%B5%D1%80%D0%B8%D1%8F%D0%9D%D0%BE%D0%BC%D0%B5%D0%BD%D0%BA%D0%BB%D0%B0%D1%82%D1%83%D1%80%D1%8B&$select=%D0%9D%D0%BE%D0%BC%D0%B5%D0%BD%D0%BA%D0%BB%D0%B0%D1%82%D1%83%D1%80%D0%B0/Code,%D0%9D%D0%BE%D0%BC%D0%B5%D0%BD%D0%BA%D0%BB%D0%B0%D1%82%D1%83%D1%80%D0%B0/Description,%D0%9D%D0%BE%D0%BC%D0%B5%D0%BD%D0%BA%D0%BB%D0%B0%D1%82%D1%83%D1%80%D0%B0/%D0%90%D1%80%D1%82%D0%B8%D0%BA%D1%83%D0%BB,%D0%9D%D0%BE%D0%BC%D0%B5%D0%BD%D0%BA%D0%BB%D0%B0%D1%82%D1%83%D1%80%D0%B0/Parent/Description,%D0%9A%D0%BE%D0%BB%D0%B8%D1%87%D0%B5%D1%81%D1%82%D0%B2%D0%BEBalance,%D0%A1%D0%B5%D1%80%D0%B8%D1%8F%D0%9D%D0%BE%D0%BC%D0%B5%D0%BD%D0%BA%D0%BB%D0%B0%D1%82%D1%83%D1%80%D1%8B/%D0%94%D0%B0%D1%82%D0%B0%D0%9F%D1%80%D0%BE%D0%B8%D0%B7%D0%B2%D0%BE%D0%B4%D1%81%D1%82%D0%B2%D0%B0,%D0%A1%D0%B5%D1%80%D0%B8%D1%8F%D0%9D%D0%BE%D0%BC%D0%B5%D0%BD%D0%BA%D0%BB%D0%B0%D1%82%D1%83%D1%80%D1%8B/%D0%93%D0%BE%D0%B4%D0%B5%D0%BD%D0%94%D0%BE,%D0%AF%D1%87%D0%B5%D0%B9%D0%BA%D0%B0%D0%A5%D1%80%D0%B0%D0%BD%D0%B5%D0%BD%D0%B8%D1%8F/%D0%A1%D0%BA%D0%BB%D0%B0%D0%B4/Description&$orderby=%D0%9D%D0%BE%D0%BC%D0%B5%D0%BD%D0%BA%D0%BB%D0%B0%D1%82%D1%83%D1%80%D0%B0/%D0%90%D1%80%D1%82%D0%B8%D0%BA%D1%83%D0%BB&$filter=%D0%9D%D0%BE%D0%BC%D0%B5%D0%BD%D0%BA%D0%BB%D0%B0%D1%82%D1%83%D1%80%D0%B0/Parent/Code%20eq%20'304903' HTTP/1.1" 200 192943
2025-02-21 12:35:51,561 django.request WARNING  Not Found: /favicon.ico
2025-02-21 12:36:01,607 urllib3.connectionpool DEBUG    Starting new HTTP connection (1): 172.172.185.67:80
2025-02-21 12:36:05,746 urllib3.connectionpool DEBUG    http://172.172.185.67:80 "GET /krd_itc_wms/odata/standard.odata//AccumulationRegister_%D0%9E%D1%81%D1%82%D0%B0%D1%82%D0%BA%D0%B8%D0%92%D0%9F%D0%BE%D0%BB%D0%BB%D0%B5%D1%82%D0%B0%D1%85/Balance?$format=json&$expand=%D0%9D%D0%BE%D0%BC%D0%B5%D0%BD%D0%BA%D0%BB%D0%B0%D1%82%D1%83%D1%80%D0%B0/Parent,%20%D0%AF%D1%87%D0%B5%D0%B9%D0%BA%D0%B0%D0%A5%D1%80%D0%B0%D0%BD%D0%B5%D0%BD%D0%B8%D1%8F/%D0%A1%D0%BA%D0%BB%D0%B0%D0%B4,%20%D0%A1%D0%B5%D1%80%D0%B8%D1%8F%D0%9D%D0%BE%D0%BC%D0%B5%D0%BD%D0%BA%D0%BB%D0%B0%D1%82%D1%83%D1%80%D1%8B&$select=%D0%9D%D0%BE%D0%BC%D0%B5%D0%BD%D0%BA%D0%BB%D0%B0%D1%82%D1%83%D1%80%D0%B0/Code,%D0%9D%D0%BE%D0%BC%D0%B5%D0%BD%D0%BA%D0%BB%D0%B0%D1%82%D1%83%D1%80%D0%B0/Description,%D0%9D%D0%BE%D0%BC%D0%B5%D0%BD%D0%BA%D0%BB%D0%B0%D1%82%D1%83%D1%80%D0%B0/%D0%90%D1%80%D1%82%D0%B8%D0%BA%D1%83%D0%BB,%D0%9D%D0%BE%D0%BC%D0%B5%D0%BD%D0%BA%D0%BB%D0%B0%D1%82%D1%83%D1%80%D0%B0/Parent/Description,%D0%9A%D0%BE%D0%BB%D0%B8%D1%87%D0%B5%D1%81%D1%82%D0%B2%D0%BEBalance,%D0%A1%D0%B5%D1%80%D0%B8%D1%8F%D0%9D%D0%BE%D0%BC%D0%B5%D0%BD%D0%BA%D0%BB%D0%B0%D1%82%D1%83%D1%80%D1%8B/%D0%94%D0%B0%D1%82%D0%B0%D0%9F%D1%80%D0%BE%D0%B8%D0%B7%D0%B2%D0%BE%D0%B4%D1%81%D1%82%D0%B2%D0%B0,%D0%A1%D0%B5%D1%80%D0%B8%D1%8F%D0%9D%D0%BE%D0%BC%D0%B5%D0%BD%D0%BA%D0%BB%D0%B0%D1%82%D1%83%D1%80%D1%8B/%D0%93%D0%BE%D0%B4%D0%B5%D0%BD%D0%94%D0%BE,%D0%AF%D1%87%D0%B5%D0%B9%D0%BA%D0%B0%D0%A5%D1%80%D0%B0%D0%BD%D0%B5%D0%BD%D0%B8%D1%8F/%D0%A1%D0%BA%D0%BB%D0%B0%D0%B4/Description&$orderby=%D0%9D%D0%BE%D0%BC%D0%B5%D0%BD%D0%BA%D0%BB%D0%B0%D1%82%D1%83%D1%80%D0%B0/%D0%90%D1%80%D1%82%D0%B8%D0%BA%D1%83%D0%BB&$filter=%D0%9D%D0%BE%D0%BC%D0%B5%D0%BD%D0%BA%D0%BB%D0%B0%D1%82%D1%83%D1%80%D0%B0/Parent/Code%20eq%20'304903' HTTP/1.1" 200 192943
2025-02-21 12:38:47,767 urllib3.connectionpool DEBUG    Starting new HTTP connection (1): 172.172.185.67:80
2025-02-21 12:38:51,916 urllib3.connectionpool DEBUG    http://172.172.185.67:80 "GET /krd_itc_wms/odata/standard.odata//AccumulationRegister_%D0%9E%D1%81%D1%82%D0%B0%D1%82%D0%BA%D0%B8%D0%92%D0%9F%D0%BE%D0%BB%D0%BB%D0%B5%D1%82%D0%B0%D1%85/Balance?$format=json&$expand=%D0%9D%D0%BE%D0%BC%D0%B5%D0%BD%D0%BA%D0%BB%D0%B0%D1%82%D1%83%D1%80%D0%B0/Parent,%20%D0%AF%D1%87%D0%B5%D0%B9%D0%BA%D0%B0%D0%A5%D1%80%D0%B0%D0%BD%D0%B5%D0%BD%D0%B8%D1%8F/%D0%A1%D0%BA%D0%BB%D0%B0%D0%B4,%20%D0%A1%D0%B5%D1%80%D0%B8%D1%8F%D0%9D%D0%BE%D0%BC%D0%B5%D0%BD%D0%BA%D0%BB%D0%B0%D1%82%D1%83%D1%80%D1%8B&$select=%D0%9D%D0%BE%D0%BC%D0%B5%D0%BD%D0%BA%D0%BB%D0%B0%D1%82%D1%83%D1%80%D0%B0/Code,%D0%9D%D0%BE%D0%BC%D0%B5%D0%BD%D0%BA%D0%BB%D0%B0%D1%82%D1%83%D1%80%D0%B0/Description,%D0%9D%D0%BE%D0%BC%D0%B5%D0%BD%D0%BA%D0%BB%D0%B0%D1%82%D1%83%D1%80%D0%B0/%D0%90%D1%80%D1%82%D0%B8%D0%BA%D1%83%D0%BB,%D0%9D%D0%BE%D0%BC%D0%B5%D0%BD%D0%BA%D0%BB%D0%B0%D1%82%D1%83%D1%80%D0%B0/Parent/Description,%D0%9A%D0%BE%D0%BB%D0%B8%D1%87%D0%B5%D1%81%D1%82%D0%B2%D0%BEBalance,%D0%A1%D0%B5%D1%80%D0%B8%D1%8F%D0%9D%D0%BE%D0%BC%D0%B5%D0%BD%D0%BA%D0%BB%D0%B0%D1%82%D1%83%D1%80%D1%8B/%D0%94%D0%B0%D1%82%D0%B0%D0%9F%D1%80%D0%BE%D0%B8%D0%B7%D0%B2%D0%BE%D0%B4%D1%81%D1%82%D0%B2%D0%B0,%D0%A1%D0%B5%D1%80%D0%B8%D1%8F%D0%9D%D0%BE%D0%BC%D0%B5%D0%BD%D0%BA%D0%BB%D0%B0%D1%82%D1%83%D1%80%D1%8B/%D0%93%D0%BE%D0%B4%D0%B5%D0%BD%D0%94%D0%BE,%D0%AF%D1%87%D0%B5%D0%B9%D0%BA%D0%B0%D0%A5%D1%80%D0%B0%D0%BD%D0%B5%D0%BD%D0%B8%D1%8F/%D0%A1%D0%BA%D0%BB%D0%B0%D0%B4/Description&$orderby=%D0%9D%D0%BE%D0%BC%D0%B5%D0%BD%D0%BA%D0%BB%D0%B0%D1%82%D1%83%D1%80%D0%B0/%D0%90%D1%80%D1%82%D0%B8%D0%BA%D1%83%D0%BB&$filter=%D0%9D%D0%BE%D0%BC%D0%B5%D0%BD%D0%BA%D0%BB%D0%B0%D1%82%D1%83%D1%80%D0%B0/Parent/Code%20eq%20'304903' HTTP/1.1" 200 192943
2025-02-21 15:08:55,057 django.request WARNING  Not Found: /favicon.ico
2025-02-21 15:56:23,958 django.request WARNING  Not Found: /favicon.ico
2025-02-21 18:15:46,198 urllib3.connectionpool DEBUG    Starting new HTTP connection (1): 172.172.185.67:80
2025-02-21 18:15:56,011 urllib3.connectionpool DEBUG    http://172.172.185.67:80 "POST /krd_itc_wms/ru_RU/hs/PutData HTTP/1.1" 200 289
2025-02-24 03:59:19,927 django.request WARNING  Not Found: /favicon.ico
2025-02-24 03:59:24,786 urllib3.connectionpool DEBUG    Starting new HTTP connection (1): 172.172.185.67:80
2025-02-24 03:59:29,477 urllib3.connectionpool DEBUG    http://172.172.185.67:80 "GET /krd_itc_wms/odata/standard.odata//AccumulationRegister_%D0%9E%D1%81%D1%82%D0%B0%D1%82%D0%BA%D0%B8%D0%92%D0%9F%D0%BE%D0%BB%D0%BB%D0%B5%D1%82%D0%B0%D1%85/Balance?$format=json&$expand=%D0%9D%D0%BE%D0%BC%D0%B5%D0%BD%D0%BA%D0%BB%D0%B0%D1%82%D1%83%D1%80%D0%B0/Parent,%20%D0%AF%D1%87%D0%B5%D0%B9%D0%BA%D0%B0%D0%A5%D1%80%D0%B0%D0%BD%D0%B5%D0%BD%D0%B8%D1%8F/%D0%A1%D0%BA%D0%BB%D0%B0%D0%B4,%20%D0%A1%D0%B5%D1%80%D0%B8%D1%8F%D0%9D%D0%BE%D0%BC%D0%B5%D0%BD%D0%BA%D0%BB%D0%B0%D1%82%D1%83%D1%80%D1%8B&$select=%D0%9D%D0%BE%D0%BC%D0%B5%D0%BD%D0%BA%D0%BB%D0%B0%D1%82%D1%83%D1%80%D0%B0/Code,%D0%9D%D0%BE%D0%BC%D0%B5%D0%BD%D0%BA%D0%BB%D0%B0%D1%82%D1%83%D1%80%D0%B0/Description,%D0%9D%D0%BE%D0%BC%D0%B5%D0%BD%D0%BA%D0%BB%D0%B0%D1%82%D1%83%D1%80%D0%B0/%D0%90%D1%80%D1%82%D0%B8%D0%BA%D1%83%D0%BB,%D0%9D%D0%BE%D0%BC%D0%B5%D0%BD%D0%BA%D0%BB%D0%B0%D1%82%D1%83%D1%80%D0%B0/Parent/Description,%D0%9A%D0%BE%D0%BB%D0%B8%D1%87%D0%B5%D1%81%D1%82%D0%B2%D0%BEBalance,%D0%A1%D0%B5%D1%80%D0%B8%D1%8F%D0%9D%D0%BE%D0%BC%D0%B5%D0%BD%D0%BA%D0%BB%D0%B0%D1%82%D1%83%D1%80%D1%8B/%D0%94%D0%B0%D1%82%D0%B0%D0%9F%D1%80%D0%BE%D0%B8%D0%B7%D0%B2%D0%BE%D0%B4%D1%81%D1%82%D0%B2%D0%B0,%D0%A1%D0%B5%D1%80%D0%B8%D1%8F%D0%9D%D0%BE%D0%BC%D0%B5%D0%BD%D0%BA%D0%BB%D0%B0%D1%82%D1%83%D1%80%D1%8B/%D0%93%D0%BE%D0%B4%D0%B5%D0%BD%D0%94%D0%BE,%D0%AF%D1%87%D0%B5%D0%B9%D0%BA%D0%B0%D0%A5%D1%80%D0%B0%D0%BD%D0%B5%D0%BD%D0%B8%D1%8F/%D0%A1%D0%BA%D0%BB%D0%B0%D0%B4/Description&$orderby=%D0%9D%D0%BE%D0%BC%D0%B5%D0%BD%D0%BA%D0%BB%D0%B0%D1%82%D1%83%D1%80%D0%B0/%D0%90%D1%80%D1%82%D0%B8%D0%BA%D1%83%D0%BB&$filter=%D0%9D%D0%BE%D0%BC%D0%B5%D0%BD%D0%BA%D0%BB%D0%B0%D1%82%D1%83%D1%80%D0%B0/Parent/Code%20eq%20'289363' HTTP/1.1" 200 1799413
2025-02-24 04:00:25,221 urllib3.connectionpool DEBUG    Starting new HTTP connection (1): 172.172.185.67:80
2025-02-24 04:00:28,778 urllib3.connectionpool DEBUG    http://172.172.185.67:80 "GET /krd_itc_wms/odata/standard.odata//AccumulationRegister_%D0%9E%D1%81%D1%82%D0%B0%D1%82%D0%BA%D0%B8%D0%92%D0%9F%D0%BE%D0%BB%D0%BB%D0%B5%D1%82%D0%B0%D1%85/Balance?$format=json&$expand=%D0%9D%D0%BE%D0%BC%D0%B5%D0%BD%D0%BA%D0%BB%D0%B0%D1%82%D1%83%D1%80%D0%B0/Parent,%20%D0%AF%D1%87%D0%B5%D0%B9%D0%BA%D0%B0%D0%A5%D1%80%D0%B0%D0%BD%D0%B5%D0%BD%D0%B8%D1%8F/%D0%A1%D0%BA%D0%BB%D0%B0%D0%B4,%20%D0%A1%D0%B5%D1%80%D0%B8%D1%8F%D0%9D%D0%BE%D0%BC%D0%B5%D0%BD%D0%BA%D0%BB%D0%B0%D1%82%D1%83%D1%80%D1%8B&$select=%D0%9D%D0%BE%D0%BC%D0%B5%D0%BD%D0%BA%D0%BB%D0%B0%D1%82%D1%83%D1%80%D0%B0/Code,%D0%9D%D0%BE%D0%BC%D0%B5%D0%BD%D0%BA%D0%BB%D0%B0%D1%82%D1%83%D1%80%D0%B0/Description,%D0%9D%D0%BE%D0%BC%D0%B5%D0%BD%D0%BA%D0%BB%D0%B0%D1%82%D1%83%D1%80%D0%B0/%D0%90%D1%80%D1%82%D0%B8%D0%BA%D1%83%D0%BB,%D0%9D%D0%BE%D0%BC%D0%B5%D0%BD%D0%BA%D0%BB%D0%B0%D1%82%D1%83%D1%80%D0%B0/Parent/Description,%D0%9A%D0%BE%D0%BB%D0%B8%D1%87%D0%B5%D1%81%D1%82%D0%B2%D0%BEBalance,%D0%A1%D0%B5%D1%80%D0%B8%D1%8F%D0%9D%D0%BE%D0%BC%D0%B5%D0%BD%D0%BA%D0%BB%D0%B0%D1%82%D1%83%D1%80%D1%8B/%D0%94%D0%B0%D1%82%D0%B0%D0%9F%D1%80%D0%BE%D0%B8%D0%B7%D0%B2%D0%BE%D0%B4%D1%81%D1%82%D0%B2%D0%B0,%D0%A1%D0%B5%D1%80%D0%B8%D1%8F%D0%9D%D0%BE%D0%BC%D0%B5%D0%BD%D0%BA%D0%BB%D0%B0%D1%82%D1%83%D1%80%D1%8B/%D0%93%D0%BE%D0%B4%D0%B5%D0%BD%D0%94%D0%BE,%D0%AF%D1%87%D0%B5%D0%B9%D0%BA%D0%B0%D0%A5%D1%80%D0%B0%D0%BD%D0%B5%D0%BD%D0%B8%D1%8F/%D0%A1%D0%BA%D0%BB%D0%B0%D0%B4/Description&$orderby=%D0%9D%D0%BE%D0%BC%D0%B5%D0%BD%D0%BA%D0%BB%D0%B0%D1%82%D1%83%D1%80%D0%B0/%D0%90%D1%80%D1%82%D0%B8%D0%BA%D1%83%D0%BB&$filter=%D0%9D%D0%BE%D0%BC%D0%B5%D0%BD%D0%BA%D0%BB%D0%B0%D1%82%D1%83%D1%80%D0%B0/Parent/Code%20eq%20'356959' HTTP/1.1" 200 22001
2025-02-24 04:00:32,970 urllib3.connectionpool DEBUG    Starting new HTTP connection (1): 172.172.185.67:80
2025-02-24 04:00:34,035 urllib3.connectionpool DEBUG    http://172.172.185.67:80 "GET /krd_itc_wms/odata/standard.odata//AccumulationRegister_%D0%9E%D1%81%D1%82%D0%B0%D1%82%D0%BA%D0%B8%D0%92%D0%9F%D0%BE%D0%BB%D0%BB%D0%B5%D1%82%D0%B0%D1%85/Balance?$format=json&$expand=%D0%9D%D0%BE%D0%BC%D0%B5%D0%BD%D0%BA%D0%BB%D0%B0%D1%82%D1%83%D1%80%D0%B0/Parent,%20%D0%AF%D1%87%D0%B5%D0%B9%D0%BA%D0%B0%D0%A5%D1%80%D0%B0%D0%BD%D0%B5%D0%BD%D0%B8%D1%8F/%D0%A1%D0%BA%D0%BB%D0%B0%D0%B4,%20%D0%A1%D0%B5%D1%80%D0%B8%D1%8F%D0%9D%D0%BE%D0%BC%D0%B5%D0%BD%D0%BA%D0%BB%D0%B0%D1%82%D1%83%D1%80%D1%8B&$select=%D0%9D%D0%BE%D0%BC%D0%B5%D0%BD%D0%BA%D0%BB%D0%B0%D1%82%D1%83%D1%80%D0%B0/Code,%D0%9D%D0%BE%D0%BC%D0%B5%D0%BD%D0%BA%D0%BB%D0%B0%D1%82%D1%83%D1%80%D0%B0/Description,%D0%9D%D0%BE%D0%BC%D0%B5%D0%BD%D0%BA%D0%BB%D0%B0%D1%82%D1%83%D1%80%D0%B0/%D0%90%D1%80%D1%82%D0%B8%D0%BA%D1%83%D0%BB,%D0%9D%D0%BE%D0%BC%D0%B5%D0%BD%D0%BA%D0%BB%D0%B0%D1%82%D1%83%D1%80%D0%B0/Parent/Description,%D0%9A%D0%BE%D0%BB%D0%B8%D1%87%D0%B5%D1%81%D1%82%D0%B2%D0%BEBalance,%D0%A1%D0%B5%D1%80%D0%B8%D1%8F%D0%9D%D0%BE%D0%BC%D0%B5%D0%BD%D0%BA%D0%BB%D0%B0%D1%82%D1%83%D1%80%D1%8B/%D0%94%D0%B0%D1%82%D0%B0%D0%9F%D1%80%D0%BE%D0%B8%D0%B7%D0%B2%D0%BE%D0%B4%D1%81%D1%82%D0%B2%D0%B0,%D0%A1%D0%B5%D1%80%D0%B8%D1%8F%D0%9D%D0%BE%D0%BC%D0%B5%D0%BD%D0%BA%D0%BB%D0%B0%D1%82%D1%83%D1%80%D1%8B/%D0%93%D0%BE%D0%B4%D0%B5%D0%BD%D0%94%D0%BE,%D0%AF%D1%87%D0%B5%D0%B9%D0%BA%D0%B0%D0%A5%D1%80%D0%B0%D0%BD%D0%B5%D0%BD%D0%B8%D1%8F/%D0%A1%D0%BA%D0%BB%D0%B0%D0%B4/Description&$orderby=%D0%9D%D0%BE%D0%BC%D0%B5%D0%BD%D0%BA%D0%BB%D0%B0%D1%82%D1%83%D1%80%D0%B0/%D0%90%D1%80%D1%82%D0%B8%D0%BA%D1%83%D0%BB&$filter=%D0%9D%D0%BE%D0%BC%D0%B5%D0%BD%D0%BA%D0%BB%D0%B0%D1%82%D1%83%D1%80%D0%B0/Parent/Code%20eq%20'391291' HTTP/1.1" 200 416224
2025-02-24 04:00:40,539 urllib3.connectionpool DEBUG    Starting new HTTP connection (1): 172.172.185.67:80
2025-02-24 04:00:41,506 urllib3.connectionpool DEBUG    http://172.172.185.67:80 "GET /krd_itc_wms/odata/standard.odata//AccumulationRegister_%D0%9E%D1%81%D1%82%D0%B0%D1%82%D0%BA%D0%B8%D0%92%D0%9F%D0%BE%D0%BB%D0%BB%D0%B5%D1%82%D0%B0%D1%85/Balance?$format=json&$expand=%D0%9D%D0%BE%D0%BC%D0%B5%D0%BD%D0%BA%D0%BB%D0%B0%D1%82%D1%83%D1%80%D0%B0/Parent,%20%D0%AF%D1%87%D0%B5%D0%B9%D0%BA%D0%B0%D0%A5%D1%80%D0%B0%D0%BD%D0%B5%D0%BD%D0%B8%D1%8F/%D0%A1%D0%BA%D0%BB%D0%B0%D0%B4,%20%D0%A1%D0%B5%D1%80%D0%B8%D1%8F%D0%9D%D0%BE%D0%BC%D0%B5%D0%BD%D0%BA%D0%BB%D0%B0%D1%82%D1%83%D1%80%D1%8B&$select=%D0%9D%D0%BE%D0%BC%D0%B5%D0%BD%D0%BA%D0%BB%D0%B0%D1%82%D1%83%D1%80%D0%B0/Code,%D0%9D%D0%BE%D0%BC%D0%B5%D0%BD%D0%BA%D0%BB%D0%B0%D1%82%D1%83%D1%80%D0%B0/Description,%D0%9D%D0%BE%D0%BC%D0%B5%D0%BD%D0%BA%D0%BB%D0%B0%D1%82%D1%83%D1%80%D0%B0/%D0%90%D1%80%D1%82%D0%B8%D0%BA%D1%83%D0%BB,%D0%9D%D0%BE%D0%BC%D0%B5%D0%BD%D0%BA%D0%BB%D0%B0%D1%82%D1%83%D1%80%D0%B0/Parent/Description,%D0%9A%D0%BE%D0%BB%D0%B8%D1%87%D0%B5%D1%81%D1%82%D0%B2%D0%BEBalance,%D0%A1%D0%B5%D1%80%D0%B8%D1%8F%D0%9D%D0%BE%D0%BC%D0%B5%D0%BD%D0%BA%D0%BB%D0%B0%D1%82%D1%83%D1%80%D1%8B/%D0%94%D0%B0%D1%82%D0%B0%D0%9F%D1%80%D0%BE%D0%B8%D0%B7%D0%B2%D0%BE%D0%B4%D1%81%D1%82%D0%B2%D0%B0,%D0%A1%D0%B5%D1%80%D0%B8%D1%8F%D0%9D%D0%BE%D0%BC%D0%B5%D0%BD%D0%BA%D0%BB%D0%B0%D1%82%D1%83%D1%80%D1%8B/%D0%93%D0%BE%D0%B4%D0%B5%D0%BD%D0%94%D0%BE,%D0%AF%D1%87%D0%B5%D0%B9%D0%BA%D0%B0%D0%A5%D1%80%D0%B0%D0%BD%D0%B5%D0%BD%D0%B8%D1%8F/%D0%A1%D0%BA%D0%BB%D0%B0%D0%B4/Description&$orderby=%D0%9D%D0%BE%D0%BC%D0%B5%D0%BD%D0%BA%D0%BB%D0%B0%D1%82%D1%83%D1%80%D0%B0/%D0%90%D1%80%D1%82%D0%B8%D0%BA%D1%83%D0%BB&$filter=%D0%9D%D0%BE%D0%BC%D0%B5%D0%BD%D0%BA%D0%BB%D0%B0%D1%82%D1%83%D1%80%D0%B0/Parent/Code%20eq%20'391226' HTTP/1.1" 200 202375
2025-02-24 04:00:47,291 urllib3.connectionpool DEBUG    Starting new HTTP connection (1): 172.172.185.67:80
2025-02-24 04:00:48,264 urllib3.connectionpool DEBUG    http://172.172.185.67:80 "GET /krd_itc_wms/odata/standard.odata//AccumulationRegister_%D0%9E%D1%81%D1%82%D0%B0%D1%82%D0%BA%D0%B8%D0%92%D0%9F%D0%BE%D0%BB%D0%BB%D0%B5%D1%82%D0%B0%D1%85/Balance?$format=json&$expand=%D0%9D%D0%BE%D0%BC%D0%B5%D0%BD%D0%BA%D0%BB%D0%B0%D1%82%D1%83%D1%80%D0%B0/Parent,%20%D0%AF%D1%87%D0%B5%D0%B9%D0%BA%D0%B0%D0%A5%D1%80%D0%B0%D0%BD%D0%B5%D0%BD%D0%B8%D1%8F/%D0%A1%D0%BA%D0%BB%D0%B0%D0%B4,%20%D0%A1%D0%B5%D1%80%D0%B8%D1%8F%D0%9D%D0%BE%D0%BC%D0%B5%D0%BD%D0%BA%D0%BB%D0%B0%D1%82%D1%83%D1%80%D1%8B&$select=%D0%9D%D0%BE%D0%BC%D0%B5%D0%BD%D0%BA%D0%BB%D0%B0%D1%82%D1%83%D1%80%D0%B0/Code,%D0%9D%D0%BE%D0%BC%D0%B5%D0%BD%D0%BA%D0%BB%D0%B0%D1%82%D1%83%D1%80%D0%B0/Description,%D0%9D%D0%BE%D0%BC%D0%B5%D0%BD%D0%BA%D0%BB%D0%B0%D1%82%D1%83%D1%80%D0%B0/%D0%90%D1%80%D1%82%D0%B8%D0%BA%D1%83%D0%BB,%D0%9D%D0%BE%D0%BC%D0%B5%D0%BD%D0%BA%D0%BB%D0%B0%D1%82%D1%83%D1%80%D0%B0/Parent/Description,%D0%9A%D0%BE%D0%BB%D0%B8%D1%87%D0%B5%D1%81%D1%82%D0%B2%D0%BEBalance,%D0%A1%D0%B5%D1%80%D0%B8%D1%8F%D0%9D%D0%BE%D0%BC%D0%B5%D0%BD%D0%BA%D0%BB%D0%B0%D1%82%D1%83%D1%80%D1%8B/%D0%94%D0%B0%D1%82%D0%B0%D0%9F%D1%80%D0%BE%D0%B8%D0%B7%D0%B2%D0%BE%D0%B4%D1%81%D1%82%D0%B2%D0%B0,%D0%A1%D0%B5%D1%80%D0%B8%D1%8F%D0%9D%D0%BE%D0%BC%D0%B5%D0%BD%D0%BA%D0%BB%D0%B0%D1%82%D1%83%D1%80%D1%8B/%D0%93%D0%BE%D0%B4%D0%B5%D0%BD%D0%94%D0%BE,%D0%AF%D1%87%D0%B5%D0%B9%D0%BA%D0%B0%D0%A5%D1%80%D0%B0%D0%BD%D0%B5%D0%BD%D0%B8%D1%8F/%D0%A1%D0%BA%D0%BB%D0%B0%D0%B4/Description&$orderby=%D0%9D%D0%BE%D0%BC%D0%B5%D0%BD%D0%BA%D0%BB%D0%B0%D1%82%D1%83%D1%80%D0%B0/%D0%90%D1%80%D1%82%D0%B8%D0%BA%D1%83%D0%BB&$filter=%D0%9D%D0%BE%D0%BC%D0%B5%D0%BD%D0%BA%D0%BB%D0%B0%D1%82%D1%83%D1%80%D0%B0/Parent/Code%20eq%20'304903' HTTP/1.1" 200 189840
2025-02-24 09:55:38,270 django.request WARNING  Not Found: /favicon.ico
2025-02-24 10:39:26,238 django.request WARNING  Not Found: /favicon.ico
2025-02-24 17:25:49,732 django.request WARNING  Not Found: /favicon.ico
2025-02-24 17:26:04,801 urllib3.connectionpool DEBUG    Starting new HTTP connection (1): 172.172.185.67:80
2025-02-24 17:26:10,750 urllib3.connectionpool DEBUG    http://172.172.185.67:80 "POST /krd_itc_wms/ru_RU/hs/PutData HTTP/1.1" 200 343
2025-02-24 19:20:54,610 django.request WARNING  Not Found: /favicon.ico
2025-02-24 20:48:30,590 urllib3.connectionpool DEBUG    Starting new HTTP connection (1): 172.172.185.67:80
2025-02-24 20:48:35,048 urllib3.connectionpool DEBUG    http://172.172.185.67:80 "GET /krd_itc_wms/odata/standard.odata//AccumulationRegister_%D0%9E%D1%81%D1%82%D0%B0%D1%82%D0%BA%D0%B8%D0%92%D0%9F%D0%BE%D0%BB%D0%BB%D0%B5%D1%82%D0%B0%D1%85/Balance?$format=json&$expand=%D0%9D%D0%BE%D0%BC%D0%B5%D0%BD%D0%BA%D0%BB%D0%B0%D1%82%D1%83%D1%80%D0%B0/Parent,%20%D0%AF%D1%87%D0%B5%D0%B9%D0%BA%D0%B0%D0%A5%D1%80%D0%B0%D0%BD%D0%B5%D0%BD%D0%B8%D1%8F/%D0%A1%D0%BA%D0%BB%D0%B0%D0%B4,%20%D0%A1%D0%B5%D1%80%D0%B8%D1%8F%D0%9D%D0%BE%D0%BC%D0%B5%D0%BD%D0%BA%D0%BB%D0%B0%D1%82%D1%83%D1%80%D1%8B&$select=%D0%9D%D0%BE%D0%BC%D0%B5%D0%BD%D0%BA%D0%BB%D0%B0%D1%82%D1%83%D1%80%D0%B0/Code,%D0%9D%D0%BE%D0%BC%D0%B5%D0%BD%D0%BA%D0%BB%D0%B0%D1%82%D1%83%D1%80%D0%B0/Description,%D0%9D%D0%BE%D0%BC%D0%B5%D0%BD%D0%BA%D0%BB%D0%B0%D1%82%D1%83%D1%80%D0%B0/%D0%90%D1%80%D1%82%D0%B8%D0%BA%D1%83%D0%BB,%D0%9D%D0%BE%D0%BC%D0%B5%D0%BD%D0%BA%D0%BB%D0%B0%D1%82%D1%83%D1%80%D0%B0/Parent/Description,%D0%9A%D0%BE%D0%BB%D0%B8%D1%87%D0%B5%D1%81%D1%82%D0%B2%D0%BEBalance,%D0%A1%D0%B5%D1%80%D0%B8%D1%8F%D0%9D%D0%BE%D0%BC%D0%B5%D0%BD%D0%BA%D0%BB%D0%B0%D1%82%D1%83%D1%80%D1%8B/%D0%94%D0%B0%D1%82%D0%B0%D0%9F%D1%80%D0%BE%D0%B8%D0%B7%D0%B2%D0%BE%D0%B4%D1%81%D1%82%D0%B2%D0%B0,%D0%A1%D0%B5%D1%80%D0%B8%D1%8F%D0%9D%D0%BE%D0%BC%D0%B5%D0%BD%D0%BA%D0%BB%D0%B0%D1%82%D1%83%D1%80%D1%8B/%D0%93%D0%BE%D0%B4%D0%B5%D0%BD%D0%94%D0%BE,%D0%AF%D1%87%D0%B5%D0%B9%D0%BA%D0%B0%D0%A5%D1%80%D0%B0%D0%BD%D0%B5%D0%BD%D0%B8%D1%8F/%D0%A1%D0%BA%D0%BB%D0%B0%D0%B4/Description&$orderby=%D0%9D%D0%BE%D0%BC%D0%B5%D0%BD%D0%BA%D0%BB%D0%B0%D1%82%D1%83%D1%80%D0%B0/%D0%90%D1%80%D1%82%D0%B8%D0%BA%D1%83%D0%BB&$filter=%D0%9D%D0%BE%D0%BC%D0%B5%D0%BD%D0%BA%D0%BB%D0%B0%D1%82%D1%83%D1%80%D0%B0/Parent/Code%20eq%20'289363' HTTP/1.1" 200 1734581
2025-02-24 20:51:26,793 urllib3.connectionpool DEBUG    Starting new HTTP connection (1): 172.172.185.67:80
2025-02-24 20:51:30,882 urllib3.connectionpool DEBUG    http://172.172.185.67:80 "GET /krd_itc_wms/odata/standard.odata//AccumulationRegister_%D0%9E%D1%81%D1%82%D0%B0%D1%82%D0%BA%D0%B8%D0%92%D0%9F%D0%BE%D0%BB%D0%BB%D0%B5%D1%82%D0%B0%D1%85/Balance?$format=json&$expand=%D0%9D%D0%BE%D0%BC%D0%B5%D0%BD%D0%BA%D0%BB%D0%B0%D1%82%D1%83%D1%80%D0%B0/Parent,%20%D0%AF%D1%87%D0%B5%D0%B9%D0%BA%D0%B0%D0%A5%D1%80%D0%B0%D0%BD%D0%B5%D0%BD%D0%B8%D1%8F/%D0%A1%D0%BA%D0%BB%D0%B0%D0%B4,%20%D0%A1%D0%B5%D1%80%D0%B8%D1%8F%D0%9D%D0%BE%D0%BC%D0%B5%D0%BD%D0%BA%D0%BB%D0%B0%D1%82%D1%83%D1%80%D1%8B&$select=%D0%9D%D0%BE%D0%BC%D0%B5%D0%BD%D0%BA%D0%BB%D0%B0%D1%82%D1%83%D1%80%D0%B0/Code,%D0%9D%D0%BE%D0%BC%D0%B5%D0%BD%D0%BA%D0%BB%D0%B0%D1%82%D1%83%D1%80%D0%B0/Description,%D0%9D%D0%BE%D0%BC%D0%B5%D0%BD%D0%BA%D0%BB%D0%B0%D1%82%D1%83%D1%80%D0%B0/%D0%90%D1%80%D1%82%D0%B8%D0%BA%D1%83%D0%BB,%D0%9D%D0%BE%D0%BC%D0%B5%D0%BD%D0%BA%D0%BB%D0%B0%D1%82%D1%83%D1%80%D0%B0/Parent/Description,%D0%9A%D0%BE%D0%BB%D0%B8%D1%87%D0%B5%D1%81%D1%82%D0%B2%D0%BEBalance,%D0%A1%D0%B5%D1%80%D0%B8%D1%8F%D0%9D%D0%BE%D0%BC%D0%B5%D0%BD%D0%BA%D0%BB%D0%B0%D1%82%D1%83%D1%80%D1%8B/%D0%94%D0%B0%D1%82%D0%B0%D0%9F%D1%80%D0%BE%D0%B8%D0%B7%D0%B2%D0%BE%D0%B4%D1%81%D1%82%D0%B2%D0%B0,%D0%A1%D0%B5%D1%80%D0%B8%D1%8F%D0%9D%D0%BE%D0%BC%D0%B5%D0%BD%D0%BA%D0%BB%D0%B0%D1%82%D1%83%D1%80%D1%8B/%D0%93%D0%BE%D0%B4%D0%B5%D0%BD%D0%94%D0%BE,%D0%AF%D1%87%D0%B5%D0%B9%D0%BA%D0%B0%D0%A5%D1%80%D0%B0%D0%BD%D0%B5%D0%BD%D0%B8%D1%8F/%D0%A1%D0%BA%D0%BB%D0%B0%D0%B4/Description&$orderby=%D0%9D%D0%BE%D0%BC%D0%B5%D0%BD%D0%BA%D0%BB%D0%B0%D1%82%D1%83%D1%80%D0%B0/%D0%90%D1%80%D1%82%D0%B8%D0%BA%D1%83%D0%BB&$filter=%D0%9D%D0%BE%D0%BC%D0%B5%D0%BD%D0%BA%D0%BB%D0%B0%D1%82%D1%83%D1%80%D0%B0/Parent/Code%20eq%20'289363' HTTP/1.1" 200 1734581
2025-02-24 20:59:20,878 urllib3.connectionpool DEBUG    Starting new HTTP connection (1): 172.172.185.67:80
2025-02-24 20:59:22,202 urllib3.connectionpool DEBUG    http://172.172.185.67:80 "GET /krd_itc_wms/odata/standard.odata//AccumulationRegister_%D0%9E%D1%81%D1%82%D0%B0%D1%82%D0%BA%D0%B8%D0%92%D0%9F%D0%BE%D0%BB%D0%BB%D0%B5%D1%82%D0%B0%D1%85/Balance?$format=json&$expand=%D0%9D%D0%BE%D0%BC%D0%B5%D0%BD%D0%BA%D0%BB%D0%B0%D1%82%D1%83%D1%80%D0%B0/Parent,%20%D0%AF%D1%87%D0%B5%D0%B9%D0%BA%D0%B0%D0%A5%D1%80%D0%B0%D0%BD%D0%B5%D0%BD%D0%B8%D1%8F/%D0%A1%D0%BA%D0%BB%D0%B0%D0%B4,%20%D0%A1%D0%B5%D1%80%D0%B8%D1%8F%D0%9D%D0%BE%D0%BC%D0%B5%D0%BD%D0%BA%D0%BB%D0%B0%D1%82%D1%83%D1%80%D1%8B&$select=%D0%9D%D0%BE%D0%BC%D0%B5%D0%BD%D0%BA%D0%BB%D0%B0%D1%82%D1%83%D1%80%D0%B0/Code,%D0%9D%D0%BE%D0%BC%D0%B5%D0%BD%D0%BA%D0%BB%D0%B0%D1%82%D1%83%D1%80%D0%B0/Description,%D0%9D%D0%BE%D0%BC%D0%B5%D0%BD%D0%BA%D0%BB%D0%B0%D1%82%D1%83%D1%80%D0%B0/%D0%90%D1%80%D1%82%D0%B8%D0%BA%D1%83%D0%BB,%D0%9D%D0%BE%D0%BC%D0%B5%D0%BD%D0%BA%D0%BB%D0%B0%D1%82%D1%83%D1%80%D0%B0/Parent/Description,%D0%9A%D0%BE%D0%BB%D0%B8%D1%87%D0%B5%D1%81%D1%82%D0%B2%D0%BEBalance,%D0%A1%D0%B5%D1%80%D0%B8%D1%8F%D0%9D%D0%BE%D0%BC%D0%B5%D0%BD%D0%BA%D0%BB%D0%B0%D1%82%D1%83%D1%80%D1%8B/%D0%94%D0%B0%D1%82%D0%B0%D0%9F%D1%80%D0%BE%D0%B8%D0%B7%D0%B2%D0%BE%D0%B4%D1%81%D1%82%D0%B2%D0%B0,%D0%A1%D0%B5%D1%80%D0%B8%D1%8F%D0%9D%D0%BE%D0%BC%D0%B5%D0%BD%D0%BA%D0%BB%D0%B0%D1%82%D1%83%D1%80%D1%8B/%D0%93%D0%BE%D0%B4%D0%B5%D0%BD%D0%94%D0%BE,%D0%AF%D1%87%D0%B5%D0%B9%D0%BA%D0%B0%D0%A5%D1%80%D0%B0%D0%BD%D0%B5%D0%BD%D0%B8%D1%8F/%D0%A1%D0%BA%D0%BB%D0%B0%D0%B4/Description&$orderby=%D0%9D%D0%BE%D0%BC%D0%B5%D0%BD%D0%BA%D0%BB%D0%B0%D1%82%D1%83%D1%80%D0%B0/%D0%90%D1%80%D1%82%D0%B8%D0%BA%D1%83%D0%BB&$filter=%D0%9D%D0%BE%D0%BC%D0%B5%D0%BD%D0%BA%D0%BB%D0%B0%D1%82%D1%83%D1%80%D0%B0/Parent/Code%20eq%20'289363' HTTP/1.1" 200 1734581
2025-02-24 21:01:06,994 urllib3.connectionpool DEBUG    Starting new HTTP connection (1): 172.172.185.67:80
2025-02-24 21:01:07,597 urllib3.connectionpool DEBUG    http://172.172.185.67:80 "GET /krd_itc_wms/odata/standard.odata//AccumulationRegister_%D0%9E%D1%81%D1%82%D0%B0%D1%82%D0%BA%D0%B8%D0%92%D0%9F%D0%BE%D0%BB%D0%BB%D0%B5%D1%82%D0%B0%D1%85/Balance?$format=json&$expand=%D0%9D%D0%BE%D0%BC%D0%B5%D0%BD%D0%BA%D0%BB%D0%B0%D1%82%D1%83%D1%80%D0%B0/Parent,%20%D0%AF%D1%87%D0%B5%D0%B9%D0%BA%D0%B0%D0%A5%D1%80%D0%B0%D0%BD%D0%B5%D0%BD%D0%B8%D1%8F/%D0%A1%D0%BA%D0%BB%D0%B0%D0%B4,%20%D0%A1%D0%B5%D1%80%D0%B8%D1%8F%D0%9D%D0%BE%D0%BC%D0%B5%D0%BD%D0%BA%D0%BB%D0%B0%D1%82%D1%83%D1%80%D1%8B&$select=%D0%9D%D0%BE%D0%BC%D0%B5%D0%BD%D0%BA%D0%BB%D0%B0%D1%82%D1%83%D1%80%D0%B0/Code,%D0%9D%D0%BE%D0%BC%D0%B5%D0%BD%D0%BA%D0%BB%D0%B0%D1%82%D1%83%D1%80%D0%B0/Description,%D0%9D%D0%BE%D0%BC%D0%B5%D0%BD%D0%BA%D0%BB%D0%B0%D1%82%D1%83%D1%80%D0%B0/%D0%90%D1%80%D1%82%D0%B8%D0%BA%D1%83%D0%BB,%D0%9D%D0%BE%D0%BC%D0%B5%D0%BD%D0%BA%D0%BB%D0%B0%D1%82%D1%83%D1%80%D0%B0/Parent/Description,%D0%9A%D0%BE%D0%BB%D0%B8%D1%87%D0%B5%D1%81%D1%82%D0%B2%D0%BEBalance,%D0%A1%D0%B5%D1%80%D0%B8%D1%8F%D0%9D%D0%BE%D0%BC%D0%B5%D0%BD%D0%BA%D0%BB%D0%B0%D1%82%D1%83%D1%80%D1%8B/%D0%94%D0%B0%D1%82%D0%B0%D0%9F%D1%80%D0%BE%D0%B8%D0%B7%D0%B2%D0%BE%D0%B4%D1%81%D1%82%D0%B2%D0%B0,%D0%A1%D0%B5%D1%80%D0%B8%D1%8F%D0%9D%D0%BE%D0%BC%D0%B5%D0%BD%D0%BA%D0%BB%D0%B0%D1%82%D1%83%D1%80%D1%8B/%D0%93%D0%BE%D0%B4%D0%B5%D0%BD%D0%94%D0%BE,%D0%AF%D1%87%D0%B5%D0%B9%D0%BA%D0%B0%D0%A5%D1%80%D0%B0%D0%BD%D0%B5%D0%BD%D0%B8%D1%8F/%D0%A1%D0%BA%D0%BB%D0%B0%D0%B4/Description&$orderby=%D0%9D%D0%BE%D0%BC%D0%B5%D0%BD%D0%BA%D0%BB%D0%B0%D1%82%D1%83%D1%80%D0%B0/%D0%90%D1%80%D1%82%D0%B8%D0%BA%D1%83%D0%BB&$filter=%D0%9D%D0%BE%D0%BC%D0%B5%D0%BD%D0%BA%D0%BB%D0%B0%D1%82%D1%83%D1%80%D0%B0/Parent/Code%20eq%20'304903' HTTP/1.1" 200 218896
2025-02-24 21:02:18,827 urllib3.connectionpool DEBUG    Starting new HTTP connection (1): 172.172.185.67:80
2025-02-24 21:02:20,185 urllib3.connectionpool DEBUG    http://172.172.185.67:80 "GET /krd_itc_wms/odata/standard.odata//AccumulationRegister_%D0%9E%D1%81%D1%82%D0%B0%D1%82%D0%BA%D0%B8%D0%92%D0%9F%D0%BE%D0%BB%D0%BB%D0%B5%D1%82%D0%B0%D1%85/Balance?$format=json&$expand=%D0%9D%D0%BE%D0%BC%D0%B5%D0%BD%D0%BA%D0%BB%D0%B0%D1%82%D1%83%D1%80%D0%B0/Parent,%20%D0%AF%D1%87%D0%B5%D0%B9%D0%BA%D0%B0%D0%A5%D1%80%D0%B0%D0%BD%D0%B5%D0%BD%D0%B8%D1%8F/%D0%A1%D0%BA%D0%BB%D0%B0%D0%B4,%20%D0%A1%D0%B5%D1%80%D0%B8%D1%8F%D0%9D%D0%BE%D0%BC%D0%B5%D0%BD%D0%BA%D0%BB%D0%B0%D1%82%D1%83%D1%80%D1%8B&$select=%D0%9D%D0%BE%D0%BC%D0%B5%D0%BD%D0%BA%D0%BB%D0%B0%D1%82%D1%83%D1%80%D0%B0/Code,%D0%9D%D0%BE%D0%BC%D0%B5%D0%BD%D0%BA%D0%BB%D0%B0%D1%82%D1%83%D1%80%D0%B0/Description,%D0%9D%D0%BE%D0%BC%D0%B5%D0%BD%D0%BA%D0%BB%D0%B0%D1%82%D1%83%D1%80%D0%B0/%D0%90%D1%80%D1%82%D0%B8%D0%BA%D1%83%D0%BB,%D0%9D%D0%BE%D0%BC%D0%B5%D0%BD%D0%BA%D0%BB%D0%B0%D1%82%D1%83%D1%80%D0%B0/Parent/Description,%D0%9A%D0%BE%D0%BB%D0%B8%D1%87%D0%B5%D1%81%D1%82%D0%B2%D0%BEBalance,%D0%A1%D0%B5%D1%80%D0%B8%D1%8F%D0%9D%D0%BE%D0%BC%D0%B5%D0%BD%D0%BA%D0%BB%D0%B0%D1%82%D1%83%D1%80%D1%8B/%D0%94%D0%B0%D1%82%D0%B0%D0%9F%D1%80%D0%BE%D0%B8%D0%B7%D0%B2%D0%BE%D0%B4%D1%81%D1%82%D0%B2%D0%B0,%D0%A1%D0%B5%D1%80%D0%B8%D1%8F%D0%9D%D0%BE%D0%BC%D0%B5%D0%BD%D0%BA%D0%BB%D0%B0%D1%82%D1%83%D1%80%D1%8B/%D0%93%D0%BE%D0%B4%D0%B5%D0%BD%D0%94%D0%BE,%D0%AF%D1%87%D0%B5%D0%B9%D0%BA%D0%B0%D0%A5%D1%80%D0%B0%D0%BD%D0%B5%D0%BD%D0%B8%D1%8F/%D0%A1%D0%BA%D0%BB%D0%B0%D0%B4/Description&$orderby=%D0%9D%D0%BE%D0%BC%D0%B5%D0%BD%D0%BA%D0%BB%D0%B0%D1%82%D1%83%D1%80%D0%B0/%D0%90%D1%80%D1%82%D0%B8%D0%BA%D1%83%D0%BB&$filter=%D0%9D%D0%BE%D0%BC%D0%B5%D0%BD%D0%BA%D0%BB%D0%B0%D1%82%D1%83%D1%80%D0%B0/Parent/Code%20eq%20'289363' HTTP/1.1" 200 1734581
2025-02-25 09:42:51,934 django.request WARNING  Not Found: /favicon.ico
2025-02-25 10:44:32,456 django.request WARNING  Not Found: /favicon.ico
2025-02-25 10:44:33,722 django.request WARNING  Not Found: /favicon.ico
2025-02-25 10:44:41,726 urllib3.connectionpool DEBUG    Starting new HTTP connection (1): 172.172.185.67:80
2025-02-25 10:44:42,085 urllib3.connectionpool DEBUG    http://172.172.185.67:80 "GET /itc_wms/odata/standard.odata//AccumulationRegister_%D0%9E%D1%81%D1%82%D0%B0%D1%82%D0%BA%D0%B8%D0%92%D0%9F%D0%BE%D0%BB%D0%BB%D0%B5%D1%82%D0%B0%D1%85/Balance?$format=json&$expand=%D0%9D%D0%BE%D0%BC%D0%B5%D0%BD%D0%BA%D0%BB%D0%B0%D1%82%D1%83%D1%80%D0%B0/Parent,%20%D0%AF%D1%87%D0%B5%D0%B9%D0%BA%D0%B0%D0%A5%D1%80%D0%B0%D0%BD%D0%B5%D0%BD%D0%B8%D1%8F/%D0%A1%D0%BA%D0%BB%D0%B0%D0%B4,%20%D0%A1%D0%B5%D1%80%D0%B8%D1%8F%D0%9D%D0%BE%D0%BC%D0%B5%D0%BD%D0%BA%D0%BB%D0%B0%D1%82%D1%83%D1%80%D1%8B&$select=%D0%9D%D0%BE%D0%BC%D0%B5%D0%BD%D0%BA%D0%BB%D0%B0%D1%82%D1%83%D1%80%D0%B0/Code,%D0%9D%D0%BE%D0%BC%D0%B5%D0%BD%D0%BA%D0%BB%D0%B0%D1%82%D1%83%D1%80%D0%B0/Description,%D0%9D%D0%BE%D0%BC%D0%B5%D0%BD%D0%BA%D0%BB%D0%B0%D1%82%D1%83%D1%80%D0%B0/%D0%90%D1%80%D1%82%D0%B8%D0%BA%D1%83%D0%BB,%D0%9D%D0%BE%D0%BC%D0%B5%D0%BD%D0%BA%D0%BB%D0%B0%D1%82%D1%83%D1%80%D0%B0/Parent/Description,%D0%9A%D0%BE%D0%BB%D0%B8%D1%87%D0%B5%D1%81%D1%82%D0%B2%D0%BEBalance,%D0%A1%D0%B5%D1%80%D0%B8%D1%8F%D0%9D%D0%BE%D0%BC%D0%B5%D0%BD%D0%BA%D0%BB%D0%B0%D1%82%D1%83%D1%80%D1%8B/%D0%94%D0%B0%D1%82%D0%B0%D0%9F%D1%80%D0%BE%D0%B8%D0%B7%D0%B2%D0%BE%D0%B4%D1%81%D1%82%D0%B2%D0%B0,%D0%A1%D0%B5%D1%80%D0%B8%D1%8F%D0%9D%D0%BE%D0%BC%D0%B5%D0%BD%D0%BA%D0%BB%D0%B0%D1%82%D1%83%D1%80%D1%8B/%D0%93%D0%BE%D0%B4%D0%B5%D0%BD%D0%94%D0%BE,%D0%AF%D1%87%D0%B5%D0%B9%D0%BA%D0%B0%D0%A5%D1%80%D0%B0%D0%BD%D0%B5%D0%BD%D0%B8%D1%8F/%D0%A1%D0%BA%D0%BB%D0%B0%D0%B4/Description&$orderby=%D0%9D%D0%BE%D0%BC%D0%B5%D0%BD%D0%BA%D0%BB%D0%B0%D1%82%D1%83%D1%80%D0%B0/%D0%90%D1%80%D1%82%D0%B8%D0%BA%D1%83%D0%BB&$filter=%D0%9D%D0%BE%D0%BC%D0%B5%D0%BD%D0%BA%D0%BB%D0%B0%D1%82%D1%83%D1%80%D0%B0/Parent/Code%20eq%20'304903' HTTP/1.1" 200 130851
2025-02-25 10:52:02,413 django.request WARNING  Not Found: /favicon.ico
2025-02-25 10:52:05,663 urllib3.connectionpool DEBUG    Starting new HTTP connection (1): 172.172.185.67:80
2025-02-25 10:52:09,055 urllib3.connectionpool DEBUG    http://172.172.185.67:80 "GET /itc_wms/odata/standard.odata//AccumulationRegister_%D0%9E%D1%81%D1%82%D0%B0%D1%82%D0%BA%D0%B8%D0%92%D0%9F%D0%BE%D0%BB%D0%BB%D0%B5%D1%82%D0%B0%D1%85/Balance?$format=json&$expand=%D0%9D%D0%BE%D0%BC%D0%B5%D0%BD%D0%BA%D0%BB%D0%B0%D1%82%D1%83%D1%80%D0%B0/Parent,%20%D0%AF%D1%87%D0%B5%D0%B9%D0%BA%D0%B0%D0%A5%D1%80%D0%B0%D0%BD%D0%B5%D0%BD%D0%B8%D1%8F/%D0%A1%D0%BA%D0%BB%D0%B0%D0%B4,%20%D0%A1%D0%B5%D1%80%D0%B8%D1%8F%D0%9D%D0%BE%D0%BC%D0%B5%D0%BD%D0%BA%D0%BB%D0%B0%D1%82%D1%83%D1%80%D1%8B&$select=%D0%9D%D0%BE%D0%BC%D0%B5%D0%BD%D0%BA%D0%BB%D0%B0%D1%82%D1%83%D1%80%D0%B0/Code,%D0%9D%D0%BE%D0%BC%D0%B5%D0%BD%D0%BA%D0%BB%D0%B0%D1%82%D1%83%D1%80%D0%B0/Description,%D0%9D%D0%BE%D0%BC%D0%B5%D0%BD%D0%BA%D0%BB%D0%B0%D1%82%D1%83%D1%80%D0%B0/%D0%90%D1%80%D1%82%D0%B8%D0%BA%D1%83%D0%BB,%D0%9D%D0%BE%D0%BC%D0%B5%D0%BD%D0%BA%D0%BB%D0%B0%D1%82%D1%83%D1%80%D0%B0/Parent/Description,%D0%9A%D0%BE%D0%BB%D0%B8%D1%87%D0%B5%D1%81%D1%82%D0%B2%D0%BEBalance,%D0%A1%D0%B5%D1%80%D0%B8%D1%8F%D0%9D%D0%BE%D0%BC%D0%B5%D0%BD%D0%BA%D0%BB%D0%B0%D1%82%D1%83%D1%80%D1%8B/%D0%94%D0%B0%D1%82%D0%B0%D0%9F%D1%80%D0%BE%D0%B8%D0%B7%D0%B2%D0%BE%D0%B4%D1%81%D1%82%D0%B2%D0%B0,%D0%A1%D0%B5%D1%80%D0%B8%D1%8F%D0%9D%D0%BE%D0%BC%D0%B5%D0%BD%D0%BA%D0%BB%D0%B0%D1%82%D1%83%D1%80%D1%8B/%D0%93%D0%BE%D0%B4%D0%B5%D0%BD%D0%94%D0%BE,%D0%AF%D1%87%D0%B5%D0%B9%D0%BA%D0%B0%D0%A5%D1%80%D0%B0%D0%BD%D0%B5%D0%BD%D0%B8%D1%8F/%D0%A1%D0%BA%D0%BB%D0%B0%D0%B4/Description&$orderby=%D0%9D%D0%BE%D0%BC%D0%B5%D0%BD%D0%BA%D0%BB%D0%B0%D1%82%D1%83%D1%80%D0%B0/%D0%90%D1%80%D1%82%D0%B8%D0%BA%D1%83%D0%BB&$filter=%D0%9D%D0%BE%D0%BC%D0%B5%D0%BD%D0%BA%D0%BB%D0%B0%D1%82%D1%83%D1%80%D0%B0/Parent/Code%20eq%20'304903' HTTP/1.1" 200 130851
2025-02-25 11:35:19,659 django.request WARNING  Not Found: /favicon.ico
2025-02-25 11:39:16,837 urllib3.connectionpool DEBUG    Starting new HTTP connection (1): 172.172.185.67:80
2025-02-25 11:39:17,221 urllib3.connectionpool DEBUG    http://172.172.185.67:80 "GET /itc_wms/odata/standard.odata//AccumulationRegister_%D0%9E%D1%81%D1%82%D0%B0%D1%82%D0%BA%D0%B8%D0%92%D0%9F%D0%BE%D0%BB%D0%BB%D0%B5%D1%82%D0%B0%D1%85/Balance?$format=json&$expand=%D0%9D%D0%BE%D0%BC%D0%B5%D0%BD%D0%BA%D0%BB%D0%B0%D1%82%D1%83%D1%80%D0%B0/Parent,%20%D0%AF%D1%87%D0%B5%D0%B9%D0%BA%D0%B0%D0%A5%D1%80%D0%B0%D0%BD%D0%B5%D0%BD%D0%B8%D1%8F/%D0%A1%D0%BA%D0%BB%D0%B0%D0%B4,%20%D0%A1%D0%B5%D1%80%D0%B8%D1%8F%D0%9D%D0%BE%D0%BC%D0%B5%D0%BD%D0%BA%D0%BB%D0%B0%D1%82%D1%83%D1%80%D1%8B&$select=%D0%9D%D0%BE%D0%BC%D0%B5%D0%BD%D0%BA%D0%BB%D0%B0%D1%82%D1%83%D1%80%D0%B0/Code,%D0%9D%D0%BE%D0%BC%D0%B5%D0%BD%D0%BA%D0%BB%D0%B0%D1%82%D1%83%D1%80%D0%B0/Description,%D0%9D%D0%BE%D0%BC%D0%B5%D0%BD%D0%BA%D0%BB%D0%B0%D1%82%D1%83%D1%80%D0%B0/%D0%90%D1%80%D1%82%D0%B8%D0%BA%D1%83%D0%BB,%D0%9D%D0%BE%D0%BC%D0%B5%D0%BD%D0%BA%D0%BB%D0%B0%D1%82%D1%83%D1%80%D0%B0/Parent/Description,%D0%9A%D0%BE%D0%BB%D0%B8%D1%87%D0%B5%D1%81%D1%82%D0%B2%D0%BEBalance,%D0%A1%D0%B5%D1%80%D0%B8%D1%8F%D0%9D%D0%BE%D0%BC%D0%B5%D0%BD%D0%BA%D0%BB%D0%B0%D1%82%D1%83%D1%80%D1%8B/%D0%94%D0%B0%D1%82%D0%B0%D0%9F%D1%80%D0%BE%D0%B8%D0%B7%D0%B2%D0%BE%D0%B4%D1%81%D1%82%D0%B2%D0%B0,%D0%A1%D0%B5%D1%80%D0%B8%D1%8F%D0%9D%D0%BE%D0%BC%D0%B5%D0%BD%D0%BA%D0%BB%D0%B0%D1%82%D1%83%D1%80%D1%8B/%D0%93%D0%BE%D0%B4%D0%B5%D0%BD%D0%94%D0%BE,%D0%AF%D1%87%D0%B5%D0%B9%D0%BA%D0%B0%D0%A5%D1%80%D0%B0%D0%BD%D0%B5%D0%BD%D0%B8%D1%8F/%D0%A1%D0%BA%D0%BB%D0%B0%D0%B4/Description&$orderby=%D0%9D%D0%BE%D0%BC%D0%B5%D0%BD%D0%BA%D0%BB%D0%B0%D1%82%D1%83%D1%80%D0%B0/%D0%90%D1%80%D1%82%D0%B8%D0%BA%D1%83%D0%BB&$filter=%D0%9D%D0%BE%D0%BC%D0%B5%D0%BD%D0%BA%D0%BB%D0%B0%D1%82%D1%83%D1%80%D0%B0/Parent/Code%20eq%20'304903' HTTP/1.1" 200 130839
2025-02-25 16:10:03,606 django.request WARNING  Not Found: /favicon.ico
2025-02-25 16:10:12,410 urllib3.connectionpool DEBUG    Starting new HTTP connection (1): 172.172.185.67:80
2025-02-25 16:10:21,265 urllib3.connectionpool DEBUG    http://172.172.185.67:80 "POST /krd_itc_wms/ru_RU/hs/PutData HTTP/1.1" 200 262
2025-02-25 17:14:55,564 urllib3.connectionpool DEBUG    Starting new HTTP connection (1): 172.172.185.67:80
2025-02-25 17:15:04,225 urllib3.connectionpool DEBUG    http://172.172.185.67:80 "POST /krd_itc_wms/ru_RU/hs/PutData HTTP/1.1" 200 262
2025-02-26 09:35:57,976 django.request WARNING  Not Found: /favicon.ico
2025-02-26 09:57:06,459 django.request WARNING  Not Found: /favicon.ico
2025-02-26 09:57:24,265 urllib3.connectionpool DEBUG    Starting new HTTP connection (1): 172.172.185.67:80
2025-02-26 09:57:24,887 urllib3.connectionpool DEBUG    http://172.172.185.67:80 "GET /krd_itc_wms/odata/standard.odata//AccumulationRegister_%D0%9E%D1%81%D1%82%D0%B0%D1%82%D0%BA%D0%B8%D0%92%D0%9F%D0%BE%D0%BB%D0%BB%D0%B5%D1%82%D0%B0%D1%85/Balance?$format=json&$expand=%D0%9D%D0%BE%D0%BC%D0%B5%D0%BD%D0%BA%D0%BB%D0%B0%D1%82%D1%83%D1%80%D0%B0/Parent,%20%D0%AF%D1%87%D0%B5%D0%B9%D0%BA%D0%B0%D0%A5%D1%80%D0%B0%D0%BD%D0%B5%D0%BD%D0%B8%D1%8F/%D0%A1%D0%BA%D0%BB%D0%B0%D0%B4,%20%D0%A1%D0%B5%D1%80%D0%B8%D1%8F%D0%9D%D0%BE%D0%BC%D0%B5%D0%BD%D0%BA%D0%BB%D0%B0%D1%82%D1%83%D1%80%D1%8B&$select=%D0%9D%D0%BE%D0%BC%D0%B5%D0%BD%D0%BA%D0%BB%D0%B0%D1%82%D1%83%D1%80%D0%B0/Code,%D0%9D%D0%BE%D0%BC%D0%B5%D0%BD%D0%BA%D0%BB%D0%B0%D1%82%D1%83%D1%80%D0%B0/Description,%D0%9D%D0%BE%D0%BC%D0%B5%D0%BD%D0%BA%D0%BB%D0%B0%D1%82%D1%83%D1%80%D0%B0/%D0%90%D1%80%D1%82%D0%B8%D0%BA%D1%83%D0%BB,%D0%9D%D0%BE%D0%BC%D0%B5%D0%BD%D0%BA%D0%BB%D0%B0%D1%82%D1%83%D1%80%D0%B0/Parent/Description,%D0%9A%D0%BE%D0%BB%D0%B8%D1%87%D0%B5%D1%81%D1%82%D0%B2%D0%BEBalance,%D0%A1%D0%B5%D1%80%D0%B8%D1%8F%D0%9D%D0%BE%D0%BC%D0%B5%D0%BD%D0%BA%D0%BB%D0%B0%D1%82%D1%83%D1%80%D1%8B/%D0%94%D0%B0%D1%82%D0%B0%D0%9F%D1%80%D0%BE%D0%B8%D0%B7%D0%B2%D0%BE%D0%B4%D1%81%D1%82%D0%B2%D0%B0,%D0%A1%D0%B5%D1%80%D0%B8%D1%8F%D0%9D%D0%BE%D0%BC%D0%B5%D0%BD%D0%BA%D0%BB%D0%B0%D1%82%D1%83%D1%80%D1%8B/%D0%93%D0%BE%D0%B4%D0%B5%D0%BD%D0%94%D0%BE,%D0%AF%D1%87%D0%B5%D0%B9%D0%BA%D0%B0%D0%A5%D1%80%D0%B0%D0%BD%D0%B5%D0%BD%D0%B8%D1%8F/%D0%A1%D0%BA%D0%BB%D0%B0%D0%B4/Description&$orderby=%D0%9D%D0%BE%D0%BC%D0%B5%D0%BD%D0%BA%D0%BB%D0%B0%D1%82%D1%83%D1%80%D0%B0/%D0%90%D1%80%D1%82%D0%B8%D0%BA%D1%83%D0%BB&$filter=%D0%9D%D0%BE%D0%BC%D0%B5%D0%BD%D0%BA%D0%BB%D0%B0%D1%82%D1%83%D1%80%D0%B0/Parent/Code%20eq%20'304903' HTTP/1.1" 200 215084
2025-02-26 10:19:54,317 django.request WARNING  Not Found: /favicon.ico
2025-02-26 10:41:57,158 django.request WARNING  Not Found: /favicon.ico
2025-02-26 10:44:33,372 django.request WARNING  Not Found: /favicon.ico
2025-02-26 10:44:34,656 django.request WARNING  Not Found: /favicon.ico
2025-02-26 16:32:01,376 django.request WARNING  Not Found: /favicon.ico
2025-02-26 16:33:13,466 urllib3.connectionpool DEBUG    Starting new HTTP connection (1): 172.172.185.67:80
2025-02-26 16:33:21,137 urllib3.connectionpool DEBUG    http://172.172.185.67:80 "POST /krd_itc_wms/ru_RU/hs/PutData HTTP/1.1" 200 371
2025-02-27 10:19:32,304 django.request WARNING  Not Found: /favicon.ico
2025-02-27 11:57:20,578 django.request WARNING  Not Found: /favicon.ico
2025-02-27 16:42:14,621 django.request WARNING  Not Found: /favicon.ico
2025-02-27 16:42:31,352 urllib3.connectionpool DEBUG    Starting new HTTP connection (1): 172.172.185.67:80
2025-02-27 16:42:39,954 urllib3.connectionpool DEBUG    http://172.172.185.67:80 "POST /krd_itc_wms/ru_RU/hs/PutData HTTP/1.1" 200 289
2025-02-27 17:47:49,634 django.request WARNING  Not Found: /favicon.ico
2025-02-28 10:40:30,756 django.request WARNING  Not Found: /favicon.ico
2025-02-28 10:40:52,267 urllib3.connectionpool DEBUG    Starting new HTTP connection (1): 172.172.185.67:80
2025-02-28 10:40:55,809 urllib3.connectionpool DEBUG    http://172.172.185.67:80 "GET /krd_itc_wms/odata/standard.odata//AccumulationRegister_%D0%9E%D1%81%D1%82%D0%B0%D1%82%D0%BA%D0%B8%D0%92%D0%9F%D0%BE%D0%BB%D0%BB%D0%B5%D1%82%D0%B0%D1%85/Balance?$format=json&$expand=%D0%9D%D0%BE%D0%BC%D0%B5%D0%BD%D0%BA%D0%BB%D0%B0%D1%82%D1%83%D1%80%D0%B0/Parent,%20%D0%AF%D1%87%D0%B5%D0%B9%D0%BA%D0%B0%D0%A5%D1%80%D0%B0%D0%BD%D0%B5%D0%BD%D0%B8%D1%8F/%D0%A1%D0%BA%D0%BB%D0%B0%D0%B4,%20%D0%A1%D0%B5%D1%80%D0%B8%D1%8F%D0%9D%D0%BE%D0%BC%D0%B5%D0%BD%D0%BA%D0%BB%D0%B0%D1%82%D1%83%D1%80%D1%8B&$select=%D0%9D%D0%BE%D0%BC%D0%B5%D0%BD%D0%BA%D0%BB%D0%B0%D1%82%D1%83%D1%80%D0%B0/Code,%D0%9D%D0%BE%D0%BC%D0%B5%D0%BD%D0%BA%D0%BB%D0%B0%D1%82%D1%83%D1%80%D0%B0/Description,%D0%9D%D0%BE%D0%BC%D0%B5%D0%BD%D0%BA%D0%BB%D0%B0%D1%82%D1%83%D1%80%D0%B0/%D0%90%D1%80%D1%82%D0%B8%D0%BA%D1%83%D0%BB,%D0%9D%D0%BE%D0%BC%D0%B5%D0%BD%D0%BA%D0%BB%D0%B0%D1%82%D1%83%D1%80%D0%B0/Parent/Description,%D0%9A%D0%BE%D0%BB%D0%B8%D1%87%D0%B5%D1%81%D1%82%D0%B2%D0%BEBalance,%D0%A1%D0%B5%D1%80%D0%B8%D1%8F%D0%9D%D0%BE%D0%BC%D0%B5%D0%BD%D0%BA%D0%BB%D0%B0%D1%82%D1%83%D1%80%D1%8B/%D0%94%D0%B0%D1%82%D0%B0%D0%9F%D1%80%D0%BE%D0%B8%D0%B7%D0%B2%D0%BE%D0%B4%D1%81%D1%82%D0%B2%D0%B0,%D0%A1%D0%B5%D1%80%D0%B8%D1%8F%D0%9D%D0%BE%D0%BC%D0%B5%D0%BD%D0%BA%D0%BB%D0%B0%D1%82%D1%83%D1%80%D1%8B/%D0%93%D0%BE%D0%B4%D0%B5%D0%BD%D0%94%D0%BE,%D0%AF%D1%87%D0%B5%D0%B9%D0%BA%D0%B0%D0%A5%D1%80%D0%B0%D0%BD%D0%B5%D0%BD%D0%B8%D1%8F/%D0%A1%D0%BA%D0%BB%D0%B0%D0%B4/Description&$orderby=%D0%9D%D0%BE%D0%BC%D0%B5%D0%BD%D0%BA%D0%BB%D0%B0%D1%82%D1%83%D1%80%D0%B0/%D0%90%D1%80%D1%82%D0%B8%D0%BA%D1%83%D0%BB&$filter=%D0%9D%D0%BE%D0%BC%D0%B5%D0%BD%D0%BA%D0%BB%D0%B0%D1%82%D1%83%D1%80%D0%B0/Parent/Code%20eq%20'304903' HTTP/1.1" 200 185847
2025-02-28 10:41:43,116 django.request WARNING  Not Found: /favicon.ico
2025-02-28 10:42:13,141 urllib3.connectionpool DEBUG    Starting new HTTP connection (1): 172.172.185.67:80
2025-02-28 10:42:16,683 urllib3.connectionpool DEBUG    http://172.172.185.67:80 "GET /krd_itc_wms/odata/standard.odata//AccumulationRegister_%D0%9E%D1%81%D1%82%D0%B0%D1%82%D0%BA%D0%B8%D0%92%D0%9F%D0%BE%D0%BB%D0%BB%D0%B5%D1%82%D0%B0%D1%85/Balance?$format=json&$expand=%D0%9D%D0%BE%D0%BC%D0%B5%D0%BD%D0%BA%D0%BB%D0%B0%D1%82%D1%83%D1%80%D0%B0/Parent,%20%D0%AF%D1%87%D0%B5%D0%B9%D0%BA%D0%B0%D0%A5%D1%80%D0%B0%D0%BD%D0%B5%D0%BD%D0%B8%D1%8F/%D0%A1%D0%BA%D0%BB%D0%B0%D0%B4,%20%D0%A1%D0%B5%D1%80%D0%B8%D1%8F%D0%9D%D0%BE%D0%BC%D0%B5%D0%BD%D0%BA%D0%BB%D0%B0%D1%82%D1%83%D1%80%D1%8B&$select=%D0%9D%D0%BE%D0%BC%D0%B5%D0%BD%D0%BA%D0%BB%D0%B0%D1%82%D1%83%D1%80%D0%B0/Code,%D0%9D%D0%BE%D0%BC%D0%B5%D0%BD%D0%BA%D0%BB%D0%B0%D1%82%D1%83%D1%80%D0%B0/Description,%D0%9D%D0%BE%D0%BC%D0%B5%D0%BD%D0%BA%D0%BB%D0%B0%D1%82%D1%83%D1%80%D0%B0/%D0%90%D1%80%D1%82%D0%B8%D0%BA%D1%83%D0%BB,%D0%9D%D0%BE%D0%BC%D0%B5%D0%BD%D0%BA%D0%BB%D0%B0%D1%82%D1%83%D1%80%D0%B0/Parent/Description,%D0%9A%D0%BE%D0%BB%D0%B8%D1%87%D0%B5%D1%81%D1%82%D0%B2%D0%BEBalance,%D0%A1%D0%B5%D1%80%D0%B8%D1%8F%D0%9D%D0%BE%D0%BC%D0%B5%D0%BD%D0%BA%D0%BB%D0%B0%D1%82%D1%83%D1%80%D1%8B/%D0%94%D0%B0%D1%82%D0%B0%D0%9F%D1%80%D0%BE%D0%B8%D0%B7%D0%B2%D0%BE%D0%B4%D1%81%D1%82%D0%B2%D0%B0,%D0%A1%D0%B5%D1%80%D0%B8%D1%8F%D0%9D%D0%BE%D0%BC%D0%B5%D0%BD%D0%BA%D0%BB%D0%B0%D1%82%D1%83%D1%80%D1%8B/%D0%93%D0%BE%D0%B4%D0%B5%D0%BD%D0%94%D0%BE,%D0%AF%D1%87%D0%B5%D0%B9%D0%BA%D0%B0%D0%A5%D1%80%D0%B0%D0%BD%D0%B5%D0%BD%D0%B8%D1%8F/%D0%A1%D0%BA%D0%BB%D0%B0%D0%B4/Description&$orderby=%D0%9D%D0%BE%D0%BC%D0%B5%D0%BD%D0%BA%D0%BB%D0%B0%D1%82%D1%83%D1%80%D0%B0/%D0%90%D1%80%D1%82%D0%B8%D0%BA%D1%83%D0%BB&$filter=%D0%9D%D0%BE%D0%BC%D0%B5%D0%BD%D0%BA%D0%BB%D0%B0%D1%82%D1%83%D1%80%D0%B0/Parent/Code%20eq%20'304903' HTTP/1.1" 200 185847
2025-02-28 12:29:49,657 django.request WARNING  Not Found: /favicon.ico
2025-02-28 14:09:36,351 django.request WARNING  Not Found: /favicon.ico
2025-02-28 16:45:52,341 urllib3.connectionpool DEBUG    Starting new HTTP connection (1): 172.172.185.67:80
2025-02-28 16:46:05,123 urllib3.connectionpool DEBUG    http://172.172.185.67:80 "POST /krd_itc_wms/ru_RU/hs/PutData HTTP/1.1" 200 316
2025-02-28 16:46:38,428 django.utils.autoreload INFO     C:\Users\rhashhanok\PycharmProjects\SLEX_02\base_app\contract_models\krd\agro.py changed, reloading.
2025-02-28 16:46:40,031 django.utils.autoreload INFO     Watching for file changes with StatReloader
2025-02-28 16:48:03,790 django.request ERROR    Internal Server Error: /krd/contracts/agrokompleks/build_route_list/load_file
Traceback (most recent call last):
  File "C:\Users\rhashhanok\PycharmProjects\SLEX_02\.venv\Lib\site-packages\django\core\handlers\exception.py", line 55, in inner
    response = get_response(request)
               ^^^^^^^^^^^^^^^^^^^^^
  File "C:\Users\rhashhanok\PycharmProjects\SLEX_02\.venv\Lib\site-packages\django\core\handlers\base.py", line 197, in _get_response
    response = wrapped_callback(request, *callback_args, **callback_kwargs)
               ^^^^^^^^^^^^^^^^^^^^^^^^^^^^^^^^^^^^^^^^^^^^^^^^^^^^^^^^^^^^
  File "C:\Users\rhashhanok\PycharmProjects\SLEX_02\base_app\views.py", line 150, in event_load_file
    if context['contract'].slug == 'agrokompleks':
       ~~~~~~~^^^^^^^^^^^^
KeyError: 'contract'
2025-02-28 16:48:16,977 urllib3.connectionpool DEBUG    Starting new HTTP connection (1): 172.172.185.67:80
2025-02-28 16:48:25,528 urllib3.connectionpool DEBUG    http://172.172.185.67:80 "POST /krd_itc_wms/ru_RU/hs/PutData HTTP/1.1" 200 154
2025-02-28 17:18:10,954 urllib3.connectionpool DEBUG    Starting new HTTP connection (1): 172.172.185.67:80
2025-02-28 17:18:29,133 urllib3.connectionpool DEBUG    http://172.172.185.67:80 "POST /krd_itc_wms/ru_RU/hs/PutData HTTP/1.1" 200 316
2025-02-28 17:37:07,151 django.utils.autoreload INFO     C:\Users\rhashhanok\PycharmProjects\SLEX_02\base_app\contract_models\krd\agro.py changed, reloading.
2025-02-28 17:37:08,670 django.utils.autoreload INFO     Watching for file changes with StatReloader
2025-02-28 17:37:18,181 urllib3.connectionpool DEBUG    Starting new HTTP connection (1): 172.172.185.67:80
2025-02-28 17:37:23,374 urllib3.connectionpool DEBUG    http://172.172.185.67:80 "POST /krd_itc_wms/ru_RU/hs/PutData HTTP/1.1" 200 158
2025-02-28 17:38:59,051 django.utils.autoreload INFO     C:\Users\rhashhanok\PycharmProjects\SLEX_02\base_app\contract_models\krd\agro.py changed, reloading.
2025-02-28 17:39:00,628 django.utils.autoreload INFO     Watching for file changes with StatReloader
2025-02-28 17:39:08,385 urllib3.connectionpool DEBUG    Starting new HTTP connection (1): 172.172.185.67:80
2025-02-28 17:39:18,390 urllib3.connectionpool DEBUG    http://172.172.185.67:80 "POST /krd_itc_wms/ru_RU/hs/PutData HTTP/1.1" 200 332
2025-02-28 17:40:11,088 django.utils.autoreload INFO     C:\Users\rhashhanok\PycharmProjects\SLEX_02\base_app\contract_models\krd\agro.py changed, reloading.
2025-02-28 17:40:12,719 django.utils.autoreload INFO     Watching for file changes with StatReloader
2025-03-03 09:27:55,757 urllib3.connectionpool DEBUG    Starting new HTTP connection (1): 172.172.185.67:80
2025-03-03 09:28:00,657 urllib3.connectionpool DEBUG    http://172.172.185.67:80 "GET /krd_itc_wms/odata/standard.odata//AccumulationRegister_%D0%9E%D1%81%D1%82%D0%B0%D1%82%D0%BA%D0%B8%D0%92%D0%9F%D0%BE%D0%BB%D0%BB%D0%B5%D1%82%D0%B0%D1%85/Balance?$format=json&$expand=%D0%9D%D0%BE%D0%BC%D0%B5%D0%BD%D0%BA%D0%BB%D0%B0%D1%82%D1%83%D1%80%D0%B0/Parent,%20%D0%AF%D1%87%D0%B5%D0%B9%D0%BA%D0%B0%D0%A5%D1%80%D0%B0%D0%BD%D0%B5%D0%BD%D0%B8%D1%8F/%D0%A1%D0%BA%D0%BB%D0%B0%D0%B4,%20%D0%A1%D0%B5%D1%80%D0%B8%D1%8F%D0%9D%D0%BE%D0%BC%D0%B5%D0%BD%D0%BA%D0%BB%D0%B0%D1%82%D1%83%D1%80%D1%8B&$select=%D0%9D%D0%BE%D0%BC%D0%B5%D0%BD%D0%BA%D0%BB%D0%B0%D1%82%D1%83%D1%80%D0%B0/Code,%D0%9D%D0%BE%D0%BC%D0%B5%D0%BD%D0%BA%D0%BB%D0%B0%D1%82%D1%83%D1%80%D0%B0/Description,%D0%9D%D0%BE%D0%BC%D0%B5%D0%BD%D0%BA%D0%BB%D0%B0%D1%82%D1%83%D1%80%D0%B0/%D0%90%D1%80%D1%82%D0%B8%D0%BA%D1%83%D0%BB,%D0%9D%D0%BE%D0%BC%D0%B5%D0%BD%D0%BA%D0%BB%D0%B0%D1%82%D1%83%D1%80%D0%B0/Parent/Description,%D0%9A%D0%BE%D0%BB%D0%B8%D1%87%D0%B5%D1%81%D1%82%D0%B2%D0%BEBalance,%D0%A1%D0%B5%D1%80%D0%B8%D1%8F%D0%9D%D0%BE%D0%BC%D0%B5%D0%BD%D0%BA%D0%BB%D0%B0%D1%82%D1%83%D1%80%D1%8B/%D0%94%D0%B0%D1%82%D0%B0%D0%9F%D1%80%D0%BE%D0%B8%D0%B7%D0%B2%D0%BE%D0%B4%D1%81%D1%82%D0%B2%D0%B0,%D0%A1%D0%B5%D1%80%D0%B8%D1%8F%D0%9D%D0%BE%D0%BC%D0%B5%D0%BD%D0%BA%D0%BB%D0%B0%D1%82%D1%83%D1%80%D1%8B/%D0%93%D0%BE%D0%B4%D0%B5%D0%BD%D0%94%D0%BE,%D0%AF%D1%87%D0%B5%D0%B9%D0%BA%D0%B0%D0%A5%D1%80%D0%B0%D0%BD%D0%B5%D0%BD%D0%B8%D1%8F/%D0%A1%D0%BA%D0%BB%D0%B0%D0%B4/Description&$orderby=%D0%9D%D0%BE%D0%BC%D0%B5%D0%BD%D0%BA%D0%BB%D0%B0%D1%82%D1%83%D1%80%D0%B0/%D0%90%D1%80%D1%82%D0%B8%D0%BA%D1%83%D0%BB&$filter=%D0%9D%D0%BE%D0%BC%D0%B5%D0%BD%D0%BA%D0%BB%D0%B0%D1%82%D1%83%D1%80%D0%B0/Parent/Code%20eq%20'289363' HTTP/1.1" 200 1879672
2025-03-03 09:28:22,738 urllib3.connectionpool DEBUG    Starting new HTTP connection (1): 172.172.185.67:80
2025-03-03 09:28:23,392 urllib3.connectionpool DEBUG    http://172.172.185.67:80 "GET /krd_itc_wms/odata/standard.odata//AccumulationRegister_%D0%9E%D1%81%D1%82%D0%B0%D1%82%D0%BA%D0%B8%D0%92%D0%9F%D0%BE%D0%BB%D0%BB%D0%B5%D1%82%D0%B0%D1%85/Balance?$format=json&$expand=%D0%9D%D0%BE%D0%BC%D0%B5%D0%BD%D0%BA%D0%BB%D0%B0%D1%82%D1%83%D1%80%D0%B0/Parent,%20%D0%AF%D1%87%D0%B5%D0%B9%D0%BA%D0%B0%D0%A5%D1%80%D0%B0%D0%BD%D0%B5%D0%BD%D0%B8%D1%8F/%D0%A1%D0%BA%D0%BB%D0%B0%D0%B4,%20%D0%A1%D0%B5%D1%80%D0%B8%D1%8F%D0%9D%D0%BE%D0%BC%D0%B5%D0%BD%D0%BA%D0%BB%D0%B0%D1%82%D1%83%D1%80%D1%8B&$select=%D0%9D%D0%BE%D0%BC%D0%B5%D0%BD%D0%BA%D0%BB%D0%B0%D1%82%D1%83%D1%80%D0%B0/Code,%D0%9D%D0%BE%D0%BC%D0%B5%D0%BD%D0%BA%D0%BB%D0%B0%D1%82%D1%83%D1%80%D0%B0/Description,%D0%9D%D0%BE%D0%BC%D0%B5%D0%BD%D0%BA%D0%BB%D0%B0%D1%82%D1%83%D1%80%D0%B0/%D0%90%D1%80%D1%82%D0%B8%D0%BA%D1%83%D0%BB,%D0%9D%D0%BE%D0%BC%D0%B5%D0%BD%D0%BA%D0%BB%D0%B0%D1%82%D1%83%D1%80%D0%B0/Parent/Description,%D0%9A%D0%BE%D0%BB%D0%B8%D1%87%D0%B5%D1%81%D1%82%D0%B2%D0%BEBalance,%D0%A1%D0%B5%D1%80%D0%B8%D1%8F%D0%9D%D0%BE%D0%BC%D0%B5%D0%BD%D0%BA%D0%BB%D0%B0%D1%82%D1%83%D1%80%D1%8B/%D0%94%D0%B0%D1%82%D0%B0%D0%9F%D1%80%D0%BE%D0%B8%D0%B7%D0%B2%D0%BE%D0%B4%D1%81%D1%82%D0%B2%D0%B0,%D0%A1%D0%B5%D1%80%D0%B8%D1%8F%D0%9D%D0%BE%D0%BC%D0%B5%D0%BD%D0%BA%D0%BB%D0%B0%D1%82%D1%83%D1%80%D1%8B/%D0%93%D0%BE%D0%B4%D0%B5%D0%BD%D0%94%D0%BE,%D0%AF%D1%87%D0%B5%D0%B9%D0%BA%D0%B0%D0%A5%D1%80%D0%B0%D0%BD%D0%B5%D0%BD%D0%B8%D1%8F/%D0%A1%D0%BA%D0%BB%D0%B0%D0%B4/Description&$orderby=%D0%9D%D0%BE%D0%BC%D0%B5%D0%BD%D0%BA%D0%BB%D0%B0%D1%82%D1%83%D1%80%D0%B0/%D0%90%D1%80%D1%82%D0%B8%D0%BA%D1%83%D0%BB&$filter=%D0%9D%D0%BE%D0%BC%D0%B5%D0%BD%D0%BA%D0%BB%D0%B0%D1%82%D1%83%D1%80%D0%B0/Parent/Code%20eq%20'304903' HTTP/1.1" 200 182811
2025-03-03 09:57:46,381 django.request WARNING  Not Found: /favicon.ico
2025-03-03 10:09:39,905 urllib3.connectionpool DEBUG    Starting new HTTP connection (1): 172.172.185.67:80
2025-03-03 10:09:43,277 urllib3.connectionpool DEBUG    http://172.172.185.67:80 "GET /itc_wms/odata/standard.odata//AccumulationRegister_%D0%9E%D1%81%D1%82%D0%B0%D1%82%D0%BA%D0%B8%D0%92%D0%9F%D0%BE%D0%BB%D0%BB%D0%B5%D1%82%D0%B0%D1%85/Balance?$format=json&$expand=%D0%9D%D0%BE%D0%BC%D0%B5%D0%BD%D0%BA%D0%BB%D0%B0%D1%82%D1%83%D1%80%D0%B0/Parent,%20%D0%AF%D1%87%D0%B5%D0%B9%D0%BA%D0%B0%D0%A5%D1%80%D0%B0%D0%BD%D0%B5%D0%BD%D0%B8%D1%8F/%D0%A1%D0%BA%D0%BB%D0%B0%D0%B4,%20%D0%A1%D0%B5%D1%80%D0%B8%D1%8F%D0%9D%D0%BE%D0%BC%D0%B5%D0%BD%D0%BA%D0%BB%D0%B0%D1%82%D1%83%D1%80%D1%8B&$select=%D0%9D%D0%BE%D0%BC%D0%B5%D0%BD%D0%BA%D0%BB%D0%B0%D1%82%D1%83%D1%80%D0%B0/Code,%D0%9D%D0%BE%D0%BC%D0%B5%D0%BD%D0%BA%D0%BB%D0%B0%D1%82%D1%83%D1%80%D0%B0/Description,%D0%9D%D0%BE%D0%BC%D0%B5%D0%BD%D0%BA%D0%BB%D0%B0%D1%82%D1%83%D1%80%D0%B0/%D0%90%D1%80%D1%82%D0%B8%D0%BA%D1%83%D0%BB,%D0%9D%D0%BE%D0%BC%D0%B5%D0%BD%D0%BA%D0%BB%D0%B0%D1%82%D1%83%D1%80%D0%B0/Parent/Description,%D0%9A%D0%BE%D0%BB%D0%B8%D1%87%D0%B5%D1%81%D1%82%D0%B2%D0%BEBalance,%D0%A1%D0%B5%D1%80%D0%B8%D1%8F%D0%9D%D0%BE%D0%BC%D0%B5%D0%BD%D0%BA%D0%BB%D0%B0%D1%82%D1%83%D1%80%D1%8B/%D0%94%D0%B0%D1%82%D0%B0%D0%9F%D1%80%D0%BE%D0%B8%D0%B7%D0%B2%D0%BE%D0%B4%D1%81%D1%82%D0%B2%D0%B0,%D0%A1%D0%B5%D1%80%D0%B8%D1%8F%D0%9D%D0%BE%D0%BC%D0%B5%D0%BD%D0%BA%D0%BB%D0%B0%D1%82%D1%83%D1%80%D1%8B/%D0%93%D0%BE%D0%B4%D0%B5%D0%BD%D0%94%D0%BE,%D0%AF%D1%87%D0%B5%D0%B9%D0%BA%D0%B0%D0%A5%D1%80%D0%B0%D0%BD%D0%B5%D0%BD%D0%B8%D1%8F/%D0%A1%D0%BA%D0%BB%D0%B0%D0%B4/Description&$orderby=%D0%9D%D0%BE%D0%BC%D0%B5%D0%BD%D0%BA%D0%BB%D0%B0%D1%82%D1%83%D1%80%D0%B0/%D0%90%D1%80%D1%82%D0%B8%D0%BA%D1%83%D0%BB&$filter=%D0%9D%D0%BE%D0%BC%D0%B5%D0%BD%D0%BA%D0%BB%D0%B0%D1%82%D1%83%D1%80%D0%B0/Parent/Code%20eq%20'304903' HTTP/1.1" 200 112286
2025-03-03 10:13:48,376 urllib3.connectionpool DEBUG    Starting new HTTP connection (1): 172.172.185.67:80
2025-03-03 10:13:48,716 urllib3.connectionpool DEBUG    http://172.172.185.67:80 "GET /itc_wms/odata/standard.odata//AccumulationRegister_%D0%9E%D1%81%D1%82%D0%B0%D1%82%D0%BA%D0%B8%D0%92%D0%9F%D0%BE%D0%BB%D0%BB%D0%B5%D1%82%D0%B0%D1%85/Balance?$format=json&$expand=%D0%9D%D0%BE%D0%BC%D0%B5%D0%BD%D0%BA%D0%BB%D0%B0%D1%82%D1%83%D1%80%D0%B0/Parent,%20%D0%AF%D1%87%D0%B5%D0%B9%D0%BA%D0%B0%D0%A5%D1%80%D0%B0%D0%BD%D0%B5%D0%BD%D0%B8%D1%8F/%D0%A1%D0%BA%D0%BB%D0%B0%D0%B4,%20%D0%A1%D0%B5%D1%80%D0%B8%D1%8F%D0%9D%D0%BE%D0%BC%D0%B5%D0%BD%D0%BA%D0%BB%D0%B0%D1%82%D1%83%D1%80%D1%8B&$select=%D0%9D%D0%BE%D0%BC%D0%B5%D0%BD%D0%BA%D0%BB%D0%B0%D1%82%D1%83%D1%80%D0%B0/Code,%D0%9D%D0%BE%D0%BC%D0%B5%D0%BD%D0%BA%D0%BB%D0%B0%D1%82%D1%83%D1%80%D0%B0/Description,%D0%9D%D0%BE%D0%BC%D0%B5%D0%BD%D0%BA%D0%BB%D0%B0%D1%82%D1%83%D1%80%D0%B0/%D0%90%D1%80%D1%82%D0%B8%D0%BA%D1%83%D0%BB,%D0%9D%D0%BE%D0%BC%D0%B5%D0%BD%D0%BA%D0%BB%D0%B0%D1%82%D1%83%D1%80%D0%B0/Parent/Description,%D0%9A%D0%BE%D0%BB%D0%B8%D1%87%D0%B5%D1%81%D1%82%D0%B2%D0%BEBalance,%D0%A1%D0%B5%D1%80%D0%B8%D1%8F%D0%9D%D0%BE%D0%BC%D0%B5%D0%BD%D0%BA%D0%BB%D0%B0%D1%82%D1%83%D1%80%D1%8B/%D0%94%D0%B0%D1%82%D0%B0%D0%9F%D1%80%D0%BE%D0%B8%D0%B7%D0%B2%D0%BE%D0%B4%D1%81%D1%82%D0%B2%D0%B0,%D0%A1%D0%B5%D1%80%D0%B8%D1%8F%D0%9D%D0%BE%D0%BC%D0%B5%D0%BD%D0%BA%D0%BB%D0%B0%D1%82%D1%83%D1%80%D1%8B/%D0%93%D0%BE%D0%B4%D0%B5%D0%BD%D0%94%D0%BE,%D0%AF%D1%87%D0%B5%D0%B9%D0%BA%D0%B0%D0%A5%D1%80%D0%B0%D0%BD%D0%B5%D0%BD%D0%B8%D1%8F/%D0%A1%D0%BA%D0%BB%D0%B0%D0%B4/Description&$orderby=%D0%9D%D0%BE%D0%BC%D0%B5%D0%BD%D0%BA%D0%BB%D0%B0%D1%82%D1%83%D1%80%D0%B0/%D0%90%D1%80%D1%82%D0%B8%D0%BA%D1%83%D0%BB&$filter=%D0%9D%D0%BE%D0%BC%D0%B5%D0%BD%D0%BA%D0%BB%D0%B0%D1%82%D1%83%D1%80%D0%B0/Parent/Code%20eq%20'304903' HTTP/1.1" 200 112286
2025-03-03 12:16:23,738 django.request WARNING  Not Found: /favicon.ico
2025-03-03 16:33:35,716 django.request WARNING  Not Found: /favicon.ico
2025-03-03 17:57:36,700 urllib3.connectionpool DEBUG    Starting new HTTP connection (1): 172.172.185.67:80
2025-03-03 17:57:42,737 urllib3.connectionpool DEBUG    http://172.172.185.67:80 "POST /krd_itc_wms/ru_RU/hs/PutData HTTP/1.1" 200 343
2025-03-03 17:58:47,613 urllib3.connectionpool DEBUG    Starting new HTTP connection (1): 172.172.185.67:80
2025-03-03 17:58:50,036 urllib3.connectionpool DEBUG    http://172.172.185.67:80 "POST /krd_itc_wms/ru_RU/hs/PutData HTTP/1.1" 200 343
2025-03-03 18:05:28,522 urllib3.connectionpool DEBUG    Starting new HTTP connection (1): 172.172.185.67:80
2025-03-03 18:05:38,186 urllib3.connectionpool DEBUG    http://172.172.185.67:80 "POST /krd_itc_wms/ru_RU/hs/PutData HTTP/1.1" 200 343
2025-03-03 18:22:11,551 django.request WARNING  Not Found: /favicon.ico
2025-03-03 19:22:43,121 django.request WARNING  Not Found: /favicon.ico
2025-03-04 09:23:13,041 django.request WARNING  Not Found: /favicon.ico
2025-03-04 17:06:32,978 urllib3.connectionpool DEBUG    Starting new HTTP connection (1): 172.172.185.67:80
2025-03-04 17:06:37,931 urllib3.connectionpool DEBUG    http://172.172.185.67:80 "POST /krd_itc_wms/ru_RU/hs/PutData HTTP/1.1" 200 262
2025-03-05 09:26:44,144 django.request WARNING  Not Found: /favicon.ico
2025-03-05 09:39:10,644 django.request WARNING  Not Found: /favicon.ico
2025-03-05 14:30:19,579 django.request WARNING  Not Found: /favicon.ico
2025-03-05 15:42:37,480 urllib3.connectionpool DEBUG    Starting new HTTP connection (1): 172.172.185.67:80
2025-03-05 15:42:40,869 urllib3.connectionpool DEBUG    http://172.172.185.67:80 "GET /vlg_itc_wms/odata/standard.odata//AccumulationRegister_%D0%9E%D1%81%D1%82%D0%B0%D1%82%D0%BA%D0%B8%D0%92%D0%9F%D0%BE%D0%BB%D0%BB%D0%B5%D1%82%D0%B0%D1%85/Balance?$format=json&$expand=%D0%9D%D0%BE%D0%BC%D0%B5%D0%BD%D0%BA%D0%BB%D0%B0%D1%82%D1%83%D1%80%D0%B0/Parent,%20%D0%AF%D1%87%D0%B5%D0%B9%D0%BA%D0%B0%D0%A5%D1%80%D0%B0%D0%BD%D0%B5%D0%BD%D0%B8%D1%8F/%D0%A1%D0%BA%D0%BB%D0%B0%D0%B4,%20%D0%A1%D0%B5%D1%80%D0%B8%D1%8F%D0%9D%D0%BE%D0%BC%D0%B5%D0%BD%D0%BA%D0%BB%D0%B0%D1%82%D1%83%D1%80%D1%8B&$select=%D0%9D%D0%BE%D0%BC%D0%B5%D0%BD%D0%BA%D0%BB%D0%B0%D1%82%D1%83%D1%80%D0%B0/Code,%D0%9D%D0%BE%D0%BC%D0%B5%D0%BD%D0%BA%D0%BB%D0%B0%D1%82%D1%83%D1%80%D0%B0/Description,%D0%9D%D0%BE%D0%BC%D0%B5%D0%BD%D0%BA%D0%BB%D0%B0%D1%82%D1%83%D1%80%D0%B0/%D0%90%D1%80%D1%82%D0%B8%D0%BA%D1%83%D0%BB,%D0%9D%D0%BE%D0%BC%D0%B5%D0%BD%D0%BA%D0%BB%D0%B0%D1%82%D1%83%D1%80%D0%B0/Parent/Description,%D0%9A%D0%BE%D0%BB%D0%B8%D1%87%D0%B5%D1%81%D1%82%D0%B2%D0%BEBalance,%D0%A1%D0%B5%D1%80%D0%B8%D1%8F%D0%9D%D0%BE%D0%BC%D0%B5%D0%BD%D0%BA%D0%BB%D0%B0%D1%82%D1%83%D1%80%D1%8B/%D0%94%D0%B0%D1%82%D0%B0%D0%9F%D1%80%D0%BE%D0%B8%D0%B7%D0%B2%D0%BE%D0%B4%D1%81%D1%82%D0%B2%D0%B0,%D0%A1%D0%B5%D1%80%D0%B8%D1%8F%D0%9D%D0%BE%D0%BC%D0%B5%D0%BD%D0%BA%D0%BB%D0%B0%D1%82%D1%83%D1%80%D1%8B/%D0%93%D0%BE%D0%B4%D0%B5%D0%BD%D0%94%D0%BE,%D0%AF%D1%87%D0%B5%D0%B9%D0%BA%D0%B0%D0%A5%D1%80%D0%B0%D0%BD%D0%B5%D0%BD%D0%B8%D1%8F/%D0%A1%D0%BA%D0%BB%D0%B0%D0%B4/Description&$orderby=%D0%9D%D0%BE%D0%BC%D0%B5%D0%BD%D0%BA%D0%BB%D0%B0%D1%82%D1%83%D1%80%D0%B0/%D0%90%D1%80%D1%82%D0%B8%D0%BA%D1%83%D0%BB&$filter=%D0%9D%D0%BE%D0%BC%D0%B5%D0%BD%D0%BA%D0%BB%D0%B0%D1%82%D1%83%D1%80%D0%B0/Parent/Code%20eq%20'383565' HTTP/1.1" 200 21891
2025-03-05 15:43:03,388 django.request ERROR    Internal Server Error: /krd/contracts/zelandiya_krd/comparison-stock
Traceback (most recent call last):
  File "C:\Users\rhashhanok\PycharmProjects\SLEX_02\.venv\Lib\site-packages\django\core\handlers\exception.py", line 55, in inner
    response = get_response(request)
               ^^^^^^^^^^^^^^^^^^^^^
  File "C:\Users\rhashhanok\PycharmProjects\SLEX_02\.venv\Lib\site-packages\django\core\handlers\base.py", line 197, in _get_response
    response = wrapped_callback(request, *callback_args, **callback_kwargs)
               ^^^^^^^^^^^^^^^^^^^^^^^^^^^^^^^^^^^^^^^^^^^^^^^^^^^^^^^^^^^^
  File "C:\Users\rhashhanok\PycharmProjects\SLEX_02\base_app\views.py", line 98, in show_choice_operation
    return render(request, f'base_app/operations.html', context=context)
           ^^^^^^^^^^^^^^^^^^^^^^^^^^^^^^^^^^^^^^^^^^^^^^^^^^^^^^^^^^^^^
  File "C:\Users\rhashhanok\PycharmProjects\SLEX_02\.venv\Lib\site-packages\django\shortcuts.py", line 25, in render
    content = loader.render_to_string(template_name, context, request, using=using)
              ^^^^^^^^^^^^^^^^^^^^^^^^^^^^^^^^^^^^^^^^^^^^^^^^^^^^^^^^^^^^^^^^^^^^^
  File "C:\Users\rhashhanok\PycharmProjects\SLEX_02\.venv\Lib\site-packages\django\template\loader.py", line 62, in render_to_string
    return template.render(context, request)
           ^^^^^^^^^^^^^^^^^^^^^^^^^^^^^^^^^
  File "C:\Users\rhashhanok\PycharmProjects\SLEX_02\.venv\Lib\site-packages\django\template\backends\django.py", line 61, in render
    return self.template.render(context)
           ^^^^^^^^^^^^^^^^^^^^^^^^^^^^^
  File "C:\Users\rhashhanok\PycharmProjects\SLEX_02\.venv\Lib\site-packages\django\template\base.py", line 171, in render
    return self._render(context)
           ^^^^^^^^^^^^^^^^^^^^^
  File "C:\Users\rhashhanok\PycharmProjects\SLEX_02\.venv\Lib\site-packages\django\template\base.py", line 163, in _render
    return self.nodelist.render(context)
           ^^^^^^^^^^^^^^^^^^^^^^^^^^^^^
  File "C:\Users\rhashhanok\PycharmProjects\SLEX_02\.venv\Lib\site-packages\django\template\base.py", line 1000, in render
    return SafeString("".join([node.render_annotated(context) for node in self]))
                               ^^^^^^^^^^^^^^^^^^^^^^^^^^^^^^
  File "C:\Users\rhashhanok\PycharmProjects\SLEX_02\.venv\Lib\site-packages\django\template\base.py", line 961, in render_annotated
    return self.render(context)
           ^^^^^^^^^^^^^^^^^^^^
  File "C:\Users\rhashhanok\PycharmProjects\SLEX_02\.venv\Lib\site-packages\django\template\loader_tags.py", line 159, in render
    return compiled_parent._render(context)
           ^^^^^^^^^^^^^^^^^^^^^^^^^^^^^^^^
  File "C:\Users\rhashhanok\PycharmProjects\SLEX_02\.venv\Lib\site-packages\django\template\base.py", line 163, in _render
    return self.nodelist.render(context)
           ^^^^^^^^^^^^^^^^^^^^^^^^^^^^^
  File "C:\Users\rhashhanok\PycharmProjects\SLEX_02\.venv\Lib\site-packages\django\template\base.py", line 1000, in render
    return SafeString("".join([node.render_annotated(context) for node in self]))
                               ^^^^^^^^^^^^^^^^^^^^^^^^^^^^^^
  File "C:\Users\rhashhanok\PycharmProjects\SLEX_02\.venv\Lib\site-packages\django\template\base.py", line 961, in render_annotated
    return self.render(context)
           ^^^^^^^^^^^^^^^^^^^^
  File "C:\Users\rhashhanok\PycharmProjects\SLEX_02\.venv\Lib\site-packages\django\template\loader_tags.py", line 65, in render
    result = block.nodelist.render(context)
             ^^^^^^^^^^^^^^^^^^^^^^^^^^^^^^
  File "C:\Users\rhashhanok\PycharmProjects\SLEX_02\.venv\Lib\site-packages\django\template\base.py", line 1000, in render
    return SafeString("".join([node.render_annotated(context) for node in self]))
                               ^^^^^^^^^^^^^^^^^^^^^^^^^^^^^^
  File "C:\Users\rhashhanok\PycharmProjects\SLEX_02\.venv\Lib\site-packages\django\template\base.py", line 961, in render_annotated
    return self.render(context)
           ^^^^^^^^^^^^^^^^^^^^
  File "C:\Users\rhashhanok\PycharmProjects\SLEX_02\.venv\Lib\site-packages\django\template\defaulttags.py", line 326, in render
    return nodelist.render(context)
           ^^^^^^^^^^^^^^^^^^^^^^^^
  File "C:\Users\rhashhanok\PycharmProjects\SLEX_02\.venv\Lib\site-packages\django\template\base.py", line 1000, in render
    return SafeString("".join([node.render_annotated(context) for node in self]))
                               ^^^^^^^^^^^^^^^^^^^^^^^^^^^^^^
  File "C:\Users\rhashhanok\PycharmProjects\SLEX_02\.venv\Lib\site-packages\django\template\base.py", line 961, in render_annotated
    return self.render(context)
           ^^^^^^^^^^^^^^^^^^^^
  File "C:\Users\rhashhanok\PycharmProjects\SLEX_02\.venv\Lib\site-packages\django\template\defaulttags.py", line 326, in render
    return nodelist.render(context)
           ^^^^^^^^^^^^^^^^^^^^^^^^
  File "C:\Users\rhashhanok\PycharmProjects\SLEX_02\.venv\Lib\site-packages\django\template\base.py", line 1000, in render
    return SafeString("".join([node.render_annotated(context) for node in self]))
                               ^^^^^^^^^^^^^^^^^^^^^^^^^^^^^^
  File "C:\Users\rhashhanok\PycharmProjects\SLEX_02\.venv\Lib\site-packages\django\template\base.py", line 961, in render_annotated
    return self.render(context)
           ^^^^^^^^^^^^^^^^^^^^
  File "C:\Users\rhashhanok\PycharmProjects\SLEX_02\.venv\Lib\site-packages\django\template\defaulttags.py", line 479, in render
    url = reverse(view_name, args=args, kwargs=kwargs, current_app=current_app)
          ^^^^^^^^^^^^^^^^^^^^^^^^^^^^^^^^^^^^^^^^^^^^^^^^^^^^^^^^^^^^^^^^^^^^^
  File "C:\Users\rhashhanok\PycharmProjects\SLEX_02\.venv\Lib\site-packages\django\urls\base.py", line 88, in reverse
    return resolver._reverse_with_prefix(view, prefix, *args, **kwargs)
           ^^^^^^^^^^^^^^^^^^^^^^^^^^^^^^^^^^^^^^^^^^^^^^^^^^^^^^^^^^^^
  File "C:\Users\rhashhanok\PycharmProjects\SLEX_02\.venv\Lib\site-packages\django\urls\resolvers.py", line 851, in _reverse_with_prefix
    raise NoReverseMatch(msg)
django.urls.exceptions.NoReverseMatch: Reverse for 'event_load_stock' with keyword arguments '{'_filial_slug': 'vlg', '_contract_slug': '', '_operation_slug': 'comparison-stock'}' not found. 1 pattern(s) tried: ['(?P<_filial_slug>[-a-zA-Z0-9_]+)/contracts/(?P<_contract_slug>[-a-zA-Z0-9_]+)/(?P<_operation_slug>[-a-zA-Z0-9_]+)/load_stocks\\Z']
2025-03-05 15:43:16,990 django.request ERROR    Internal Server Error: /krd/contracts/zelandiya_krd
Traceback (most recent call last):
  File "C:\Users\rhashhanok\PycharmProjects\SLEX_02\.venv\Lib\site-packages\django\core\handlers\exception.py", line 55, in inner
    response = get_response(request)
               ^^^^^^^^^^^^^^^^^^^^^
  File "C:\Users\rhashhanok\PycharmProjects\SLEX_02\.venv\Lib\site-packages\django\core\handlers\base.py", line 197, in _get_response
    response = wrapped_callback(request, *callback_args, **callback_kwargs)
               ^^^^^^^^^^^^^^^^^^^^^^^^^^^^^^^^^^^^^^^^^^^^^^^^^^^^^^^^^^^^
  File "C:\Users\rhashhanok\PycharmProjects\SLEX_02\base_app\views.py", line 90, in show_operations
    context['contract'] = Contracts.objects.get(filial__slug=context['filial'].slug, slug=kwargs['_contract_slug'])
                          ^^^^^^^^^^^^^^^^^^^^^^^^^^^^^^^^^^^^^^^^^^^^^^^^^^^^^^^^^^^^^^^^^^^^^^^^^^^^^^^^^^^^^^^^^
  File "C:\Users\rhashhanok\PycharmProjects\SLEX_02\.venv\Lib\site-packages\django\db\models\manager.py", line 87, in manager_method
    return getattr(self.get_queryset(), name)(*args, **kwargs)
           ^^^^^^^^^^^^^^^^^^^^^^^^^^^^^^^^^^^^^^^^^^^^^^^^^^^
  File "C:\Users\rhashhanok\PycharmProjects\SLEX_02\.venv\Lib\site-packages\django\db\models\query.py", line 649, in get
    raise self.model.DoesNotExist(
base_app.models.Contracts.DoesNotExist: Contracts matching query does not exist.
2025-03-05 15:45:10,602 urllib3.connectionpool DEBUG    Starting new HTTP connection (1): 172.172.185.67:80
2025-03-05 15:45:15,009 urllib3.connectionpool DEBUG    http://172.172.185.67:80 "GET /krd_itc_wms/odata/standard.odata//AccumulationRegister_%D0%9E%D1%81%D1%82%D0%B0%D1%82%D0%BA%D0%B8%D0%92%D0%9F%D0%BE%D0%BB%D0%BB%D0%B5%D1%82%D0%B0%D1%85/Balance?$format=json&$expand=%D0%9D%D0%BE%D0%BC%D0%B5%D0%BD%D0%BA%D0%BB%D0%B0%D1%82%D1%83%D1%80%D0%B0/Parent,%20%D0%AF%D1%87%D0%B5%D0%B9%D0%BA%D0%B0%D0%A5%D1%80%D0%B0%D0%BD%D0%B5%D0%BD%D0%B8%D1%8F/%D0%A1%D0%BA%D0%BB%D0%B0%D0%B4,%20%D0%A1%D0%B5%D1%80%D0%B8%D1%8F%D0%9D%D0%BE%D0%BC%D0%B5%D0%BD%D0%BA%D0%BB%D0%B0%D1%82%D1%83%D1%80%D1%8B&$select=%D0%9D%D0%BE%D0%BC%D0%B5%D0%BD%D0%BA%D0%BB%D0%B0%D1%82%D1%83%D1%80%D0%B0/Code,%D0%9D%D0%BE%D0%BC%D0%B5%D0%BD%D0%BA%D0%BB%D0%B0%D1%82%D1%83%D1%80%D0%B0/Description,%D0%9D%D0%BE%D0%BC%D0%B5%D0%BD%D0%BA%D0%BB%D0%B0%D1%82%D1%83%D1%80%D0%B0/%D0%90%D1%80%D1%82%D0%B8%D0%BA%D1%83%D0%BB,%D0%9D%D0%BE%D0%BC%D0%B5%D0%BD%D0%BA%D0%BB%D0%B0%D1%82%D1%83%D1%80%D0%B0/Parent/Description,%D0%9A%D0%BE%D0%BB%D0%B8%D1%87%D0%B5%D1%81%D1%82%D0%B2%D0%BEBalance,%D0%A1%D0%B5%D1%80%D0%B8%D1%8F%D0%9D%D0%BE%D0%BC%D0%B5%D0%BD%D0%BA%D0%BB%D0%B0%D1%82%D1%83%D1%80%D1%8B/%D0%94%D0%B0%D1%82%D0%B0%D0%9F%D1%80%D0%BE%D0%B8%D0%B7%D0%B2%D0%BE%D0%B4%D1%81%D1%82%D0%B2%D0%B0,%D0%A1%D0%B5%D1%80%D0%B8%D1%8F%D0%9D%D0%BE%D0%BC%D0%B5%D0%BD%D0%BA%D0%BB%D0%B0%D1%82%D1%83%D1%80%D1%8B/%D0%93%D0%BE%D0%B4%D0%B5%D0%BD%D0%94%D0%BE,%D0%AF%D1%87%D0%B5%D0%B9%D0%BA%D0%B0%D0%A5%D1%80%D0%B0%D0%BD%D0%B5%D0%BD%D0%B8%D1%8F/%D0%A1%D0%BA%D0%BB%D0%B0%D0%B4/Description&$orderby=%D0%9D%D0%BE%D0%BC%D0%B5%D0%BD%D0%BA%D0%BB%D0%B0%D1%82%D1%83%D1%80%D0%B0/%D0%90%D1%80%D1%82%D0%B8%D0%BA%D1%83%D0%BB&$filter=%D0%9D%D0%BE%D0%BC%D0%B5%D0%BD%D0%BA%D0%BB%D0%B0%D1%82%D1%83%D1%80%D0%B0/Parent/Code%20eq%20'304903' HTTP/1.1" 200 195145
2025-03-05 15:59:31,052 urllib3.connectionpool DEBUG    Starting new HTTP connection (1): 172.172.185.67:80
2025-03-05 15:59:34,630 urllib3.connectionpool DEBUG    http://172.172.185.67:80 "GET /krd_itc_wms/odata/standard.odata//AccumulationRegister_%D0%9E%D1%81%D1%82%D0%B0%D1%82%D0%BA%D0%B8%D0%92%D0%9F%D0%BE%D0%BB%D0%BB%D0%B5%D1%82%D0%B0%D1%85/Balance?$format=json&$expand=%D0%9D%D0%BE%D0%BC%D0%B5%D0%BD%D0%BA%D0%BB%D0%B0%D1%82%D1%83%D1%80%D0%B0/Parent,%20%D0%AF%D1%87%D0%B5%D0%B9%D0%BA%D0%B0%D0%A5%D1%80%D0%B0%D0%BD%D0%B5%D0%BD%D0%B8%D1%8F/%D0%A1%D0%BA%D0%BB%D0%B0%D0%B4,%20%D0%A1%D0%B5%D1%80%D0%B8%D1%8F%D0%9D%D0%BE%D0%BC%D0%B5%D0%BD%D0%BA%D0%BB%D0%B0%D1%82%D1%83%D1%80%D1%8B&$select=%D0%9D%D0%BE%D0%BC%D0%B5%D0%BD%D0%BA%D0%BB%D0%B0%D1%82%D1%83%D1%80%D0%B0/Code,%D0%9D%D0%BE%D0%BC%D0%B5%D0%BD%D0%BA%D0%BB%D0%B0%D1%82%D1%83%D1%80%D0%B0/Description,%D0%9D%D0%BE%D0%BC%D0%B5%D0%BD%D0%BA%D0%BB%D0%B0%D1%82%D1%83%D1%80%D0%B0/%D0%90%D1%80%D1%82%D0%B8%D0%BA%D1%83%D0%BB,%D0%9D%D0%BE%D0%BC%D0%B5%D0%BD%D0%BA%D0%BB%D0%B0%D1%82%D1%83%D1%80%D0%B0/Parent/Description,%D0%9A%D0%BE%D0%BB%D0%B8%D1%87%D0%B5%D1%81%D1%82%D0%B2%D0%BEBalance,%D0%A1%D0%B5%D1%80%D0%B8%D1%8F%D0%9D%D0%BE%D0%BC%D0%B5%D0%BD%D0%BA%D0%BB%D0%B0%D1%82%D1%83%D1%80%D1%8B/%D0%94%D0%B0%D1%82%D0%B0%D0%9F%D1%80%D0%BE%D0%B8%D0%B7%D0%B2%D0%BE%D0%B4%D1%81%D1%82%D0%B2%D0%B0,%D0%A1%D0%B5%D1%80%D0%B8%D1%8F%D0%9D%D0%BE%D0%BC%D0%B5%D0%BD%D0%BA%D0%BB%D0%B0%D1%82%D1%83%D1%80%D1%8B/%D0%93%D0%BE%D0%B4%D0%B5%D0%BD%D0%94%D0%BE,%D0%AF%D1%87%D0%B5%D0%B9%D0%BA%D0%B0%D0%A5%D1%80%D0%B0%D0%BD%D0%B5%D0%BD%D0%B8%D1%8F/%D0%A1%D0%BA%D0%BB%D0%B0%D0%B4/Description&$orderby=%D0%9D%D0%BE%D0%BC%D0%B5%D0%BD%D0%BA%D0%BB%D0%B0%D1%82%D1%83%D1%80%D0%B0/%D0%90%D1%80%D1%82%D0%B8%D0%BA%D1%83%D0%BB&$filter=%D0%9D%D0%BE%D0%BC%D0%B5%D0%BD%D0%BA%D0%BB%D0%B0%D1%82%D1%83%D1%80%D0%B0/Parent/Code%20eq%20'391226' HTTP/1.1" 200 275687
2025-03-05 15:59:59,471 urllib3.connectionpool DEBUG    Starting new HTTP connection (1): 172.172.185.67:80
2025-03-05 16:00:02,989 urllib3.connectionpool DEBUG    http://172.172.185.67:80 "GET /krd_itc_wms/odata/standard.odata//AccumulationRegister_%D0%9E%D1%81%D1%82%D0%B0%D1%82%D0%BA%D0%B8%D0%92%D0%9F%D0%BE%D0%BB%D0%BB%D0%B5%D1%82%D0%B0%D1%85/Balance?$format=json&$expand=%D0%9D%D0%BE%D0%BC%D0%B5%D0%BD%D0%BA%D0%BB%D0%B0%D1%82%D1%83%D1%80%D0%B0/Parent,%20%D0%AF%D1%87%D0%B5%D0%B9%D0%BA%D0%B0%D0%A5%D1%80%D0%B0%D0%BD%D0%B5%D0%BD%D0%B8%D1%8F/%D0%A1%D0%BA%D0%BB%D0%B0%D0%B4,%20%D0%A1%D0%B5%D1%80%D0%B8%D1%8F%D0%9D%D0%BE%D0%BC%D0%B5%D0%BD%D0%BA%D0%BB%D0%B0%D1%82%D1%83%D1%80%D1%8B&$select=%D0%9D%D0%BE%D0%BC%D0%B5%D0%BD%D0%BA%D0%BB%D0%B0%D1%82%D1%83%D1%80%D0%B0/Code,%D0%9D%D0%BE%D0%BC%D0%B5%D0%BD%D0%BA%D0%BB%D0%B0%D1%82%D1%83%D1%80%D0%B0/Description,%D0%9D%D0%BE%D0%BC%D0%B5%D0%BD%D0%BA%D0%BB%D0%B0%D1%82%D1%83%D1%80%D0%B0/%D0%90%D1%80%D1%82%D0%B8%D0%BA%D1%83%D0%BB,%D0%9D%D0%BE%D0%BC%D0%B5%D0%BD%D0%BA%D0%BB%D0%B0%D1%82%D1%83%D1%80%D0%B0/Parent/Description,%D0%9A%D0%BE%D0%BB%D0%B8%D1%87%D0%B5%D1%81%D1%82%D0%B2%D0%BEBalance,%D0%A1%D0%B5%D1%80%D0%B8%D1%8F%D0%9D%D0%BE%D0%BC%D0%B5%D0%BD%D0%BA%D0%BB%D0%B0%D1%82%D1%83%D1%80%D1%8B/%D0%94%D0%B0%D1%82%D0%B0%D0%9F%D1%80%D0%BE%D0%B8%D0%B7%D0%B2%D0%BE%D0%B4%D1%81%D1%82%D0%B2%D0%B0,%D0%A1%D0%B5%D1%80%D0%B8%D1%8F%D0%9D%D0%BE%D0%BC%D0%B5%D0%BD%D0%BA%D0%BB%D0%B0%D1%82%D1%83%D1%80%D1%8B/%D0%93%D0%BE%D0%B4%D0%B5%D0%BD%D0%94%D0%BE,%D0%AF%D1%87%D0%B5%D0%B9%D0%BA%D0%B0%D0%A5%D1%80%D0%B0%D0%BD%D0%B5%D0%BD%D0%B8%D1%8F/%D0%A1%D0%BA%D0%BB%D0%B0%D0%B4/Description&$orderby=%D0%9D%D0%BE%D0%BC%D0%B5%D0%BD%D0%BA%D0%BB%D0%B0%D1%82%D1%83%D1%80%D0%B0/%D0%90%D1%80%D1%82%D0%B8%D0%BA%D1%83%D0%BB&$filter=%D0%9D%D0%BE%D0%BC%D0%B5%D0%BD%D0%BA%D0%BB%D0%B0%D1%82%D1%83%D1%80%D0%B0/Parent/Code%20eq%20'356959' HTTP/1.1" 200 30699
2025-03-05 16:00:27,993 urllib3.connectionpool DEBUG    Starting new HTTP connection (1): 172.172.185.67:80
2025-03-05 16:00:28,613 urllib3.connectionpool DEBUG    http://172.172.185.67:80 "GET /krd_itc_wms/odata/standard.odata//AccumulationRegister_%D0%9E%D1%81%D1%82%D0%B0%D1%82%D0%BA%D0%B8%D0%92%D0%9F%D0%BE%D0%BB%D0%BB%D0%B5%D1%82%D0%B0%D1%85/Balance?$format=json&$expand=%D0%9D%D0%BE%D0%BC%D0%B5%D0%BD%D0%BA%D0%BB%D0%B0%D1%82%D1%83%D1%80%D0%B0/Parent,%20%D0%AF%D1%87%D0%B5%D0%B9%D0%BA%D0%B0%D0%A5%D1%80%D0%B0%D0%BD%D0%B5%D0%BD%D0%B8%D1%8F/%D0%A1%D0%BA%D0%BB%D0%B0%D0%B4,%20%D0%A1%D0%B5%D1%80%D0%B8%D1%8F%D0%9D%D0%BE%D0%BC%D0%B5%D0%BD%D0%BA%D0%BB%D0%B0%D1%82%D1%83%D1%80%D1%8B&$select=%D0%9D%D0%BE%D0%BC%D0%B5%D0%BD%D0%BA%D0%BB%D0%B0%D1%82%D1%83%D1%80%D0%B0/Code,%D0%9D%D0%BE%D0%BC%D0%B5%D0%BD%D0%BA%D0%BB%D0%B0%D1%82%D1%83%D1%80%D0%B0/Description,%D0%9D%D0%BE%D0%BC%D0%B5%D0%BD%D0%BA%D0%BB%D0%B0%D1%82%D1%83%D1%80%D0%B0/%D0%90%D1%80%D1%82%D0%B8%D0%BA%D1%83%D0%BB,%D0%9D%D0%BE%D0%BC%D0%B5%D0%BD%D0%BA%D0%BB%D0%B0%D1%82%D1%83%D1%80%D0%B0/Parent/Description,%D0%9A%D0%BE%D0%BB%D0%B8%D1%87%D0%B5%D1%81%D1%82%D0%B2%D0%BEBalance,%D0%A1%D0%B5%D1%80%D0%B8%D1%8F%D0%9D%D0%BE%D0%BC%D0%B5%D0%BD%D0%BA%D0%BB%D0%B0%D1%82%D1%83%D1%80%D1%8B/%D0%94%D0%B0%D1%82%D0%B0%D0%9F%D1%80%D0%BE%D0%B8%D0%B7%D0%B2%D0%BE%D0%B4%D1%81%D1%82%D0%B2%D0%B0,%D0%A1%D0%B5%D1%80%D0%B8%D1%8F%D0%9D%D0%BE%D0%BC%D0%B5%D0%BD%D0%BA%D0%BB%D0%B0%D1%82%D1%83%D1%80%D1%8B/%D0%93%D0%BE%D0%B4%D0%B5%D0%BD%D0%94%D0%BE,%D0%AF%D1%87%D0%B5%D0%B9%D0%BA%D0%B0%D0%A5%D1%80%D0%B0%D0%BD%D0%B5%D0%BD%D0%B8%D1%8F/%D0%A1%D0%BA%D0%BB%D0%B0%D0%B4/Description&$orderby=%D0%9D%D0%BE%D0%BC%D0%B5%D0%BD%D0%BA%D0%BB%D0%B0%D1%82%D1%83%D1%80%D0%B0/%D0%90%D1%80%D1%82%D0%B8%D0%BA%D1%83%D0%BB&$filter=%D0%9D%D0%BE%D0%BC%D0%B5%D0%BD%D0%BA%D0%BB%D0%B0%D1%82%D1%83%D1%80%D0%B0/Parent/Code%20eq%20'391291' HTTP/1.1" 200 477612
2025-03-05 16:37:55,932 urllib3.connectionpool DEBUG    Starting new HTTP connection (1): 172.172.185.67:80
2025-03-05 16:37:59,559 urllib3.connectionpool DEBUG    http://172.172.185.67:80 "GET /krd_itc_wms/odata/standard.odata//AccumulationRegister_%D0%9E%D1%81%D1%82%D0%B0%D1%82%D0%BA%D0%B8%D0%92%D0%9F%D0%BE%D0%BB%D0%BB%D0%B5%D1%82%D0%B0%D1%85/Balance?$format=json&$expand=%D0%9D%D0%BE%D0%BC%D0%B5%D0%BD%D0%BA%D0%BB%D0%B0%D1%82%D1%83%D1%80%D0%B0/Parent,%20%D0%AF%D1%87%D0%B5%D0%B9%D0%BA%D0%B0%D0%A5%D1%80%D0%B0%D0%BD%D0%B5%D0%BD%D0%B8%D1%8F/%D0%A1%D0%BA%D0%BB%D0%B0%D0%B4,%20%D0%A1%D0%B5%D1%80%D0%B8%D1%8F%D0%9D%D0%BE%D0%BC%D0%B5%D0%BD%D0%BA%D0%BB%D0%B0%D1%82%D1%83%D1%80%D1%8B&$select=%D0%9D%D0%BE%D0%BC%D0%B5%D0%BD%D0%BA%D0%BB%D0%B0%D1%82%D1%83%D1%80%D0%B0/Code,%D0%9D%D0%BE%D0%BC%D0%B5%D0%BD%D0%BA%D0%BB%D0%B0%D1%82%D1%83%D1%80%D0%B0/Description,%D0%9D%D0%BE%D0%BC%D0%B5%D0%BD%D0%BA%D0%BB%D0%B0%D1%82%D1%83%D1%80%D0%B0/%D0%90%D1%80%D1%82%D0%B8%D0%BA%D1%83%D0%BB,%D0%9D%D0%BE%D0%BC%D0%B5%D0%BD%D0%BA%D0%BB%D0%B0%D1%82%D1%83%D1%80%D0%B0/Parent/Description,%D0%9A%D0%BE%D0%BB%D0%B8%D1%87%D0%B5%D1%81%D1%82%D0%B2%D0%BEBalance,%D0%A1%D0%B5%D1%80%D0%B8%D1%8F%D0%9D%D0%BE%D0%BC%D0%B5%D0%BD%D0%BA%D0%BB%D0%B0%D1%82%D1%83%D1%80%D1%8B/%D0%94%D0%B0%D1%82%D0%B0%D0%9F%D1%80%D0%BE%D0%B8%D0%B7%D0%B2%D0%BE%D0%B4%D1%81%D1%82%D0%B2%D0%B0,%D0%A1%D0%B5%D1%80%D0%B8%D1%8F%D0%9D%D0%BE%D0%BC%D0%B5%D0%BD%D0%BA%D0%BB%D0%B0%D1%82%D1%83%D1%80%D1%8B/%D0%93%D0%BE%D0%B4%D0%B5%D0%BD%D0%94%D0%BE,%D0%AF%D1%87%D0%B5%D0%B9%D0%BA%D0%B0%D0%A5%D1%80%D0%B0%D0%BD%D0%B5%D0%BD%D0%B8%D1%8F/%D0%A1%D0%BA%D0%BB%D0%B0%D0%B4/Description&$orderby=%D0%9D%D0%BE%D0%BC%D0%B5%D0%BD%D0%BA%D0%BB%D0%B0%D1%82%D1%83%D1%80%D0%B0/%D0%90%D1%80%D1%82%D0%B8%D0%BA%D1%83%D0%BB&$filter=%D0%9D%D0%BE%D0%BC%D0%B5%D0%BD%D0%BA%D0%BB%D0%B0%D1%82%D1%83%D1%80%D0%B0/Parent/Code%20eq%20'391291' HTTP/1.1" 200 472955
2025-03-05 20:40:52,490 django.request WARNING  Not Found: /favicon.ico
2025-03-05 21:23:19,523 urllib3.connectionpool DEBUG    Starting new HTTP connection (1): 172.172.185.67:80
2025-03-05 21:23:30,577 urllib3.connectionpool DEBUG    http://172.172.185.67:80 "POST /krd_itc_wms/ru_RU/hs/PutData HTTP/1.1" 200 371
2025-03-06 08:15:18,376 urllib3.connectionpool DEBUG    Starting new HTTP connection (1): 172.172.185.67:80
2025-03-06 08:15:22,394 urllib3.connectionpool DEBUG    http://172.172.185.67:80 "GET /krd_itc_wms/odata/standard.odata//AccumulationRegister_%D0%9E%D1%81%D1%82%D0%B0%D1%82%D0%BA%D0%B8%D0%92%D0%9F%D0%BE%D0%BB%D0%BB%D0%B5%D1%82%D0%B0%D1%85/Balance?$format=json&$expand=%D0%9D%D0%BE%D0%BC%D0%B5%D0%BD%D0%BA%D0%BB%D0%B0%D1%82%D1%83%D1%80%D0%B0/Parent,%20%D0%AF%D1%87%D0%B5%D0%B9%D0%BA%D0%B0%D0%A5%D1%80%D0%B0%D0%BD%D0%B5%D0%BD%D0%B8%D1%8F/%D0%A1%D0%BA%D0%BB%D0%B0%D0%B4,%20%D0%A1%D0%B5%D1%80%D0%B8%D1%8F%D0%9D%D0%BE%D0%BC%D0%B5%D0%BD%D0%BA%D0%BB%D0%B0%D1%82%D1%83%D1%80%D1%8B&$select=%D0%9D%D0%BE%D0%BC%D0%B5%D0%BD%D0%BA%D0%BB%D0%B0%D1%82%D1%83%D1%80%D0%B0/Code,%D0%9D%D0%BE%D0%BC%D0%B5%D0%BD%D0%BA%D0%BB%D0%B0%D1%82%D1%83%D1%80%D0%B0/Description,%D0%9D%D0%BE%D0%BC%D0%B5%D0%BD%D0%BA%D0%BB%D0%B0%D1%82%D1%83%D1%80%D0%B0/%D0%90%D1%80%D1%82%D0%B8%D0%BA%D1%83%D0%BB,%D0%9D%D0%BE%D0%BC%D0%B5%D0%BD%D0%BA%D0%BB%D0%B0%D1%82%D1%83%D1%80%D0%B0/Parent/Description,%D0%9A%D0%BE%D0%BB%D0%B8%D1%87%D0%B5%D1%81%D1%82%D0%B2%D0%BEBalance,%D0%A1%D0%B5%D1%80%D0%B8%D1%8F%D0%9D%D0%BE%D0%BC%D0%B5%D0%BD%D0%BA%D0%BB%D0%B0%D1%82%D1%83%D1%80%D1%8B/%D0%94%D0%B0%D1%82%D0%B0%D0%9F%D1%80%D0%BE%D0%B8%D0%B7%D0%B2%D0%BE%D0%B4%D1%81%D1%82%D0%B2%D0%B0,%D0%A1%D0%B5%D1%80%D0%B8%D1%8F%D0%9D%D0%BE%D0%BC%D0%B5%D0%BD%D0%BA%D0%BB%D0%B0%D1%82%D1%83%D1%80%D1%8B/%D0%93%D0%BE%D0%B4%D0%B5%D0%BD%D0%94%D0%BE,%D0%AF%D1%87%D0%B5%D0%B9%D0%BA%D0%B0%D0%A5%D1%80%D0%B0%D0%BD%D0%B5%D0%BD%D0%B8%D1%8F/%D0%A1%D0%BA%D0%BB%D0%B0%D0%B4/Description&$orderby=%D0%9D%D0%BE%D0%BC%D0%B5%D0%BD%D0%BA%D0%BB%D0%B0%D1%82%D1%83%D1%80%D0%B0/%D0%90%D1%80%D1%82%D0%B8%D0%BA%D1%83%D0%BB&$filter=%D0%9D%D0%BE%D0%BC%D0%B5%D0%BD%D0%BA%D0%BB%D0%B0%D1%82%D1%83%D1%80%D0%B0/Parent/Code%20eq%20'304903' HTTP/1.1" 200 187468
2025-03-06 08:15:50,329 urllib3.connectionpool DEBUG    Starting new HTTP connection (1): 172.172.185.67:80
2025-03-06 08:15:54,327 urllib3.connectionpool DEBUG    http://172.172.185.67:80 "GET /krd_itc_wms/odata/standard.odata//AccumulationRegister_%D0%9E%D1%81%D1%82%D0%B0%D1%82%D0%BA%D0%B8%D0%92%D0%9F%D0%BE%D0%BB%D0%BB%D0%B5%D1%82%D0%B0%D1%85/Balance?$format=json&$expand=%D0%9D%D0%BE%D0%BC%D0%B5%D0%BD%D0%BA%D0%BB%D0%B0%D1%82%D1%83%D1%80%D0%B0/Parent,%20%D0%AF%D1%87%D0%B5%D0%B9%D0%BA%D0%B0%D0%A5%D1%80%D0%B0%D0%BD%D0%B5%D0%BD%D0%B8%D1%8F/%D0%A1%D0%BA%D0%BB%D0%B0%D0%B4,%20%D0%A1%D0%B5%D1%80%D0%B8%D1%8F%D0%9D%D0%BE%D0%BC%D0%B5%D0%BD%D0%BA%D0%BB%D0%B0%D1%82%D1%83%D1%80%D1%8B&$select=%D0%9D%D0%BE%D0%BC%D0%B5%D0%BD%D0%BA%D0%BB%D0%B0%D1%82%D1%83%D1%80%D0%B0/Code,%D0%9D%D0%BE%D0%BC%D0%B5%D0%BD%D0%BA%D0%BB%D0%B0%D1%82%D1%83%D1%80%D0%B0/Description,%D0%9D%D0%BE%D0%BC%D0%B5%D0%BD%D0%BA%D0%BB%D0%B0%D1%82%D1%83%D1%80%D0%B0/%D0%90%D1%80%D1%82%D0%B8%D0%BA%D1%83%D0%BB,%D0%9D%D0%BE%D0%BC%D0%B5%D0%BD%D0%BA%D0%BB%D0%B0%D1%82%D1%83%D1%80%D0%B0/Parent/Description,%D0%9A%D0%BE%D0%BB%D0%B8%D1%87%D0%B5%D1%81%D1%82%D0%B2%D0%BEBalance,%D0%A1%D0%B5%D1%80%D0%B8%D1%8F%D0%9D%D0%BE%D0%BC%D0%B5%D0%BD%D0%BA%D0%BB%D0%B0%D1%82%D1%83%D1%80%D1%8B/%D0%94%D0%B0%D1%82%D0%B0%D0%9F%D1%80%D0%BE%D0%B8%D0%B7%D0%B2%D0%BE%D0%B4%D1%81%D1%82%D0%B2%D0%B0,%D0%A1%D0%B5%D1%80%D0%B8%D1%8F%D0%9D%D0%BE%D0%BC%D0%B5%D0%BD%D0%BA%D0%BB%D0%B0%D1%82%D1%83%D1%80%D1%8B/%D0%93%D0%BE%D0%B4%D0%B5%D0%BD%D0%94%D0%BE,%D0%AF%D1%87%D0%B5%D0%B9%D0%BA%D0%B0%D0%A5%D1%80%D0%B0%D0%BD%D0%B5%D0%BD%D0%B8%D1%8F/%D0%A1%D0%BA%D0%BB%D0%B0%D0%B4/Description&$orderby=%D0%9D%D0%BE%D0%BC%D0%B5%D0%BD%D0%BA%D0%BB%D0%B0%D1%82%D1%83%D1%80%D0%B0/%D0%90%D1%80%D1%82%D0%B8%D0%BA%D1%83%D0%BB&$filter=%D0%9D%D0%BE%D0%BC%D0%B5%D0%BD%D0%BA%D0%BB%D0%B0%D1%82%D1%83%D1%80%D0%B0/Parent/Code%20eq%20'391291' HTTP/1.1" 200 444874
2025-03-06 09:21:10,221 django.utils.autoreload INFO     Watching for file changes with StatReloader
2025-03-06 09:24:22,523 django.request WARNING  Not Found: /favicon.ico
2025-03-06 09:34:09,311 django.request WARNING  Not Found: /favicon.ico
2025-03-06 09:41:30,128 django.request WARNING  Not Found: /favicon.ico
2025-03-06 09:58:04,439 django.request WARNING  Not Found: /favicon.ico
2025-03-06 13:37:28,549 django.request WARNING  Not Found: /favicon.ico
2025-03-06 14:42:09,588 django.request WARNING  Not Found: /favicon.ico
2025-03-06 14:55:39,225 django.request WARNING  Not Found: /favicon.ico
2025-03-06 14:55:46,614 django.request ERROR    Internal Server Error: /krd/contracts/kzvs/process_applications
Traceback (most recent call last):
  File "C:\Users\rhashhanok\PycharmProjects\SLEX_02\.venv\Lib\site-packages\django\core\handlers\exception.py", line 55, in inner
    response = get_response(request)
               ^^^^^^^^^^^^^^^^^^^^^
  File "C:\Users\rhashhanok\PycharmProjects\SLEX_02\.venv\Lib\site-packages\django\core\handlers\base.py", line 197, in _get_response
    response = wrapped_callback(request, *callback_args, **callback_kwargs)
               ^^^^^^^^^^^^^^^^^^^^^^^^^^^^^^^^^^^^^^^^^^^^^^^^^^^^^^^^^^^^
  File "C:\Users\rhashhanok\PycharmProjects\SLEX_02\base_app\views.py", line 98, in show_choice_operation
    return render(request, f'base_app/operations.html', context=context)
           ^^^^^^^^^^^^^^^^^^^^^^^^^^^^^^^^^^^^^^^^^^^^^^^^^^^^^^^^^^^^^
  File "C:\Users\rhashhanok\PycharmProjects\SLEX_02\.venv\Lib\site-packages\django\shortcuts.py", line 25, in render
    content = loader.render_to_string(template_name, context, request, using=using)
              ^^^^^^^^^^^^^^^^^^^^^^^^^^^^^^^^^^^^^^^^^^^^^^^^^^^^^^^^^^^^^^^^^^^^^
  File "C:\Users\rhashhanok\PycharmProjects\SLEX_02\.venv\Lib\site-packages\django\template\loader.py", line 62, in render_to_string
    return template.render(context, request)
           ^^^^^^^^^^^^^^^^^^^^^^^^^^^^^^^^^
  File "C:\Users\rhashhanok\PycharmProjects\SLEX_02\.venv\Lib\site-packages\django\template\backends\django.py", line 61, in render
    return self.template.render(context)
           ^^^^^^^^^^^^^^^^^^^^^^^^^^^^^
  File "C:\Users\rhashhanok\PycharmProjects\SLEX_02\.venv\Lib\site-packages\django\template\base.py", line 171, in render
    return self._render(context)
           ^^^^^^^^^^^^^^^^^^^^^
  File "C:\Users\rhashhanok\PycharmProjects\SLEX_02\.venv\Lib\site-packages\django\template\base.py", line 163, in _render
    return self.nodelist.render(context)
           ^^^^^^^^^^^^^^^^^^^^^^^^^^^^^
  File "C:\Users\rhashhanok\PycharmProjects\SLEX_02\.venv\Lib\site-packages\django\template\base.py", line 1000, in render
    return SafeString("".join([node.render_annotated(context) for node in self]))
                               ^^^^^^^^^^^^^^^^^^^^^^^^^^^^^^
  File "C:\Users\rhashhanok\PycharmProjects\SLEX_02\.venv\Lib\site-packages\django\template\base.py", line 961, in render_annotated
    return self.render(context)
           ^^^^^^^^^^^^^^^^^^^^
  File "C:\Users\rhashhanok\PycharmProjects\SLEX_02\.venv\Lib\site-packages\django\template\loader_tags.py", line 159, in render
    return compiled_parent._render(context)
           ^^^^^^^^^^^^^^^^^^^^^^^^^^^^^^^^
  File "C:\Users\rhashhanok\PycharmProjects\SLEX_02\.venv\Lib\site-packages\django\template\base.py", line 163, in _render
    return self.nodelist.render(context)
           ^^^^^^^^^^^^^^^^^^^^^^^^^^^^^
  File "C:\Users\rhashhanok\PycharmProjects\SLEX_02\.venv\Lib\site-packages\django\template\base.py", line 1000, in render
    return SafeString("".join([node.render_annotated(context) for node in self]))
                               ^^^^^^^^^^^^^^^^^^^^^^^^^^^^^^
  File "C:\Users\rhashhanok\PycharmProjects\SLEX_02\.venv\Lib\site-packages\django\template\base.py", line 961, in render_annotated
    return self.render(context)
           ^^^^^^^^^^^^^^^^^^^^
  File "C:\Users\rhashhanok\PycharmProjects\SLEX_02\.venv\Lib\site-packages\django\template\loader_tags.py", line 65, in render
    result = block.nodelist.render(context)
             ^^^^^^^^^^^^^^^^^^^^^^^^^^^^^^
  File "C:\Users\rhashhanok\PycharmProjects\SLEX_02\.venv\Lib\site-packages\django\template\base.py", line 1000, in render
    return SafeString("".join([node.render_annotated(context) for node in self]))
                               ^^^^^^^^^^^^^^^^^^^^^^^^^^^^^^
  File "C:\Users\rhashhanok\PycharmProjects\SLEX_02\.venv\Lib\site-packages\django\template\base.py", line 961, in render_annotated
    return self.render(context)
           ^^^^^^^^^^^^^^^^^^^^
  File "C:\Users\rhashhanok\PycharmProjects\SLEX_02\.venv\Lib\site-packages\django\template\defaulttags.py", line 326, in render
    return nodelist.render(context)
           ^^^^^^^^^^^^^^^^^^^^^^^^
  File "C:\Users\rhashhanok\PycharmProjects\SLEX_02\.venv\Lib\site-packages\django\template\base.py", line 1000, in render
    return SafeString("".join([node.render_annotated(context) for node in self]))
                               ^^^^^^^^^^^^^^^^^^^^^^^^^^^^^^
  File "C:\Users\rhashhanok\PycharmProjects\SLEX_02\.venv\Lib\site-packages\django\template\base.py", line 961, in render_annotated
    return self.render(context)
           ^^^^^^^^^^^^^^^^^^^^
  File "C:\Users\rhashhanok\PycharmProjects\SLEX_02\.venv\Lib\site-packages\django\template\defaulttags.py", line 326, in render
    return nodelist.render(context)
           ^^^^^^^^^^^^^^^^^^^^^^^^
  File "C:\Users\rhashhanok\PycharmProjects\SLEX_02\.venv\Lib\site-packages\django\template\base.py", line 1000, in render
    return SafeString("".join([node.render_annotated(context) for node in self]))
                               ^^^^^^^^^^^^^^^^^^^^^^^^^^^^^^
  File "C:\Users\rhashhanok\PycharmProjects\SLEX_02\.venv\Lib\site-packages\django\template\base.py", line 961, in render_annotated
    return self.render(context)
           ^^^^^^^^^^^^^^^^^^^^
  File "C:\Users\rhashhanok\PycharmProjects\SLEX_02\.venv\Lib\site-packages\django\template\defaulttags.py", line 479, in render
    url = reverse(view_name, args=args, kwargs=kwargs, current_app=current_app)
          ^^^^^^^^^^^^^^^^^^^^^^^^^^^^^^^^^^^^^^^^^^^^^^^^^^^^^^^^^^^^^^^^^^^^^
  File "C:\Users\rhashhanok\PycharmProjects\SLEX_02\.venv\Lib\site-packages\django\urls\base.py", line 88, in reverse
    return resolver._reverse_with_prefix(view, prefix, *args, **kwargs)
           ^^^^^^^^^^^^^^^^^^^^^^^^^^^^^^^^^^^^^^^^^^^^^^^^^^^^^^^^^^^^
  File "C:\Users\rhashhanok\PycharmProjects\SLEX_02\.venv\Lib\site-packages\django\urls\resolvers.py", line 851, in _reverse_with_prefix
    raise NoReverseMatch(msg)
django.urls.exceptions.NoReverseMatch: Reverse for 'event_load_file' with keyword arguments '{'_filial_slug': 'rnd', '_contract_slug': '', '_operation_slug': 'process_applications'}' not found. 1 pattern(s) tried: ['(?P<_filial_slug>[-a-zA-Z0-9_]+)/contracts/(?P<_contract_slug>[-a-zA-Z0-9_]+)/(?P<_operation_slug>[-a-zA-Z0-9_]+)/load_file\\Z']
2025-03-06 14:56:38,222 urllib3.connectionpool DEBUG    Starting new HTTP connection (1): 172.172.185.67:80
2025-03-06 14:56:38,608 urllib3.connectionpool DEBUG    http://172.172.185.67:80 "GET /itc_wms/odata/standard.odata//AccumulationRegister_%D0%9E%D1%81%D1%82%D0%B0%D1%82%D0%BA%D0%B8%D0%92%D0%9F%D0%BE%D0%BB%D0%BB%D0%B5%D1%82%D0%B0%D1%85/Balance?$format=json&$expand=%D0%9D%D0%BE%D0%BC%D0%B5%D0%BD%D0%BA%D0%BB%D0%B0%D1%82%D1%83%D1%80%D0%B0/Parent,%20%D0%AF%D1%87%D0%B5%D0%B9%D0%BA%D0%B0%D0%A5%D1%80%D0%B0%D0%BD%D0%B5%D0%BD%D0%B8%D1%8F/%D0%A1%D0%BA%D0%BB%D0%B0%D0%B4,%20%D0%A1%D0%B5%D1%80%D0%B8%D1%8F%D0%9D%D0%BE%D0%BC%D0%B5%D0%BD%D0%BA%D0%BB%D0%B0%D1%82%D1%83%D1%80%D1%8B&$select=%D0%9D%D0%BE%D0%BC%D0%B5%D0%BD%D0%BA%D0%BB%D0%B0%D1%82%D1%83%D1%80%D0%B0/Code,%D0%9D%D0%BE%D0%BC%D0%B5%D0%BD%D0%BA%D0%BB%D0%B0%D1%82%D1%83%D1%80%D0%B0/Description,%D0%9D%D0%BE%D0%BC%D0%B5%D0%BD%D0%BA%D0%BB%D0%B0%D1%82%D1%83%D1%80%D0%B0/%D0%90%D1%80%D1%82%D0%B8%D0%BA%D1%83%D0%BB,%D0%9D%D0%BE%D0%BC%D0%B5%D0%BD%D0%BA%D0%BB%D0%B0%D1%82%D1%83%D1%80%D0%B0/Parent/Description,%D0%9A%D0%BE%D0%BB%D0%B8%D1%87%D0%B5%D1%81%D1%82%D0%B2%D0%BEBalance,%D0%A1%D0%B5%D1%80%D0%B8%D1%8F%D0%9D%D0%BE%D0%BC%D0%B5%D0%BD%D0%BA%D0%BB%D0%B0%D1%82%D1%83%D1%80%D1%8B/%D0%94%D0%B0%D1%82%D0%B0%D0%9F%D1%80%D0%BE%D0%B8%D0%B7%D0%B2%D0%BE%D0%B4%D1%81%D1%82%D0%B2%D0%B0,%D0%A1%D0%B5%D1%80%D0%B8%D1%8F%D0%9D%D0%BE%D0%BC%D0%B5%D0%BD%D0%BA%D0%BB%D0%B0%D1%82%D1%83%D1%80%D1%8B/%D0%93%D0%BE%D0%B4%D0%B5%D0%BD%D0%94%D0%BE,%D0%AF%D1%87%D0%B5%D0%B9%D0%BA%D0%B0%D0%A5%D1%80%D0%B0%D0%BD%D0%B5%D0%BD%D0%B8%D1%8F/%D0%A1%D0%BA%D0%BB%D0%B0%D0%B4/Description&$orderby=%D0%9D%D0%BE%D0%BC%D0%B5%D0%BD%D0%BA%D0%BB%D0%B0%D1%82%D1%83%D1%80%D0%B0/%D0%90%D1%80%D1%82%D0%B8%D0%BA%D1%83%D0%BB&$filter=%D0%9D%D0%BE%D0%BC%D0%B5%D0%BD%D0%BA%D0%BB%D0%B0%D1%82%D1%83%D1%80%D0%B0/Parent/Code%20eq%20'304903' HTTP/1.1" 200 123211
2025-03-06 14:57:41,252 urllib3.connectionpool DEBUG    Starting new HTTP connection (1): 172.172.185.67:80
2025-03-06 14:57:41,603 urllib3.connectionpool DEBUG    http://172.172.185.67:80 "GET /itc_wms/odata/standard.odata//AccumulationRegister_%D0%9E%D1%81%D1%82%D0%B0%D1%82%D0%BA%D0%B8%D0%92%D0%9F%D0%BE%D0%BB%D0%BB%D0%B5%D1%82%D0%B0%D1%85/Balance?$format=json&$expand=%D0%9D%D0%BE%D0%BC%D0%B5%D0%BD%D0%BA%D0%BB%D0%B0%D1%82%D1%83%D1%80%D0%B0/Parent,%20%D0%AF%D1%87%D0%B5%D0%B9%D0%BA%D0%B0%D0%A5%D1%80%D0%B0%D0%BD%D0%B5%D0%BD%D0%B8%D1%8F/%D0%A1%D0%BA%D0%BB%D0%B0%D0%B4,%20%D0%A1%D0%B5%D1%80%D0%B8%D1%8F%D0%9D%D0%BE%D0%BC%D0%B5%D0%BD%D0%BA%D0%BB%D0%B0%D1%82%D1%83%D1%80%D1%8B&$select=%D0%9D%D0%BE%D0%BC%D0%B5%D0%BD%D0%BA%D0%BB%D0%B0%D1%82%D1%83%D1%80%D0%B0/Code,%D0%9D%D0%BE%D0%BC%D0%B5%D0%BD%D0%BA%D0%BB%D0%B0%D1%82%D1%83%D1%80%D0%B0/Description,%D0%9D%D0%BE%D0%BC%D0%B5%D0%BD%D0%BA%D0%BB%D0%B0%D1%82%D1%83%D1%80%D0%B0/%D0%90%D1%80%D1%82%D0%B8%D0%BA%D1%83%D0%BB,%D0%9D%D0%BE%D0%BC%D0%B5%D0%BD%D0%BA%D0%BB%D0%B0%D1%82%D1%83%D1%80%D0%B0/Parent/Description,%D0%9A%D0%BE%D0%BB%D0%B8%D1%87%D0%B5%D1%81%D1%82%D0%B2%D0%BEBalance,%D0%A1%D0%B5%D1%80%D0%B8%D1%8F%D0%9D%D0%BE%D0%BC%D0%B5%D0%BD%D0%BA%D0%BB%D0%B0%D1%82%D1%83%D1%80%D1%8B/%D0%94%D0%B0%D1%82%D0%B0%D0%9F%D1%80%D0%BE%D0%B8%D0%B7%D0%B2%D0%BE%D0%B4%D1%81%D1%82%D0%B2%D0%B0,%D0%A1%D0%B5%D1%80%D0%B8%D1%8F%D0%9D%D0%BE%D0%BC%D0%B5%D0%BD%D0%BA%D0%BB%D0%B0%D1%82%D1%83%D1%80%D1%8B/%D0%93%D0%BE%D0%B4%D0%B5%D0%BD%D0%94%D0%BE,%D0%AF%D1%87%D0%B5%D0%B9%D0%BA%D0%B0%D0%A5%D1%80%D0%B0%D0%BD%D0%B5%D0%BD%D0%B8%D1%8F/%D0%A1%D0%BA%D0%BB%D0%B0%D0%B4/Description&$orderby=%D0%9D%D0%BE%D0%BC%D0%B5%D0%BD%D0%BA%D0%BB%D0%B0%D1%82%D1%83%D1%80%D0%B0/%D0%90%D1%80%D1%82%D0%B8%D0%BA%D1%83%D0%BB&$filter=%D0%9D%D0%BE%D0%BC%D0%B5%D0%BD%D0%BA%D0%BB%D0%B0%D1%82%D1%83%D1%80%D0%B0/Parent/Code%20eq%20'304903' HTTP/1.1" 200 123211
2025-03-06 15:32:10,126 django.request WARNING  Not Found: /favicon.ico
2025-03-06 16:34:29,356 django.request WARNING  Not Found: /favicon.ico
2025-03-06 16:34:42,033 urllib3.connectionpool DEBUG    Starting new HTTP connection (1): 172.172.185.67:80
2025-03-06 16:34:49,401 urllib3.connectionpool DEBUG    http://172.172.185.67:80 "POST /krd_itc_wms/ru_RU/hs/PutData HTTP/1.1" 200 289
2025-03-06 17:31:17,231 django.request WARNING  Not Found: /favicon.ico
2025-03-07 08:14:26,905 django.request WARNING  Not Found: /favicon.ico
2025-03-07 09:18:08,293 django.request WARNING  Not Found: /favicon.ico
2025-03-07 09:22:01,079 django.request WARNING  Not Found: /favicon.ico
2025-03-07 09:43:33,213 django.request WARNING  Not Found: /favicon.ico
2025-03-07 15:37:40,596 django.request WARNING  Not Found: /favicon.ico
2025-03-07 15:37:43,524 django.request WARNING  Not Found: /accounts/profile/
2025-03-07 18:16:15,780 django.request WARNING  Not Found: /favicon.ico
2025-03-08 13:22:43,349 django.utils.autoreload INFO     C:\Users\rhashhanok\PycharmProjects\SLEX_02\base_app\contract_models\krd\agro.py changed, reloading.
2025-03-08 13:22:44,866 django.utils.autoreload INFO     Watching for file changes with StatReloader
2025-03-08 13:22:55,572 urllib3.connectionpool DEBUG    Starting new HTTP connection (1): 172.172.185.67:80
2025-03-08 13:23:03,781 urllib3.connectionpool DEBUG    http://172.172.185.67:80 "POST /krd_itc_wms/ru_RU/hs/PutData HTTP/1.1" 200 316
2025-03-08 13:23:29,382 django.utils.autoreload INFO     C:\Users\rhashhanok\PycharmProjects\SLEX_02\base_app\contract_models\krd\agro.py changed, reloading.
2025-03-08 13:23:30,981 django.utils.autoreload INFO     Watching for file changes with StatReloader
2025-03-08 13:24:28,834 urllib3.connectionpool DEBUG    Starting new HTTP connection (1): 172.172.185.67:80
2025-03-08 13:24:36,207 urllib3.connectionpool DEBUG    http://172.172.185.67:80 "POST /krd_itc_wms/ru_RU/hs/PutData HTTP/1.1" 200 154
2025-03-08 16:41:20,459 django.request WARNING  Not Found: /favicon.ico
2025-03-10 09:18:13,694 django.request WARNING  Not Found: /favicon.ico
2025-03-10 09:18:25,615 urllib3.connectionpool DEBUG    Starting new HTTP connection (1): 172.172.185.67:80
2025-03-10 09:18:29,159 urllib3.connectionpool DEBUG    http://172.172.185.67:80 "GET /krd_itc_wms/odata/standard.odata//AccumulationRegister_%D0%9E%D1%81%D1%82%D0%B0%D1%82%D0%BA%D0%B8%D0%92%D0%9F%D0%BE%D0%BB%D0%BB%D0%B5%D1%82%D0%B0%D1%85/Balance?$format=json&$expand=%D0%9D%D0%BE%D0%BC%D0%B5%D0%BD%D0%BA%D0%BB%D0%B0%D1%82%D1%83%D1%80%D0%B0/Parent,%20%D0%AF%D1%87%D0%B5%D0%B9%D0%BA%D0%B0%D0%A5%D1%80%D0%B0%D0%BD%D0%B5%D0%BD%D0%B8%D1%8F/%D0%A1%D0%BA%D0%BB%D0%B0%D0%B4,%20%D0%A1%D0%B5%D1%80%D0%B8%D1%8F%D0%9D%D0%BE%D0%BC%D0%B5%D0%BD%D0%BA%D0%BB%D0%B0%D1%82%D1%83%D1%80%D1%8B&$select=%D0%9D%D0%BE%D0%BC%D0%B5%D0%BD%D0%BA%D0%BB%D0%B0%D1%82%D1%83%D1%80%D0%B0/Code,%D0%9D%D0%BE%D0%BC%D0%B5%D0%BD%D0%BA%D0%BB%D0%B0%D1%82%D1%83%D1%80%D0%B0/Description,%D0%9D%D0%BE%D0%BC%D0%B5%D0%BD%D0%BA%D0%BB%D0%B0%D1%82%D1%83%D1%80%D0%B0/%D0%90%D1%80%D1%82%D0%B8%D0%BA%D1%83%D0%BB,%D0%9D%D0%BE%D0%BC%D0%B5%D0%BD%D0%BA%D0%BB%D0%B0%D1%82%D1%83%D1%80%D0%B0/Parent/Description,%D0%9A%D0%BE%D0%BB%D0%B8%D1%87%D0%B5%D1%81%D1%82%D0%B2%D0%BEBalance,%D0%A1%D0%B5%D1%80%D0%B8%D1%8F%D0%9D%D0%BE%D0%BC%D0%B5%D0%BD%D0%BA%D0%BB%D0%B0%D1%82%D1%83%D1%80%D1%8B/%D0%94%D0%B0%D1%82%D0%B0%D0%9F%D1%80%D0%BE%D0%B8%D0%B7%D0%B2%D0%BE%D0%B4%D1%81%D1%82%D0%B2%D0%B0,%D0%A1%D0%B5%D1%80%D0%B8%D1%8F%D0%9D%D0%BE%D0%BC%D0%B5%D0%BD%D0%BA%D0%BB%D0%B0%D1%82%D1%83%D1%80%D1%8B/%D0%93%D0%BE%D0%B4%D0%B5%D0%BD%D0%94%D0%BE,%D0%AF%D1%87%D0%B5%D0%B9%D0%BA%D0%B0%D0%A5%D1%80%D0%B0%D0%BD%D0%B5%D0%BD%D0%B8%D1%8F/%D0%A1%D0%BA%D0%BB%D0%B0%D0%B4/Description&$orderby=%D0%9D%D0%BE%D0%BC%D0%B5%D0%BD%D0%BA%D0%BB%D0%B0%D1%82%D1%83%D1%80%D0%B0/%D0%90%D1%80%D1%82%D0%B8%D0%BA%D1%83%D0%BB&$filter=%D0%9D%D0%BE%D0%BC%D0%B5%D0%BD%D0%BA%D0%BB%D0%B0%D1%82%D1%83%D1%80%D0%B0/Parent/Code%20eq%20'304903' HTTP/1.1" 200 175224
2025-03-10 09:29:17,243 django.request WARNING  Not Found: /favicon.ico
2025-03-10 09:35:38,622 django.request WARNING  Not Found: /favicon.ico
2025-03-10 10:31:29,502 urllib3.connectionpool DEBUG    Starting new HTTP connection (1): 172.172.185.67:80
2025-03-10 10:31:32,887 urllib3.connectionpool DEBUG    http://172.172.185.67:80 "GET /itc_wms/odata/standard.odata//AccumulationRegister_%D0%9E%D1%81%D1%82%D0%B0%D1%82%D0%BA%D0%B8%D0%92%D0%9F%D0%BE%D0%BB%D0%BB%D0%B5%D1%82%D0%B0%D1%85/Balance?$format=json&$expand=%D0%9D%D0%BE%D0%BC%D0%B5%D0%BD%D0%BA%D0%BB%D0%B0%D1%82%D1%83%D1%80%D0%B0/Parent,%20%D0%AF%D1%87%D0%B5%D0%B9%D0%BA%D0%B0%D0%A5%D1%80%D0%B0%D0%BD%D0%B5%D0%BD%D0%B8%D1%8F/%D0%A1%D0%BA%D0%BB%D0%B0%D0%B4,%20%D0%A1%D0%B5%D1%80%D0%B8%D1%8F%D0%9D%D0%BE%D0%BC%D0%B5%D0%BD%D0%BA%D0%BB%D0%B0%D1%82%D1%83%D1%80%D1%8B&$select=%D0%9D%D0%BE%D0%BC%D0%B5%D0%BD%D0%BA%D0%BB%D0%B0%D1%82%D1%83%D1%80%D0%B0/Code,%D0%9D%D0%BE%D0%BC%D0%B5%D0%BD%D0%BA%D0%BB%D0%B0%D1%82%D1%83%D1%80%D0%B0/Description,%D0%9D%D0%BE%D0%BC%D0%B5%D0%BD%D0%BA%D0%BB%D0%B0%D1%82%D1%83%D1%80%D0%B0/%D0%90%D1%80%D1%82%D0%B8%D0%BA%D1%83%D0%BB,%D0%9D%D0%BE%D0%BC%D0%B5%D0%BD%D0%BA%D0%BB%D0%B0%D1%82%D1%83%D1%80%D0%B0/Parent/Description,%D0%9A%D0%BE%D0%BB%D0%B8%D1%87%D0%B5%D1%81%D1%82%D0%B2%D0%BEBalance,%D0%A1%D0%B5%D1%80%D0%B8%D1%8F%D0%9D%D0%BE%D0%BC%D0%B5%D0%BD%D0%BA%D0%BB%D0%B0%D1%82%D1%83%D1%80%D1%8B/%D0%94%D0%B0%D1%82%D0%B0%D0%9F%D1%80%D0%BE%D0%B8%D0%B7%D0%B2%D0%BE%D0%B4%D1%81%D1%82%D0%B2%D0%B0,%D0%A1%D0%B5%D1%80%D0%B8%D1%8F%D0%9D%D0%BE%D0%BC%D0%B5%D0%BD%D0%BA%D0%BB%D0%B0%D1%82%D1%83%D1%80%D1%8B/%D0%93%D0%BE%D0%B4%D0%B5%D0%BD%D0%94%D0%BE,%D0%AF%D1%87%D0%B5%D0%B9%D0%BA%D0%B0%D0%A5%D1%80%D0%B0%D0%BD%D0%B5%D0%BD%D0%B8%D1%8F/%D0%A1%D0%BA%D0%BB%D0%B0%D0%B4/Description&$orderby=%D0%9D%D0%BE%D0%BC%D0%B5%D0%BD%D0%BA%D0%BB%D0%B0%D1%82%D1%83%D1%80%D0%B0/%D0%90%D1%80%D1%82%D0%B8%D0%BA%D1%83%D0%BB&$filter=%D0%9D%D0%BE%D0%BC%D0%B5%D0%BD%D0%BA%D0%BB%D0%B0%D1%82%D1%83%D1%80%D0%B0/Parent/Code%20eq%20'304903' HTTP/1.1" 200 120885
2025-03-10 10:31:46,875 urllib3.connectionpool DEBUG    Starting new HTTP connection (1): 172.172.185.67:80
2025-03-10 10:31:47,189 urllib3.connectionpool DEBUG    http://172.172.185.67:80 "GET /itc_wms/odata/standard.odata//AccumulationRegister_%D0%9E%D1%81%D1%82%D0%B0%D1%82%D0%BA%D0%B8%D0%92%D0%9F%D0%BE%D0%BB%D0%BB%D0%B5%D1%82%D0%B0%D1%85/Balance?$format=json&$expand=%D0%9D%D0%BE%D0%BC%D0%B5%D0%BD%D0%BA%D0%BB%D0%B0%D1%82%D1%83%D1%80%D0%B0/Parent,%20%D0%AF%D1%87%D0%B5%D0%B9%D0%BA%D0%B0%D0%A5%D1%80%D0%B0%D0%BD%D0%B5%D0%BD%D0%B8%D1%8F/%D0%A1%D0%BA%D0%BB%D0%B0%D0%B4,%20%D0%A1%D0%B5%D1%80%D0%B8%D1%8F%D0%9D%D0%BE%D0%BC%D0%B5%D0%BD%D0%BA%D0%BB%D0%B0%D1%82%D1%83%D1%80%D1%8B&$select=%D0%9D%D0%BE%D0%BC%D0%B5%D0%BD%D0%BA%D0%BB%D0%B0%D1%82%D1%83%D1%80%D0%B0/Code,%D0%9D%D0%BE%D0%BC%D0%B5%D0%BD%D0%BA%D0%BB%D0%B0%D1%82%D1%83%D1%80%D0%B0/Description,%D0%9D%D0%BE%D0%BC%D0%B5%D0%BD%D0%BA%D0%BB%D0%B0%D1%82%D1%83%D1%80%D0%B0/%D0%90%D1%80%D1%82%D0%B8%D0%BA%D1%83%D0%BB,%D0%9D%D0%BE%D0%BC%D0%B5%D0%BD%D0%BA%D0%BB%D0%B0%D1%82%D1%83%D1%80%D0%B0/Parent/Description,%D0%9A%D0%BE%D0%BB%D0%B8%D1%87%D0%B5%D1%81%D1%82%D0%B2%D0%BEBalance,%D0%A1%D0%B5%D1%80%D0%B8%D1%8F%D0%9D%D0%BE%D0%BC%D0%B5%D0%BD%D0%BA%D0%BB%D0%B0%D1%82%D1%83%D1%80%D1%8B/%D0%94%D0%B0%D1%82%D0%B0%D0%9F%D1%80%D0%BE%D0%B8%D0%B7%D0%B2%D0%BE%D0%B4%D1%81%D1%82%D0%B2%D0%B0,%D0%A1%D0%B5%D1%80%D0%B8%D1%8F%D0%9D%D0%BE%D0%BC%D0%B5%D0%BD%D0%BA%D0%BB%D0%B0%D1%82%D1%83%D1%80%D1%8B/%D0%93%D0%BE%D0%B4%D0%B5%D0%BD%D0%94%D0%BE,%D0%AF%D1%87%D0%B5%D0%B9%D0%BA%D0%B0%D0%A5%D1%80%D0%B0%D0%BD%D0%B5%D0%BD%D0%B8%D1%8F/%D0%A1%D0%BA%D0%BB%D0%B0%D0%B4/Description&$orderby=%D0%9D%D0%BE%D0%BC%D0%B5%D0%BD%D0%BA%D0%BB%D0%B0%D1%82%D1%83%D1%80%D0%B0/%D0%90%D1%80%D1%82%D0%B8%D0%BA%D1%83%D0%BB&$filter=%D0%9D%D0%BE%D0%BC%D0%B5%D0%BD%D0%BA%D0%BB%D0%B0%D1%82%D1%83%D1%80%D0%B0/Parent/Code%20eq%20'304903' HTTP/1.1" 200 120885
2025-03-10 11:20:31,247 django.request WARNING  Not Found: /favicon.ico
2025-03-10 14:58:05,620 django.request WARNING  Not Found: /favicon.ico
2025-03-10 16:27:36,524 django.request WARNING  Not Found: /favicon.ico
2025-03-10 16:27:54,512 urllib3.connectionpool DEBUG    Starting new HTTP connection (1): 172.172.185.67:80
2025-03-10 16:28:00,990 urllib3.connectionpool DEBUG    http://172.172.185.67:80 "POST /krd_itc_wms/ru_RU/hs/PutData HTTP/1.1" 200 371
2025-03-11 08:52:52,687 django.request WARNING  Not Found: /favicon.ico
2025-03-11 09:20:21,428 django.request WARNING  Not Found: /favicon.ico
2025-03-11 10:15:41,349 django.request WARNING  Not Found: /favicon.ico
2025-03-11 10:38:47,452 urllib3.connectionpool DEBUG    Starting new HTTP connection (1): 172.172.185.67:80
2025-03-11 10:38:51,284 urllib3.connectionpool DEBUG    http://172.172.185.67:80 "GET /krd_itc_wms/odata/standard.odata//AccumulationRegister_%D0%9E%D1%81%D1%82%D0%B0%D1%82%D0%BA%D0%B8%D0%92%D0%9F%D0%BE%D0%BB%D0%BB%D0%B5%D1%82%D0%B0%D1%85/Balance?$format=json&$expand=%D0%9D%D0%BE%D0%BC%D0%B5%D0%BD%D0%BA%D0%BB%D0%B0%D1%82%D1%83%D1%80%D0%B0/Parent,%20%D0%AF%D1%87%D0%B5%D0%B9%D0%BA%D0%B0%D0%A5%D1%80%D0%B0%D0%BD%D0%B5%D0%BD%D0%B8%D1%8F/%D0%A1%D0%BA%D0%BB%D0%B0%D0%B4,%20%D0%A1%D0%B5%D1%80%D0%B8%D1%8F%D0%9D%D0%BE%D0%BC%D0%B5%D0%BD%D0%BA%D0%BB%D0%B0%D1%82%D1%83%D1%80%D1%8B&$select=%D0%9D%D0%BE%D0%BC%D0%B5%D0%BD%D0%BA%D0%BB%D0%B0%D1%82%D1%83%D1%80%D0%B0/Code,%D0%9D%D0%BE%D0%BC%D0%B5%D0%BD%D0%BA%D0%BB%D0%B0%D1%82%D1%83%D1%80%D0%B0/Description,%D0%9D%D0%BE%D0%BC%D0%B5%D0%BD%D0%BA%D0%BB%D0%B0%D1%82%D1%83%D1%80%D0%B0/%D0%90%D1%80%D1%82%D0%B8%D0%BA%D1%83%D0%BB,%D0%9D%D0%BE%D0%BC%D0%B5%D0%BD%D0%BA%D0%BB%D0%B0%D1%82%D1%83%D1%80%D0%B0/Parent/Description,%D0%9A%D0%BE%D0%BB%D0%B8%D1%87%D0%B5%D1%81%D1%82%D0%B2%D0%BEBalance,%D0%A1%D0%B5%D1%80%D0%B8%D1%8F%D0%9D%D0%BE%D0%BC%D0%B5%D0%BD%D0%BA%D0%BB%D0%B0%D1%82%D1%83%D1%80%D1%8B/%D0%94%D0%B0%D1%82%D0%B0%D0%9F%D1%80%D0%BE%D0%B8%D0%B7%D0%B2%D0%BE%D0%B4%D1%81%D1%82%D0%B2%D0%B0,%D0%A1%D0%B5%D1%80%D0%B8%D1%8F%D0%9D%D0%BE%D0%BC%D0%B5%D0%BD%D0%BA%D0%BB%D0%B0%D1%82%D1%83%D1%80%D1%8B/%D0%93%D0%BE%D0%B4%D0%B5%D0%BD%D0%94%D0%BE,%D0%AF%D1%87%D0%B5%D0%B9%D0%BA%D0%B0%D0%A5%D1%80%D0%B0%D0%BD%D0%B5%D0%BD%D0%B8%D1%8F/%D0%A1%D0%BA%D0%BB%D0%B0%D0%B4/Description&$orderby=%D0%9D%D0%BE%D0%BC%D0%B5%D0%BD%D0%BA%D0%BB%D0%B0%D1%82%D1%83%D1%80%D0%B0/%D0%90%D1%80%D1%82%D0%B8%D0%BA%D1%83%D0%BB&$filter=%D0%9D%D0%BE%D0%BC%D0%B5%D0%BD%D0%BA%D0%BB%D0%B0%D1%82%D1%83%D1%80%D0%B0/Parent/Code%20eq%20'304903' HTTP/1.1" 200 196863
2025-03-11 10:57:07,095 urllib3.connectionpool DEBUG    Starting new HTTP connection (1): 172.172.185.67:80
2025-03-11 10:57:11,246 urllib3.connectionpool DEBUG    http://172.172.185.67:80 "GET /krd_itc_wms/odata/standard.odata//AccumulationRegister_%D0%9E%D1%81%D1%82%D0%B0%D1%82%D0%BA%D0%B8%D0%92%D0%9F%D0%BE%D0%BB%D0%BB%D0%B5%D1%82%D0%B0%D1%85/Balance?$format=json&$expand=%D0%9D%D0%BE%D0%BC%D0%B5%D0%BD%D0%BA%D0%BB%D0%B0%D1%82%D1%83%D1%80%D0%B0/Parent,%20%D0%AF%D1%87%D0%B5%D0%B9%D0%BA%D0%B0%D0%A5%D1%80%D0%B0%D0%BD%D0%B5%D0%BD%D0%B8%D1%8F/%D0%A1%D0%BA%D0%BB%D0%B0%D0%B4,%20%D0%A1%D0%B5%D1%80%D0%B8%D1%8F%D0%9D%D0%BE%D0%BC%D0%B5%D0%BD%D0%BA%D0%BB%D0%B0%D1%82%D1%83%D1%80%D1%8B&$select=%D0%9D%D0%BE%D0%BC%D0%B5%D0%BD%D0%BA%D0%BB%D0%B0%D1%82%D1%83%D1%80%D0%B0/Code,%D0%9D%D0%BE%D0%BC%D0%B5%D0%BD%D0%BA%D0%BB%D0%B0%D1%82%D1%83%D1%80%D0%B0/Description,%D0%9D%D0%BE%D0%BC%D0%B5%D0%BD%D0%BA%D0%BB%D0%B0%D1%82%D1%83%D1%80%D0%B0/%D0%90%D1%80%D1%82%D0%B8%D0%BA%D1%83%D0%BB,%D0%9D%D0%BE%D0%BC%D0%B5%D0%BD%D0%BA%D0%BB%D0%B0%D1%82%D1%83%D1%80%D0%B0/Parent/Description,%D0%9A%D0%BE%D0%BB%D0%B8%D1%87%D0%B5%D1%81%D1%82%D0%B2%D0%BEBalance,%D0%A1%D0%B5%D1%80%D0%B8%D1%8F%D0%9D%D0%BE%D0%BC%D0%B5%D0%BD%D0%BA%D0%BB%D0%B0%D1%82%D1%83%D1%80%D1%8B/%D0%94%D0%B0%D1%82%D0%B0%D0%9F%D1%80%D0%BE%D0%B8%D0%B7%D0%B2%D0%BE%D0%B4%D1%81%D1%82%D0%B2%D0%B0,%D0%A1%D0%B5%D1%80%D0%B8%D1%8F%D0%9D%D0%BE%D0%BC%D0%B5%D0%BD%D0%BA%D0%BB%D0%B0%D1%82%D1%83%D1%80%D1%8B/%D0%93%D0%BE%D0%B4%D0%B5%D0%BD%D0%94%D0%BE,%D0%AF%D1%87%D0%B5%D0%B9%D0%BA%D0%B0%D0%A5%D1%80%D0%B0%D0%BD%D0%B5%D0%BD%D0%B8%D1%8F/%D0%A1%D0%BA%D0%BB%D0%B0%D0%B4/Description&$orderby=%D0%9D%D0%BE%D0%BC%D0%B5%D0%BD%D0%BA%D0%BB%D0%B0%D1%82%D1%83%D1%80%D0%B0/%D0%90%D1%80%D1%82%D0%B8%D0%BA%D1%83%D0%BB&$filter=%D0%9D%D0%BE%D0%BC%D0%B5%D0%BD%D0%BA%D0%BB%D0%B0%D1%82%D1%83%D1%80%D0%B0/Parent/Code%20eq%20'304903' HTTP/1.1" 200 196863
2025-03-11 13:22:44,613 django.request WARNING  Not Found: /favicon.ico
2025-03-11 13:45:34,473 urllib3.connectionpool DEBUG    Starting new HTTP connection (1): 172.172.185.67:80
2025-03-11 13:45:38,039 urllib3.connectionpool DEBUG    http://172.172.185.67:80 "GET /krd_itc_wms/odata/standard.odata//AccumulationRegister_%D0%9E%D1%81%D1%82%D0%B0%D1%82%D0%BA%D0%B8%D0%92%D0%9F%D0%BE%D0%BB%D0%BB%D0%B5%D1%82%D0%B0%D1%85/Balance?$format=json&$expand=%D0%9D%D0%BE%D0%BC%D0%B5%D0%BD%D0%BA%D0%BB%D0%B0%D1%82%D1%83%D1%80%D0%B0/Parent,%20%D0%AF%D1%87%D0%B5%D0%B9%D0%BA%D0%B0%D0%A5%D1%80%D0%B0%D0%BD%D0%B5%D0%BD%D0%B8%D1%8F/%D0%A1%D0%BA%D0%BB%D0%B0%D0%B4,%20%D0%A1%D0%B5%D1%80%D0%B8%D1%8F%D0%9D%D0%BE%D0%BC%D0%B5%D0%BD%D0%BA%D0%BB%D0%B0%D1%82%D1%83%D1%80%D1%8B&$select=%D0%9D%D0%BE%D0%BC%D0%B5%D0%BD%D0%BA%D0%BB%D0%B0%D1%82%D1%83%D1%80%D0%B0/Code,%D0%9D%D0%BE%D0%BC%D0%B5%D0%BD%D0%BA%D0%BB%D0%B0%D1%82%D1%83%D1%80%D0%B0/Description,%D0%9D%D0%BE%D0%BC%D0%B5%D0%BD%D0%BA%D0%BB%D0%B0%D1%82%D1%83%D1%80%D0%B0/%D0%90%D1%80%D1%82%D0%B8%D0%BA%D1%83%D0%BB,%D0%9D%D0%BE%D0%BC%D0%B5%D0%BD%D0%BA%D0%BB%D0%B0%D1%82%D1%83%D1%80%D0%B0/Parent/Description,%D0%9A%D0%BE%D0%BB%D0%B8%D1%87%D0%B5%D1%81%D1%82%D0%B2%D0%BEBalance,%D0%A1%D0%B5%D1%80%D0%B8%D1%8F%D0%9D%D0%BE%D0%BC%D0%B5%D0%BD%D0%BA%D0%BB%D0%B0%D1%82%D1%83%D1%80%D1%8B/%D0%94%D0%B0%D1%82%D0%B0%D0%9F%D1%80%D0%BE%D0%B8%D0%B7%D0%B2%D0%BE%D0%B4%D1%81%D1%82%D0%B2%D0%B0,%D0%A1%D0%B5%D1%80%D0%B8%D1%8F%D0%9D%D0%BE%D0%BC%D0%B5%D0%BD%D0%BA%D0%BB%D0%B0%D1%82%D1%83%D1%80%D1%8B/%D0%93%D0%BE%D0%B4%D0%B5%D0%BD%D0%94%D0%BE,%D0%AF%D1%87%D0%B5%D0%B9%D0%BA%D0%B0%D0%A5%D1%80%D0%B0%D0%BD%D0%B5%D0%BD%D0%B8%D1%8F/%D0%A1%D0%BA%D0%BB%D0%B0%D0%B4/Description&$orderby=%D0%9D%D0%BE%D0%BC%D0%B5%D0%BD%D0%BA%D0%BB%D0%B0%D1%82%D1%83%D1%80%D0%B0/%D0%90%D1%80%D1%82%D0%B8%D0%BA%D1%83%D0%BB&$filter=%D0%9D%D0%BE%D0%BC%D0%B5%D0%BD%D0%BA%D0%BB%D0%B0%D1%82%D1%83%D1%80%D0%B0/Parent/Code%20eq%20'304903' HTTP/1.1" 200 196111
2025-03-11 16:22:17,501 django.request WARNING  Not Found: /favicon.ico
2025-03-11 17:20:58,527 urllib3.connectionpool DEBUG    Starting new HTTP connection (1): 172.172.185.67:80
2025-03-11 17:21:06,633 urllib3.connectionpool DEBUG    http://172.172.185.67:80 "POST /krd_itc_wms/ru_RU/hs/PutData HTTP/1.1" 200 262
2025-03-11 18:27:37,627 django.request WARNING  Not Found: /favicon.ico
2025-03-12 12:47:37,332 django.utils.autoreload INFO     Watching for file changes with StatReloader
2025-03-12 12:47:41,447 django.request WARNING  Not Found: /favicon.ico
2025-03-12 12:48:23,689 django.request WARNING  Not Found: /favicon.ico
2025-03-12 12:48:49,743 django.request WARNING  Not Found: /favicon.ico
2025-03-12 12:59:38,230 django.request WARNING  Not Found: /favicon.ico
2025-03-12 13:32:51,160 django.request WARNING  Not Found: /favicon.ico
2025-03-12 14:44:36,735 django.request WARNING  Not Found: /favicon.ico
2025-03-12 17:16:03,981 urllib3.connectionpool DEBUG    Starting new HTTP connection (1): 172.172.185.67:80
2025-03-12 17:16:13,183 urllib3.connectionpool DEBUG    http://172.172.185.67:80 "POST /krd_itc_wms/ru_RU/hs/PutData HTTP/1.1" 200 371
2025-03-13 07:52:40,152 django.request WARNING  Not Found: /favicon.ico
2025-03-13 07:52:54,354 urllib3.connectionpool DEBUG    Starting new HTTP connection (1): 172.172.185.67:80
2025-03-13 07:52:57,988 urllib3.connectionpool DEBUG    http://172.172.185.67:80 "GET /krd_itc_wms/odata/standard.odata//AccumulationRegister_%D0%9E%D1%81%D1%82%D0%B0%D1%82%D0%BA%D0%B8%D0%92%D0%9F%D0%BE%D0%BB%D0%BB%D0%B5%D1%82%D0%B0%D1%85/Balance?$format=json&$expand=%D0%9D%D0%BE%D0%BC%D0%B5%D0%BD%D0%BA%D0%BB%D0%B0%D1%82%D1%83%D1%80%D0%B0/Parent,%20%D0%AF%D1%87%D0%B5%D0%B9%D0%BA%D0%B0%D0%A5%D1%80%D0%B0%D0%BD%D0%B5%D0%BD%D0%B8%D1%8F/%D0%A1%D0%BA%D0%BB%D0%B0%D0%B4,%20%D0%A1%D0%B5%D1%80%D0%B8%D1%8F%D0%9D%D0%BE%D0%BC%D0%B5%D0%BD%D0%BA%D0%BB%D0%B0%D1%82%D1%83%D1%80%D1%8B&$select=%D0%9D%D0%BE%D0%BC%D0%B5%D0%BD%D0%BA%D0%BB%D0%B0%D1%82%D1%83%D1%80%D0%B0/Code,%D0%9D%D0%BE%D0%BC%D0%B5%D0%BD%D0%BA%D0%BB%D0%B0%D1%82%D1%83%D1%80%D0%B0/Description,%D0%9D%D0%BE%D0%BC%D0%B5%D0%BD%D0%BA%D0%BB%D0%B0%D1%82%D1%83%D1%80%D0%B0/%D0%90%D1%80%D1%82%D0%B8%D0%BA%D1%83%D0%BB,%D0%9D%D0%BE%D0%BC%D0%B5%D0%BD%D0%BA%D0%BB%D0%B0%D1%82%D1%83%D1%80%D0%B0/Parent/Description,%D0%9A%D0%BE%D0%BB%D0%B8%D1%87%D0%B5%D1%81%D1%82%D0%B2%D0%BEBalance,%D0%A1%D0%B5%D1%80%D0%B8%D1%8F%D0%9D%D0%BE%D0%BC%D0%B5%D0%BD%D0%BA%D0%BB%D0%B0%D1%82%D1%83%D1%80%D1%8B/%D0%94%D0%B0%D1%82%D0%B0%D0%9F%D1%80%D0%BE%D0%B8%D0%B7%D0%B2%D0%BE%D0%B4%D1%81%D1%82%D0%B2%D0%B0,%D0%A1%D0%B5%D1%80%D0%B8%D1%8F%D0%9D%D0%BE%D0%BC%D0%B5%D0%BD%D0%BA%D0%BB%D0%B0%D1%82%D1%83%D1%80%D1%8B/%D0%93%D0%BE%D0%B4%D0%B5%D0%BD%D0%94%D0%BE,%D0%AF%D1%87%D0%B5%D0%B9%D0%BA%D0%B0%D0%A5%D1%80%D0%B0%D0%BD%D0%B5%D0%BD%D0%B8%D1%8F/%D0%A1%D0%BA%D0%BB%D0%B0%D0%B4/Description&$orderby=%D0%9D%D0%BE%D0%BC%D0%B5%D0%BD%D0%BA%D0%BB%D0%B0%D1%82%D1%83%D1%80%D0%B0/%D0%90%D1%80%D1%82%D0%B8%D0%BA%D1%83%D0%BB&$filter=%D0%9D%D0%BE%D0%BC%D0%B5%D0%BD%D0%BA%D0%BB%D0%B0%D1%82%D1%83%D1%80%D0%B0/Parent/Code%20eq%20'304903' HTTP/1.1" 200 179267
2025-03-13 07:53:17,537 urllib3.connectionpool DEBUG    Starting new HTTP connection (1): 172.172.185.67:80
2025-03-13 07:53:21,113 urllib3.connectionpool DEBUG    http://172.172.185.67:80 "GET /krd_itc_wms/odata/standard.odata//AccumulationRegister_%D0%9E%D1%81%D1%82%D0%B0%D1%82%D0%BA%D0%B8%D0%92%D0%9F%D0%BE%D0%BB%D0%BB%D0%B5%D1%82%D0%B0%D1%85/Balance?$format=json&$expand=%D0%9D%D0%BE%D0%BC%D0%B5%D0%BD%D0%BA%D0%BB%D0%B0%D1%82%D1%83%D1%80%D0%B0/Parent,%20%D0%AF%D1%87%D0%B5%D0%B9%D0%BA%D0%B0%D0%A5%D1%80%D0%B0%D0%BD%D0%B5%D0%BD%D0%B8%D1%8F/%D0%A1%D0%BA%D0%BB%D0%B0%D0%B4,%20%D0%A1%D0%B5%D1%80%D0%B8%D1%8F%D0%9D%D0%BE%D0%BC%D0%B5%D0%BD%D0%BA%D0%BB%D0%B0%D1%82%D1%83%D1%80%D1%8B&$select=%D0%9D%D0%BE%D0%BC%D0%B5%D0%BD%D0%BA%D0%BB%D0%B0%D1%82%D1%83%D1%80%D0%B0/Code,%D0%9D%D0%BE%D0%BC%D0%B5%D0%BD%D0%BA%D0%BB%D0%B0%D1%82%D1%83%D1%80%D0%B0/Description,%D0%9D%D0%BE%D0%BC%D0%B5%D0%BD%D0%BA%D0%BB%D0%B0%D1%82%D1%83%D1%80%D0%B0/%D0%90%D1%80%D1%82%D0%B8%D0%BA%D1%83%D0%BB,%D0%9D%D0%BE%D0%BC%D0%B5%D0%BD%D0%BA%D0%BB%D0%B0%D1%82%D1%83%D1%80%D0%B0/Parent/Description,%D0%9A%D0%BE%D0%BB%D0%B8%D1%87%D0%B5%D1%81%D1%82%D0%B2%D0%BEBalance,%D0%A1%D0%B5%D1%80%D0%B8%D1%8F%D0%9D%D0%BE%D0%BC%D0%B5%D0%BD%D0%BA%D0%BB%D0%B0%D1%82%D1%83%D1%80%D1%8B/%D0%94%D0%B0%D1%82%D0%B0%D0%9F%D1%80%D0%BE%D0%B8%D0%B7%D0%B2%D0%BE%D0%B4%D1%81%D1%82%D0%B2%D0%B0,%D0%A1%D0%B5%D1%80%D0%B8%D1%8F%D0%9D%D0%BE%D0%BC%D0%B5%D0%BD%D0%BA%D0%BB%D0%B0%D1%82%D1%83%D1%80%D1%8B/%D0%93%D0%BE%D0%B4%D0%B5%D0%BD%D0%94%D0%BE,%D0%AF%D1%87%D0%B5%D0%B9%D0%BA%D0%B0%D0%A5%D1%80%D0%B0%D0%BD%D0%B5%D0%BD%D0%B8%D1%8F/%D0%A1%D0%BA%D0%BB%D0%B0%D0%B4/Description&$orderby=%D0%9D%D0%BE%D0%BC%D0%B5%D0%BD%D0%BA%D0%BB%D0%B0%D1%82%D1%83%D1%80%D0%B0/%D0%90%D1%80%D1%82%D0%B8%D0%BA%D1%83%D0%BB&$filter=%D0%9D%D0%BE%D0%BC%D0%B5%D0%BD%D0%BA%D0%BB%D0%B0%D1%82%D1%83%D1%80%D0%B0/Parent/Code%20eq%20'391226' HTTP/1.1" 200 286367
2025-03-13 07:53:37,484 urllib3.connectionpool DEBUG    Starting new HTTP connection (1): 172.172.185.67:80
2025-03-13 07:53:37,965 urllib3.connectionpool DEBUG    http://172.172.185.67:80 "GET /krd_itc_wms/odata/standard.odata//AccumulationRegister_%D0%9E%D1%81%D1%82%D0%B0%D1%82%D0%BA%D0%B8%D0%92%D0%9F%D0%BE%D0%BB%D0%BB%D0%B5%D1%82%D0%B0%D1%85/Balance?$format=json&$expand=%D0%9D%D0%BE%D0%BC%D0%B5%D0%BD%D0%BA%D0%BB%D0%B0%D1%82%D1%83%D1%80%D0%B0/Parent,%20%D0%AF%D1%87%D0%B5%D0%B9%D0%BA%D0%B0%D0%A5%D1%80%D0%B0%D0%BD%D0%B5%D0%BD%D0%B8%D1%8F/%D0%A1%D0%BA%D0%BB%D0%B0%D0%B4,%20%D0%A1%D0%B5%D1%80%D0%B8%D1%8F%D0%9D%D0%BE%D0%BC%D0%B5%D0%BD%D0%BA%D0%BB%D0%B0%D1%82%D1%83%D1%80%D1%8B&$select=%D0%9D%D0%BE%D0%BC%D0%B5%D0%BD%D0%BA%D0%BB%D0%B0%D1%82%D1%83%D1%80%D0%B0/Code,%D0%9D%D0%BE%D0%BC%D0%B5%D0%BD%D0%BA%D0%BB%D0%B0%D1%82%D1%83%D1%80%D0%B0/Description,%D0%9D%D0%BE%D0%BC%D0%B5%D0%BD%D0%BA%D0%BB%D0%B0%D1%82%D1%83%D1%80%D0%B0/%D0%90%D1%80%D1%82%D0%B8%D0%BA%D1%83%D0%BB,%D0%9D%D0%BE%D0%BC%D0%B5%D0%BD%D0%BA%D0%BB%D0%B0%D1%82%D1%83%D1%80%D0%B0/Parent/Description,%D0%9A%D0%BE%D0%BB%D0%B8%D1%87%D0%B5%D1%81%D1%82%D0%B2%D0%BEBalance,%D0%A1%D0%B5%D1%80%D0%B8%D1%8F%D0%9D%D0%BE%D0%BC%D0%B5%D0%BD%D0%BA%D0%BB%D0%B0%D1%82%D1%83%D1%80%D1%8B/%D0%94%D0%B0%D1%82%D0%B0%D0%9F%D1%80%D0%BE%D0%B8%D0%B7%D0%B2%D0%BE%D0%B4%D1%81%D1%82%D0%B2%D0%B0,%D0%A1%D0%B5%D1%80%D0%B8%D1%8F%D0%9D%D0%BE%D0%BC%D0%B5%D0%BD%D0%BA%D0%BB%D0%B0%D1%82%D1%83%D1%80%D1%8B/%D0%93%D0%BE%D0%B4%D0%B5%D0%BD%D0%94%D0%BE,%D0%AF%D1%87%D0%B5%D0%B9%D0%BA%D0%B0%D0%A5%D1%80%D0%B0%D0%BD%D0%B5%D0%BD%D0%B8%D1%8F/%D0%A1%D0%BA%D0%BB%D0%B0%D0%B4/Description&$orderby=%D0%9D%D0%BE%D0%BC%D0%B5%D0%BD%D0%BA%D0%BB%D0%B0%D1%82%D1%83%D1%80%D0%B0/%D0%90%D1%80%D1%82%D0%B8%D0%BA%D1%83%D0%BB&$filter=%D0%9D%D0%BE%D0%BC%D0%B5%D0%BD%D0%BA%D0%BB%D0%B0%D1%82%D1%83%D1%80%D0%B0/Parent/Code%20eq%20'356959' HTTP/1.1" 200 28394
2025-03-13 07:53:52,207 urllib3.connectionpool DEBUG    Starting new HTTP connection (1): 172.172.185.67:80
2025-03-13 07:53:52,846 urllib3.connectionpool DEBUG    http://172.172.185.67:80 "GET /krd_itc_wms/odata/standard.odata//AccumulationRegister_%D0%9E%D1%81%D1%82%D0%B0%D1%82%D0%BA%D0%B8%D0%92%D0%9F%D0%BE%D0%BB%D0%BB%D0%B5%D1%82%D0%B0%D1%85/Balance?$format=json&$expand=%D0%9D%D0%BE%D0%BC%D0%B5%D0%BD%D0%BA%D0%BB%D0%B0%D1%82%D1%83%D1%80%D0%B0/Parent,%20%D0%AF%D1%87%D0%B5%D0%B9%D0%BA%D0%B0%D0%A5%D1%80%D0%B0%D0%BD%D0%B5%D0%BD%D0%B8%D1%8F/%D0%A1%D0%BA%D0%BB%D0%B0%D0%B4,%20%D0%A1%D0%B5%D1%80%D0%B8%D1%8F%D0%9D%D0%BE%D0%BC%D0%B5%D0%BD%D0%BA%D0%BB%D0%B0%D1%82%D1%83%D1%80%D1%8B&$select=%D0%9D%D0%BE%D0%BC%D0%B5%D0%BD%D0%BA%D0%BB%D0%B0%D1%82%D1%83%D1%80%D0%B0/Code,%D0%9D%D0%BE%D0%BC%D0%B5%D0%BD%D0%BA%D0%BB%D0%B0%D1%82%D1%83%D1%80%D0%B0/Description,%D0%9D%D0%BE%D0%BC%D0%B5%D0%BD%D0%BA%D0%BB%D0%B0%D1%82%D1%83%D1%80%D0%B0/%D0%90%D1%80%D1%82%D0%B8%D0%BA%D1%83%D0%BB,%D0%9D%D0%BE%D0%BC%D0%B5%D0%BD%D0%BA%D0%BB%D0%B0%D1%82%D1%83%D1%80%D0%B0/Parent/Description,%D0%9A%D0%BE%D0%BB%D0%B8%D1%87%D0%B5%D1%81%D1%82%D0%B2%D0%BEBalance,%D0%A1%D0%B5%D1%80%D0%B8%D1%8F%D0%9D%D0%BE%D0%BC%D0%B5%D0%BD%D0%BA%D0%BB%D0%B0%D1%82%D1%83%D1%80%D1%8B/%D0%94%D0%B0%D1%82%D0%B0%D0%9F%D1%80%D0%BE%D0%B8%D0%B7%D0%B2%D0%BE%D0%B4%D1%81%D1%82%D0%B2%D0%B0,%D0%A1%D0%B5%D1%80%D0%B8%D1%8F%D0%9D%D0%BE%D0%BC%D0%B5%D0%BD%D0%BA%D0%BB%D0%B0%D1%82%D1%83%D1%80%D1%8B/%D0%93%D0%BE%D0%B4%D0%B5%D0%BD%D0%94%D0%BE,%D0%AF%D1%87%D0%B5%D0%B9%D0%BA%D0%B0%D0%A5%D1%80%D0%B0%D0%BD%D0%B5%D0%BD%D0%B8%D1%8F/%D0%A1%D0%BA%D0%BB%D0%B0%D0%B4/Description&$orderby=%D0%9D%D0%BE%D0%BC%D0%B5%D0%BD%D0%BA%D0%BB%D0%B0%D1%82%D1%83%D1%80%D0%B0/%D0%90%D1%80%D1%82%D0%B8%D0%BA%D1%83%D0%BB&$filter=%D0%9D%D0%BE%D0%BC%D0%B5%D0%BD%D0%BA%D0%BB%D0%B0%D1%82%D1%83%D1%80%D0%B0/Parent/Code%20eq%20'391291' HTTP/1.1" 200 418582
2025-03-13 08:36:45,700 django.request WARNING  Not Found: /favicon.ico
2025-03-13 08:51:42,085 django.request WARNING  Not Found: /favicon.ico
2025-03-13 08:58:01,945 django.request WARNING  Not Found: /favicon.ico
2025-03-13 16:19:30,010 django.request WARNING  Not Found: /favicon.ico
2025-03-13 16:20:02,053 urllib3.connectionpool DEBUG    Starting new HTTP connection (1): 172.172.185.67:80
2025-03-13 16:20:11,198 urllib3.connectionpool DEBUG    http://172.172.185.67:80 "POST /krd_itc_wms/ru_RU/hs/PutData HTTP/1.1" 200 316
2025-03-13 17:13:37,232 urllib3.connectionpool DEBUG    Starting new HTTP connection (1): 172.172.185.67:80
2025-03-13 17:13:43,104 urllib3.connectionpool DEBUG    http://172.172.185.67:80 "POST /krd_itc_wms/ru_RU/hs/PutData HTTP/1.1" 200 316
2025-03-14 09:01:02,340 django.request WARNING  Not Found: /favicon.ico
2025-03-14 09:43:44,695 django.request WARNING  Not Found: /favicon.ico
2025-03-14 09:43:52,870 urllib3.connectionpool DEBUG    Starting new HTTP connection (1): 172.172.185.67:80
2025-03-14 09:43:56,561 urllib3.connectionpool DEBUG    http://172.172.185.67:80 "GET /krd_itc_wms/odata/standard.odata//AccumulationRegister_%D0%9E%D1%81%D1%82%D0%B0%D1%82%D0%BA%D0%B8%D0%92%D0%9F%D0%BE%D0%BB%D0%BB%D0%B5%D1%82%D0%B0%D1%85/Balance?$format=json&$expand=%D0%9D%D0%BE%D0%BC%D0%B5%D0%BD%D0%BA%D0%BB%D0%B0%D1%82%D1%83%D1%80%D0%B0/Parent,%20%D0%AF%D1%87%D0%B5%D0%B9%D0%BA%D0%B0%D0%A5%D1%80%D0%B0%D0%BD%D0%B5%D0%BD%D0%B8%D1%8F/%D0%A1%D0%BA%D0%BB%D0%B0%D0%B4,%20%D0%A1%D0%B5%D1%80%D0%B8%D1%8F%D0%9D%D0%BE%D0%BC%D0%B5%D0%BD%D0%BA%D0%BB%D0%B0%D1%82%D1%83%D1%80%D1%8B&$select=%D0%9D%D0%BE%D0%BC%D0%B5%D0%BD%D0%BA%D0%BB%D0%B0%D1%82%D1%83%D1%80%D0%B0/Code,%D0%9D%D0%BE%D0%BC%D0%B5%D0%BD%D0%BA%D0%BB%D0%B0%D1%82%D1%83%D1%80%D0%B0/Description,%D0%9D%D0%BE%D0%BC%D0%B5%D0%BD%D0%BA%D0%BB%D0%B0%D1%82%D1%83%D1%80%D0%B0/%D0%90%D1%80%D1%82%D0%B8%D0%BA%D1%83%D0%BB,%D0%9D%D0%BE%D0%BC%D0%B5%D0%BD%D0%BA%D0%BB%D0%B0%D1%82%D1%83%D1%80%D0%B0/Parent/Description,%D0%9A%D0%BE%D0%BB%D0%B8%D1%87%D0%B5%D1%81%D1%82%D0%B2%D0%BEBalance,%D0%A1%D0%B5%D1%80%D0%B8%D1%8F%D0%9D%D0%BE%D0%BC%D0%B5%D0%BD%D0%BA%D0%BB%D0%B0%D1%82%D1%83%D1%80%D1%8B/%D0%94%D0%B0%D1%82%D0%B0%D0%9F%D1%80%D0%BE%D0%B8%D0%B7%D0%B2%D0%BE%D0%B4%D1%81%D1%82%D0%B2%D0%B0,%D0%A1%D0%B5%D1%80%D0%B8%D1%8F%D0%9D%D0%BE%D0%BC%D0%B5%D0%BD%D0%BA%D0%BB%D0%B0%D1%82%D1%83%D1%80%D1%8B/%D0%93%D0%BE%D0%B4%D0%B5%D0%BD%D0%94%D0%BE,%D0%AF%D1%87%D0%B5%D0%B9%D0%BA%D0%B0%D0%A5%D1%80%D0%B0%D0%BD%D0%B5%D0%BD%D0%B8%D1%8F/%D0%A1%D0%BA%D0%BB%D0%B0%D0%B4/Description&$orderby=%D0%9D%D0%BE%D0%BC%D0%B5%D0%BD%D0%BA%D0%BB%D0%B0%D1%82%D1%83%D1%80%D0%B0/%D0%90%D1%80%D1%82%D0%B8%D0%BA%D1%83%D0%BB&$filter=%D0%9D%D0%BE%D0%BC%D0%B5%D0%BD%D0%BA%D0%BB%D0%B0%D1%82%D1%83%D1%80%D0%B0/Parent/Code%20eq%20'304903' HTTP/1.1" 200 172320
2025-03-14 09:44:14,611 urllib3.connectionpool DEBUG    Starting new HTTP connection (1): 172.172.185.67:80
2025-03-14 09:44:18,336 urllib3.connectionpool DEBUG    http://172.172.185.67:80 "GET /krd_itc_wms/odata/standard.odata//AccumulationRegister_%D0%9E%D1%81%D1%82%D0%B0%D1%82%D0%BA%D0%B8%D0%92%D0%9F%D0%BE%D0%BB%D0%BB%D0%B5%D1%82%D0%B0%D1%85/Balance?$format=json&$expand=%D0%9D%D0%BE%D0%BC%D0%B5%D0%BD%D0%BA%D0%BB%D0%B0%D1%82%D1%83%D1%80%D0%B0/Parent,%20%D0%AF%D1%87%D0%B5%D0%B9%D0%BA%D0%B0%D0%A5%D1%80%D0%B0%D0%BD%D0%B5%D0%BD%D0%B8%D1%8F/%D0%A1%D0%BA%D0%BB%D0%B0%D0%B4,%20%D0%A1%D0%B5%D1%80%D0%B8%D1%8F%D0%9D%D0%BE%D0%BC%D0%B5%D0%BD%D0%BA%D0%BB%D0%B0%D1%82%D1%83%D1%80%D1%8B&$select=%D0%9D%D0%BE%D0%BC%D0%B5%D0%BD%D0%BA%D0%BB%D0%B0%D1%82%D1%83%D1%80%D0%B0/Code,%D0%9D%D0%BE%D0%BC%D0%B5%D0%BD%D0%BA%D0%BB%D0%B0%D1%82%D1%83%D1%80%D0%B0/Description,%D0%9D%D0%BE%D0%BC%D0%B5%D0%BD%D0%BA%D0%BB%D0%B0%D1%82%D1%83%D1%80%D0%B0/%D0%90%D1%80%D1%82%D0%B8%D0%BA%D1%83%D0%BB,%D0%9D%D0%BE%D0%BC%D0%B5%D0%BD%D0%BA%D0%BB%D0%B0%D1%82%D1%83%D1%80%D0%B0/Parent/Description,%D0%9A%D0%BE%D0%BB%D0%B8%D1%87%D0%B5%D1%81%D1%82%D0%B2%D0%BEBalance,%D0%A1%D0%B5%D1%80%D0%B8%D1%8F%D0%9D%D0%BE%D0%BC%D0%B5%D0%BD%D0%BA%D0%BB%D0%B0%D1%82%D1%83%D1%80%D1%8B/%D0%94%D0%B0%D1%82%D0%B0%D0%9F%D1%80%D0%BE%D0%B8%D0%B7%D0%B2%D0%BE%D0%B4%D1%81%D1%82%D0%B2%D0%B0,%D0%A1%D0%B5%D1%80%D0%B8%D1%8F%D0%9D%D0%BE%D0%BC%D0%B5%D0%BD%D0%BA%D0%BB%D0%B0%D1%82%D1%83%D1%80%D1%8B/%D0%93%D0%BE%D0%B4%D0%B5%D0%BD%D0%94%D0%BE,%D0%AF%D1%87%D0%B5%D0%B9%D0%BA%D0%B0%D0%A5%D1%80%D0%B0%D0%BD%D0%B5%D0%BD%D0%B8%D1%8F/%D0%A1%D0%BA%D0%BB%D0%B0%D0%B4/Description&$orderby=%D0%9D%D0%BE%D0%BC%D0%B5%D0%BD%D0%BA%D0%BB%D0%B0%D1%82%D1%83%D1%80%D0%B0/%D0%90%D1%80%D1%82%D0%B8%D0%BA%D1%83%D0%BB&$filter=%D0%9D%D0%BE%D0%BC%D0%B5%D0%BD%D0%BA%D0%BB%D0%B0%D1%82%D1%83%D1%80%D0%B0/Parent/Code%20eq%20'391226' HTTP/1.1" 200 298282
2025-03-14 09:44:32,712 urllib3.connectionpool DEBUG    Starting new HTTP connection (1): 172.172.185.67:80
2025-03-14 09:44:33,236 urllib3.connectionpool DEBUG    http://172.172.185.67:80 "GET /krd_itc_wms/odata/standard.odata//AccumulationRegister_%D0%9E%D1%81%D1%82%D0%B0%D1%82%D0%BA%D0%B8%D0%92%D0%9F%D0%BE%D0%BB%D0%BB%D0%B5%D1%82%D0%B0%D1%85/Balance?$format=json&$expand=%D0%9D%D0%BE%D0%BC%D0%B5%D0%BD%D0%BA%D0%BB%D0%B0%D1%82%D1%83%D1%80%D0%B0/Parent,%20%D0%AF%D1%87%D0%B5%D0%B9%D0%BA%D0%B0%D0%A5%D1%80%D0%B0%D0%BD%D0%B5%D0%BD%D0%B8%D1%8F/%D0%A1%D0%BA%D0%BB%D0%B0%D0%B4,%20%D0%A1%D0%B5%D1%80%D0%B8%D1%8F%D0%9D%D0%BE%D0%BC%D0%B5%D0%BD%D0%BA%D0%BB%D0%B0%D1%82%D1%83%D1%80%D1%8B&$select=%D0%9D%D0%BE%D0%BC%D0%B5%D0%BD%D0%BA%D0%BB%D0%B0%D1%82%D1%83%D1%80%D0%B0/Code,%D0%9D%D0%BE%D0%BC%D0%B5%D0%BD%D0%BA%D0%BB%D0%B0%D1%82%D1%83%D1%80%D0%B0/Description,%D0%9D%D0%BE%D0%BC%D0%B5%D0%BD%D0%BA%D0%BB%D0%B0%D1%82%D1%83%D1%80%D0%B0/%D0%90%D1%80%D1%82%D0%B8%D0%BA%D1%83%D0%BB,%D0%9D%D0%BE%D0%BC%D0%B5%D0%BD%D0%BA%D0%BB%D0%B0%D1%82%D1%83%D1%80%D0%B0/Parent/Description,%D0%9A%D0%BE%D0%BB%D0%B8%D1%87%D0%B5%D1%81%D1%82%D0%B2%D0%BEBalance,%D0%A1%D0%B5%D1%80%D0%B8%D1%8F%D0%9D%D0%BE%D0%BC%D0%B5%D0%BD%D0%BA%D0%BB%D0%B0%D1%82%D1%83%D1%80%D1%8B/%D0%94%D0%B0%D1%82%D0%B0%D0%9F%D1%80%D0%BE%D0%B8%D0%B7%D0%B2%D0%BE%D0%B4%D1%81%D1%82%D0%B2%D0%B0,%D0%A1%D0%B5%D1%80%D0%B8%D1%8F%D0%9D%D0%BE%D0%BC%D0%B5%D0%BD%D0%BA%D0%BB%D0%B0%D1%82%D1%83%D1%80%D1%8B/%D0%93%D0%BE%D0%B4%D0%B5%D0%BD%D0%94%D0%BE,%D0%AF%D1%87%D0%B5%D0%B9%D0%BA%D0%B0%D0%A5%D1%80%D0%B0%D0%BD%D0%B5%D0%BD%D0%B8%D1%8F/%D0%A1%D0%BA%D0%BB%D0%B0%D0%B4/Description&$orderby=%D0%9D%D0%BE%D0%BC%D0%B5%D0%BD%D0%BA%D0%BB%D0%B0%D1%82%D1%83%D1%80%D0%B0/%D0%90%D1%80%D1%82%D0%B8%D0%BA%D1%83%D0%BB&$filter=%D0%9D%D0%BE%D0%BC%D0%B5%D0%BD%D0%BA%D0%BB%D0%B0%D1%82%D1%83%D1%80%D0%B0/Parent/Code%20eq%20'356959' HTTP/1.1" 200 28394
2025-03-14 09:44:40,888 urllib3.connectionpool DEBUG    Starting new HTTP connection (1): 172.172.185.67:80
2025-03-14 09:44:41,407 urllib3.connectionpool DEBUG    http://172.172.185.67:80 "GET /krd_itc_wms/odata/standard.odata//AccumulationRegister_%D0%9E%D1%81%D1%82%D0%B0%D1%82%D0%BA%D0%B8%D0%92%D0%9F%D0%BE%D0%BB%D0%BB%D0%B5%D1%82%D0%B0%D1%85/Balance?$format=json&$expand=%D0%9D%D0%BE%D0%BC%D0%B5%D0%BD%D0%BA%D0%BB%D0%B0%D1%82%D1%83%D1%80%D0%B0/Parent,%20%D0%AF%D1%87%D0%B5%D0%B9%D0%BA%D0%B0%D0%A5%D1%80%D0%B0%D0%BD%D0%B5%D0%BD%D0%B8%D1%8F/%D0%A1%D0%BA%D0%BB%D0%B0%D0%B4,%20%D0%A1%D0%B5%D1%80%D0%B8%D1%8F%D0%9D%D0%BE%D0%BC%D0%B5%D0%BD%D0%BA%D0%BB%D0%B0%D1%82%D1%83%D1%80%D1%8B&$select=%D0%9D%D0%BE%D0%BC%D0%B5%D0%BD%D0%BA%D0%BB%D0%B0%D1%82%D1%83%D1%80%D0%B0/Code,%D0%9D%D0%BE%D0%BC%D0%B5%D0%BD%D0%BA%D0%BB%D0%B0%D1%82%D1%83%D1%80%D0%B0/Description,%D0%9D%D0%BE%D0%BC%D0%B5%D0%BD%D0%BA%D0%BB%D0%B0%D1%82%D1%83%D1%80%D0%B0/%D0%90%D1%80%D1%82%D0%B8%D0%BA%D1%83%D0%BB,%D0%9D%D0%BE%D0%BC%D0%B5%D0%BD%D0%BA%D0%BB%D0%B0%D1%82%D1%83%D1%80%D0%B0/Parent/Description,%D0%9A%D0%BE%D0%BB%D0%B8%D1%87%D0%B5%D1%81%D1%82%D0%B2%D0%BEBalance,%D0%A1%D0%B5%D1%80%D0%B8%D1%8F%D0%9D%D0%BE%D0%BC%D0%B5%D0%BD%D0%BA%D0%BB%D0%B0%D1%82%D1%83%D1%80%D1%8B/%D0%94%D0%B0%D1%82%D0%B0%D0%9F%D1%80%D0%BE%D0%B8%D0%B7%D0%B2%D0%BE%D0%B4%D1%81%D1%82%D0%B2%D0%B0,%D0%A1%D0%B5%D1%80%D0%B8%D1%8F%D0%9D%D0%BE%D0%BC%D0%B5%D0%BD%D0%BA%D0%BB%D0%B0%D1%82%D1%83%D1%80%D1%8B/%D0%93%D0%BE%D0%B4%D0%B5%D0%BD%D0%94%D0%BE,%D0%AF%D1%87%D0%B5%D0%B9%D0%BA%D0%B0%D0%A5%D1%80%D0%B0%D0%BD%D0%B5%D0%BD%D0%B8%D1%8F/%D0%A1%D0%BA%D0%BB%D0%B0%D0%B4/Description&$orderby=%D0%9D%D0%BE%D0%BC%D0%B5%D0%BD%D0%BA%D0%BB%D0%B0%D1%82%D1%83%D1%80%D0%B0/%D0%90%D1%80%D1%82%D0%B8%D0%BA%D1%83%D0%BB&$filter=%D0%9D%D0%BE%D0%BC%D0%B5%D0%BD%D0%BA%D0%BB%D0%B0%D1%82%D1%83%D1%80%D0%B0/Parent/Code%20eq%20'356959' HTTP/1.1" 200 28394
2025-03-14 09:45:03,946 urllib3.connectionpool DEBUG    Starting new HTTP connection (1): 172.172.185.67:80
2025-03-14 09:45:07,637 urllib3.connectionpool DEBUG    http://172.172.185.67:80 "GET /krd_itc_wms/odata/standard.odata//AccumulationRegister_%D0%9E%D1%81%D1%82%D0%B0%D1%82%D0%BA%D0%B8%D0%92%D0%9F%D0%BE%D0%BB%D0%BB%D0%B5%D1%82%D0%B0%D1%85/Balance?$format=json&$expand=%D0%9D%D0%BE%D0%BC%D0%B5%D0%BD%D0%BA%D0%BB%D0%B0%D1%82%D1%83%D1%80%D0%B0/Parent,%20%D0%AF%D1%87%D0%B5%D0%B9%D0%BA%D0%B0%D0%A5%D1%80%D0%B0%D0%BD%D0%B5%D0%BD%D0%B8%D1%8F/%D0%A1%D0%BA%D0%BB%D0%B0%D0%B4,%20%D0%A1%D0%B5%D1%80%D0%B8%D1%8F%D0%9D%D0%BE%D0%BC%D0%B5%D0%BD%D0%BA%D0%BB%D0%B0%D1%82%D1%83%D1%80%D1%8B&$select=%D0%9D%D0%BE%D0%BC%D0%B5%D0%BD%D0%BA%D0%BB%D0%B0%D1%82%D1%83%D1%80%D0%B0/Code,%D0%9D%D0%BE%D0%BC%D0%B5%D0%BD%D0%BA%D0%BB%D0%B0%D1%82%D1%83%D1%80%D0%B0/Description,%D0%9D%D0%BE%D0%BC%D0%B5%D0%BD%D0%BA%D0%BB%D0%B0%D1%82%D1%83%D1%80%D0%B0/%D0%90%D1%80%D1%82%D0%B8%D0%BA%D1%83%D0%BB,%D0%9D%D0%BE%D0%BC%D0%B5%D0%BD%D0%BA%D0%BB%D0%B0%D1%82%D1%83%D1%80%D0%B0/Parent/Description,%D0%9A%D0%BE%D0%BB%D0%B8%D1%87%D0%B5%D1%81%D1%82%D0%B2%D0%BEBalance,%D0%A1%D0%B5%D1%80%D0%B8%D1%8F%D0%9D%D0%BE%D0%BC%D0%B5%D0%BD%D0%BA%D0%BB%D0%B0%D1%82%D1%83%D1%80%D1%8B/%D0%94%D0%B0%D1%82%D0%B0%D0%9F%D1%80%D0%BE%D0%B8%D0%B7%D0%B2%D0%BE%D0%B4%D1%81%D1%82%D0%B2%D0%B0,%D0%A1%D0%B5%D1%80%D0%B8%D1%8F%D0%9D%D0%BE%D0%BC%D0%B5%D0%BD%D0%BA%D0%BB%D0%B0%D1%82%D1%83%D1%80%D1%8B/%D0%93%D0%BE%D0%B4%D0%B5%D0%BD%D0%94%D0%BE,%D0%AF%D1%87%D0%B5%D0%B9%D0%BA%D0%B0%D0%A5%D1%80%D0%B0%D0%BD%D0%B5%D0%BD%D0%B8%D1%8F/%D0%A1%D0%BA%D0%BB%D0%B0%D0%B4/Description&$orderby=%D0%9D%D0%BE%D0%BC%D0%B5%D0%BD%D0%BA%D0%BB%D0%B0%D1%82%D1%83%D1%80%D0%B0/%D0%90%D1%80%D1%82%D0%B8%D0%BA%D1%83%D0%BB&$filter=%D0%9D%D0%BE%D0%BC%D0%B5%D0%BD%D0%BA%D0%BB%D0%B0%D1%82%D1%83%D1%80%D0%B0/Parent/Code%20eq%20'391291' HTTP/1.1" 200 439765
2025-03-14 13:06:42,495 django.request WARNING  Not Found: /favicon.ico
2025-03-14 13:28:56,233 django.request WARNING  Not Found: /favicon.ico
2025-03-14 13:31:49,330 django.request WARNING  Not Found: /favicon.ico
2025-03-14 16:16:01,628 django.request WARNING  Not Found: /favicon.ico
2025-03-14 16:22:17,174 django.security.csrf WARNING  Forbidden (CSRF token missing.): /vlg/contracts/atm/process_applications/load_file
2025-03-14 16:22:19,940 django.security.csrf WARNING  Forbidden (CSRF token missing.): /vlg/contracts/atm/process_applications/load_file
2025-03-14 17:34:50,982 django.request WARNING  Not Found: /favicon.ico
2025-03-17 08:46:04,045 django.request WARNING  Not Found: /favicon.ico
2025-03-17 10:28:46,992 django.request WARNING  Not Found: /favicon.ico
2025-03-17 11:04:21,776 django.request WARNING  Not Found: /favicon.ico
2025-03-17 11:10:14,364 django.utils.autoreload INFO     C:\Users\rhashhanok\PycharmProjects\SLEX_02\base_app\contract_models\krd\agro.py changed, reloading.
2025-03-17 11:10:16,028 django.utils.autoreload INFO     Watching for file changes with StatReloader
2025-03-17 11:13:39,412 django.request WARNING  Not Found: /favicon.ico
2025-03-17 11:13:48,488 django.utils.autoreload INFO     C:\Users\rhashhanok\PycharmProjects\SLEX_02\base_app\contract_models\krd\agro.py changed, reloading.
2025-03-17 11:13:50,201 django.utils.autoreload INFO     Watching for file changes with StatReloader
2025-03-17 11:14:17,636 django.utils.autoreload INFO     C:\Users\rhashhanok\PycharmProjects\SLEX_02\base_app\contract_models\krd\agro.py changed, reloading.
2025-03-17 11:14:19,181 django.utils.autoreload INFO     Watching for file changes with StatReloader
2025-03-17 11:20:40,142 django.utils.autoreload INFO     C:\Users\rhashhanok\PycharmProjects\SLEX_02\base_app\contract_models\krd\agro.py changed, reloading.
2025-03-17 11:20:41,620 django.utils.autoreload INFO     Watching for file changes with StatReloader
2025-03-17 11:21:42,227 django.utils.autoreload INFO     C:\Users\rhashhanok\PycharmProjects\SLEX_02\base_app\contract_models\krd\agro.py changed, reloading.
2025-03-17 11:21:43,705 django.utils.autoreload INFO     Watching for file changes with StatReloader
2025-03-17 11:22:17,770 django.utils.autoreload INFO     C:\Users\rhashhanok\PycharmProjects\SLEX_02\base_app\contract_models\krd\agro.py changed, reloading.
2025-03-17 11:22:19,338 django.utils.autoreload INFO     Watching for file changes with StatReloader
2025-03-17 11:22:43,428 django.utils.autoreload INFO     C:\Users\rhashhanok\PycharmProjects\SLEX_02\base_app\contract_models\krd\agro.py changed, reloading.
2025-03-17 11:22:45,162 django.utils.autoreload INFO     Watching for file changes with StatReloader
2025-03-17 11:22:48,486 django.request ERROR    Internal Server Error: /krd/contracts/agrokompleks/build_route_list
Traceback (most recent call last):
  File "C:\Users\rhashhanok\PycharmProjects\SLEX_02\.venv\Lib\site-packages\django\core\handlers\exception.py", line 55, in inner
    response = get_response(request)
               ^^^^^^^^^^^^^^^^^^^^^
  File "C:\Users\rhashhanok\PycharmProjects\SLEX_02\.venv\Lib\site-packages\django\core\handlers\base.py", line 197, in _get_response
    response = wrapped_callback(request, *callback_args, **callback_kwargs)
               ^^^^^^^^^^^^^^^^^^^^^^^^^^^^^^^^^^^^^^^^^^^^^^^^^^^^^^^^^^^^
  File "C:\Users\rhashhanok\PycharmProjects\SLEX_02\base_app\views.py", line 98, in show_choice_operation
    return render(request, f'base_app/operations.html', context=context)
           ^^^^^^^^^^^^^^^^^^^^^^^^^^^^^^^^^^^^^^^^^^^^^^^^^^^^^^^^^^^^^
  File "C:\Users\rhashhanok\PycharmProjects\SLEX_02\.venv\Lib\site-packages\django\shortcuts.py", line 25, in render
    content = loader.render_to_string(template_name, context, request, using=using)
              ^^^^^^^^^^^^^^^^^^^^^^^^^^^^^^^^^^^^^^^^^^^^^^^^^^^^^^^^^^^^^^^^^^^^^
  File "C:\Users\rhashhanok\PycharmProjects\SLEX_02\.venv\Lib\site-packages\django\template\loader.py", line 62, in render_to_string
    return template.render(context, request)
           ^^^^^^^^^^^^^^^^^^^^^^^^^^^^^^^^^
  File "C:\Users\rhashhanok\PycharmProjects\SLEX_02\.venv\Lib\site-packages\django\template\backends\django.py", line 61, in render
    return self.template.render(context)
           ^^^^^^^^^^^^^^^^^^^^^^^^^^^^^
  File "C:\Users\rhashhanok\PycharmProjects\SLEX_02\.venv\Lib\site-packages\django\template\base.py", line 171, in render
    return self._render(context)
           ^^^^^^^^^^^^^^^^^^^^^
  File "C:\Users\rhashhanok\PycharmProjects\SLEX_02\.venv\Lib\site-packages\django\template\base.py", line 163, in _render
    return self.nodelist.render(context)
           ^^^^^^^^^^^^^^^^^^^^^^^^^^^^^
  File "C:\Users\rhashhanok\PycharmProjects\SLEX_02\.venv\Lib\site-packages\django\template\base.py", line 1000, in render
    return SafeString("".join([node.render_annotated(context) for node in self]))
                               ^^^^^^^^^^^^^^^^^^^^^^^^^^^^^^
  File "C:\Users\rhashhanok\PycharmProjects\SLEX_02\.venv\Lib\site-packages\django\template\base.py", line 961, in render_annotated
    return self.render(context)
           ^^^^^^^^^^^^^^^^^^^^
  File "C:\Users\rhashhanok\PycharmProjects\SLEX_02\.venv\Lib\site-packages\django\template\loader_tags.py", line 159, in render
    return compiled_parent._render(context)
           ^^^^^^^^^^^^^^^^^^^^^^^^^^^^^^^^
  File "C:\Users\rhashhanok\PycharmProjects\SLEX_02\.venv\Lib\site-packages\django\template\base.py", line 163, in _render
    return self.nodelist.render(context)
           ^^^^^^^^^^^^^^^^^^^^^^^^^^^^^
  File "C:\Users\rhashhanok\PycharmProjects\SLEX_02\.venv\Lib\site-packages\django\template\base.py", line 1000, in render
    return SafeString("".join([node.render_annotated(context) for node in self]))
                               ^^^^^^^^^^^^^^^^^^^^^^^^^^^^^^
  File "C:\Users\rhashhanok\PycharmProjects\SLEX_02\.venv\Lib\site-packages\django\template\base.py", line 961, in render_annotated
    return self.render(context)
           ^^^^^^^^^^^^^^^^^^^^
  File "C:\Users\rhashhanok\PycharmProjects\SLEX_02\.venv\Lib\site-packages\django\template\loader_tags.py", line 65, in render
    result = block.nodelist.render(context)
             ^^^^^^^^^^^^^^^^^^^^^^^^^^^^^^
  File "C:\Users\rhashhanok\PycharmProjects\SLEX_02\.venv\Lib\site-packages\django\template\base.py", line 1000, in render
    return SafeString("".join([node.render_annotated(context) for node in self]))
                               ^^^^^^^^^^^^^^^^^^^^^^^^^^^^^^
  File "C:\Users\rhashhanok\PycharmProjects\SLEX_02\.venv\Lib\site-packages\django\template\base.py", line 961, in render_annotated
    return self.render(context)
           ^^^^^^^^^^^^^^^^^^^^
  File "C:\Users\rhashhanok\PycharmProjects\SLEX_02\.venv\Lib\site-packages\django\template\defaulttags.py", line 326, in render
    return nodelist.render(context)
           ^^^^^^^^^^^^^^^^^^^^^^^^
  File "C:\Users\rhashhanok\PycharmProjects\SLEX_02\.venv\Lib\site-packages\django\template\base.py", line 1000, in render
    return SafeString("".join([node.render_annotated(context) for node in self]))
                               ^^^^^^^^^^^^^^^^^^^^^^^^^^^^^^
  File "C:\Users\rhashhanok\PycharmProjects\SLEX_02\.venv\Lib\site-packages\django\template\base.py", line 961, in render_annotated
    return self.render(context)
           ^^^^^^^^^^^^^^^^^^^^
  File "C:\Users\rhashhanok\PycharmProjects\SLEX_02\.venv\Lib\site-packages\django\template\defaulttags.py", line 326, in render
    return nodelist.render(context)
           ^^^^^^^^^^^^^^^^^^^^^^^^
  File "C:\Users\rhashhanok\PycharmProjects\SLEX_02\.venv\Lib\site-packages\django\template\base.py", line 1000, in render
    return SafeString("".join([node.render_annotated(context) for node in self]))
                               ^^^^^^^^^^^^^^^^^^^^^^^^^^^^^^
  File "C:\Users\rhashhanok\PycharmProjects\SLEX_02\.venv\Lib\site-packages\django\template\base.py", line 961, in render_annotated
    return self.render(context)
           ^^^^^^^^^^^^^^^^^^^^
  File "C:\Users\rhashhanok\PycharmProjects\SLEX_02\.venv\Lib\site-packages\django\template\defaulttags.py", line 479, in render
    url = reverse(view_name, args=args, kwargs=kwargs, current_app=current_app)
          ^^^^^^^^^^^^^^^^^^^^^^^^^^^^^^^^^^^^^^^^^^^^^^^^^^^^^^^^^^^^^^^^^^^^^
  File "C:\Users\rhashhanok\PycharmProjects\SLEX_02\.venv\Lib\site-packages\django\urls\base.py", line 88, in reverse
    return resolver._reverse_with_prefix(view, prefix, *args, **kwargs)
           ^^^^^^^^^^^^^^^^^^^^^^^^^^^^^^^^^^^^^^^^^^^^^^^^^^^^^^^^^^^^
  File "C:\Users\rhashhanok\PycharmProjects\SLEX_02\.venv\Lib\site-packages\django\urls\resolvers.py", line 851, in _reverse_with_prefix
    raise NoReverseMatch(msg)
django.urls.exceptions.NoReverseMatch: Reverse for 'event_load_file' with keyword arguments '{'_filial_slug': '', '_contract_slug': '', '_operation_slug': 'build_route_list'}' not found. 1 pattern(s) tried: ['(?P<_filial_slug>[-a-zA-Z0-9_]+)/contracts/(?P<_contract_slug>[-a-zA-Z0-9_]+)/(?P<_operation_slug>[-a-zA-Z0-9_]+)/load_file\\Z']
2025-03-17 11:23:33,570 django.utils.autoreload INFO     C:\Users\rhashhanok\PycharmProjects\SLEX_02\base_app\contract_models\krd\agro.py changed, reloading.
2025-03-17 11:23:35,089 django.utils.autoreload INFO     Watching for file changes with StatReloader
2025-03-17 11:23:55,645 django.utils.autoreload INFO     C:\Users\rhashhanok\PycharmProjects\SLEX_02\base_app\contract_models\krd\agro.py changed, reloading.
2025-03-17 11:23:57,347 django.utils.autoreload INFO     Watching for file changes with StatReloader
2025-03-17 11:24:45,321 django.utils.autoreload INFO     C:\Users\rhashhanok\PycharmProjects\SLEX_02\base_app\contract_models\krd\agro.py changed, reloading.
2025-03-17 11:24:46,763 django.utils.autoreload INFO     Watching for file changes with StatReloader
2025-03-17 11:27:02,623 django.utils.autoreload INFO     C:\Users\rhashhanok\PycharmProjects\SLEX_02\base_app\contract_models\krd\agro.py changed, reloading.
2025-03-17 11:27:04,280 django.utils.autoreload INFO     Watching for file changes with StatReloader
2025-03-17 11:28:31,088 django.utils.autoreload INFO     C:\Users\rhashhanok\PycharmProjects\SLEX_02\base_app\contract_models\krd\agro.py changed, reloading.
2025-03-17 11:28:32,580 django.utils.autoreload INFO     Watching for file changes with StatReloader
2025-03-17 11:29:00,071 django.utils.autoreload INFO     C:\Users\rhashhanok\PycharmProjects\SLEX_02\base_app\contract_models\krd\agro.py changed, reloading.
2025-03-17 11:29:01,578 django.utils.autoreload INFO     Watching for file changes with StatReloader
2025-03-17 11:33:44,364 django.utils.autoreload INFO     C:\Users\rhashhanok\PycharmProjects\SLEX_02\base_app\contract_models\krd\agro.py changed, reloading.
2025-03-17 11:33:45,928 django.utils.autoreload INFO     Watching for file changes with StatReloader
2025-03-17 11:33:53,976 urllib3.connectionpool DEBUG    Starting new HTTP connection (1): 172.172.185.67:80
2025-03-17 11:33:57,307 urllib3.connectionpool DEBUG    http://172.172.185.67:80 "POST /krd_itc_wms/ru_RU/hs/PutData HTTP/1.1" 200 154
2025-03-17 11:35:40,017 urllib3.connectionpool DEBUG    Starting new HTTP connection (1): 172.172.185.67:80
2025-03-17 11:35:43,586 urllib3.connectionpool DEBUG    http://172.172.185.67:80 "GET /krd_itc_wms/odata/standard.odata//AccumulationRegister_%D0%9E%D1%81%D1%82%D0%B0%D1%82%D0%BA%D0%B8%D0%92%D0%9F%D0%BE%D0%BB%D0%BB%D0%B5%D1%82%D0%B0%D1%85/Balance?$format=json&$expand=%D0%9D%D0%BE%D0%BC%D0%B5%D0%BD%D0%BA%D0%BB%D0%B0%D1%82%D1%83%D1%80%D0%B0/Parent,%20%D0%AF%D1%87%D0%B5%D0%B9%D0%BA%D0%B0%D0%A5%D1%80%D0%B0%D0%BD%D0%B5%D0%BD%D0%B8%D1%8F/%D0%A1%D0%BA%D0%BB%D0%B0%D0%B4,%20%D0%A1%D0%B5%D1%80%D0%B8%D1%8F%D0%9D%D0%BE%D0%BC%D0%B5%D0%BD%D0%BA%D0%BB%D0%B0%D1%82%D1%83%D1%80%D1%8B&$select=%D0%9D%D0%BE%D0%BC%D0%B5%D0%BD%D0%BA%D0%BB%D0%B0%D1%82%D1%83%D1%80%D0%B0/Code,%D0%9D%D0%BE%D0%BC%D0%B5%D0%BD%D0%BA%D0%BB%D0%B0%D1%82%D1%83%D1%80%D0%B0/Description,%D0%9D%D0%BE%D0%BC%D0%B5%D0%BD%D0%BA%D0%BB%D0%B0%D1%82%D1%83%D1%80%D0%B0/%D0%90%D1%80%D1%82%D0%B8%D0%BA%D1%83%D0%BB,%D0%9D%D0%BE%D0%BC%D0%B5%D0%BD%D0%BA%D0%BB%D0%B0%D1%82%D1%83%D1%80%D0%B0/Parent/Description,%D0%9A%D0%BE%D0%BB%D0%B8%D1%87%D0%B5%D1%81%D1%82%D0%B2%D0%BEBalance,%D0%A1%D0%B5%D1%80%D0%B8%D1%8F%D0%9D%D0%BE%D0%BC%D0%B5%D0%BD%D0%BA%D0%BB%D0%B0%D1%82%D1%83%D1%80%D1%8B/%D0%94%D0%B0%D1%82%D0%B0%D0%9F%D1%80%D0%BE%D0%B8%D0%B7%D0%B2%D0%BE%D0%B4%D1%81%D1%82%D0%B2%D0%B0,%D0%A1%D0%B5%D1%80%D0%B8%D1%8F%D0%9D%D0%BE%D0%BC%D0%B5%D0%BD%D0%BA%D0%BB%D0%B0%D1%82%D1%83%D1%80%D1%8B/%D0%93%D0%BE%D0%B4%D0%B5%D0%BD%D0%94%D0%BE,%D0%AF%D1%87%D0%B5%D0%B9%D0%BA%D0%B0%D0%A5%D1%80%D0%B0%D0%BD%D0%B5%D0%BD%D0%B8%D1%8F/%D0%A1%D0%BA%D0%BB%D0%B0%D0%B4/Description&$orderby=%D0%9D%D0%BE%D0%BC%D0%B5%D0%BD%D0%BA%D0%BB%D0%B0%D1%82%D1%83%D1%80%D0%B0/%D0%90%D1%80%D1%82%D0%B8%D0%BA%D1%83%D0%BB&$filter=%D0%9D%D0%BE%D0%BC%D0%B5%D0%BD%D0%BA%D0%BB%D0%B0%D1%82%D1%83%D1%80%D0%B0/Parent/Code%20eq%20'304903' HTTP/1.1" 200 170797
2025-03-17 11:35:45,289 urllib3.connectionpool DEBUG    Starting new HTTP connection (1): 172.172.185.67:80
2025-03-17 11:35:45,776 urllib3.connectionpool DEBUG    http://172.172.185.67:80 "GET /krd_itc_wms/odata/standard.odata//AccumulationRegister_%D0%9E%D1%81%D1%82%D0%B0%D1%82%D0%BA%D0%B8%D0%92%D0%9F%D0%BE%D0%BB%D0%BB%D0%B5%D1%82%D0%B0%D1%85/Balance?$format=json&$expand=%D0%9D%D0%BE%D0%BC%D0%B5%D0%BD%D0%BA%D0%BB%D0%B0%D1%82%D1%83%D1%80%D0%B0/Parent,%20%D0%AF%D1%87%D0%B5%D0%B9%D0%BA%D0%B0%D0%A5%D1%80%D0%B0%D0%BD%D0%B5%D0%BD%D0%B8%D1%8F/%D0%A1%D0%BA%D0%BB%D0%B0%D0%B4,%20%D0%A1%D0%B5%D1%80%D0%B8%D1%8F%D0%9D%D0%BE%D0%BC%D0%B5%D0%BD%D0%BA%D0%BB%D0%B0%D1%82%D1%83%D1%80%D1%8B&$select=%D0%9D%D0%BE%D0%BC%D0%B5%D0%BD%D0%BA%D0%BB%D0%B0%D1%82%D1%83%D1%80%D0%B0/Code,%D0%9D%D0%BE%D0%BC%D0%B5%D0%BD%D0%BA%D0%BB%D0%B0%D1%82%D1%83%D1%80%D0%B0/Description,%D0%9D%D0%BE%D0%BC%D0%B5%D0%BD%D0%BA%D0%BB%D0%B0%D1%82%D1%83%D1%80%D0%B0/%D0%90%D1%80%D1%82%D0%B8%D0%BA%D1%83%D0%BB,%D0%9D%D0%BE%D0%BC%D0%B5%D0%BD%D0%BA%D0%BB%D0%B0%D1%82%D1%83%D1%80%D0%B0/Parent/Description,%D0%9A%D0%BE%D0%BB%D0%B8%D1%87%D0%B5%D1%81%D1%82%D0%B2%D0%BEBalance,%D0%A1%D0%B5%D1%80%D0%B8%D1%8F%D0%9D%D0%BE%D0%BC%D0%B5%D0%BD%D0%BA%D0%BB%D0%B0%D1%82%D1%83%D1%80%D1%8B/%D0%94%D0%B0%D1%82%D0%B0%D0%9F%D1%80%D0%BE%D0%B8%D0%B7%D0%B2%D0%BE%D0%B4%D1%81%D1%82%D0%B2%D0%B0,%D0%A1%D0%B5%D1%80%D0%B8%D1%8F%D0%9D%D0%BE%D0%BC%D0%B5%D0%BD%D0%BA%D0%BB%D0%B0%D1%82%D1%83%D1%80%D1%8B/%D0%93%D0%BE%D0%B4%D0%B5%D0%BD%D0%94%D0%BE,%D0%AF%D1%87%D0%B5%D0%B9%D0%BA%D0%B0%D0%A5%D1%80%D0%B0%D0%BD%D0%B5%D0%BD%D0%B8%D1%8F/%D0%A1%D0%BA%D0%BB%D0%B0%D0%B4/Description&$orderby=%D0%9D%D0%BE%D0%BC%D0%B5%D0%BD%D0%BA%D0%BB%D0%B0%D1%82%D1%83%D1%80%D0%B0/%D0%90%D1%80%D1%82%D0%B8%D0%BA%D1%83%D0%BB&$filter=%D0%9D%D0%BE%D0%BC%D0%B5%D0%BD%D0%BA%D0%BB%D0%B0%D1%82%D1%83%D1%80%D0%B0/Parent/Code%20eq%20'304903' HTTP/1.1" 200 170797
2025-03-17 11:36:01,200 urllib3.connectionpool DEBUG    Starting new HTTP connection (1): 172.172.185.67:80
2025-03-17 11:36:01,779 urllib3.connectionpool DEBUG    http://172.172.185.67:80 "GET /krd_itc_wms/odata/standard.odata//AccumulationRegister_%D0%9E%D1%81%D1%82%D0%B0%D1%82%D0%BA%D0%B8%D0%92%D0%9F%D0%BE%D0%BB%D0%BB%D0%B5%D1%82%D0%B0%D1%85/Balance?$format=json&$expand=%D0%9D%D0%BE%D0%BC%D0%B5%D0%BD%D0%BA%D0%BB%D0%B0%D1%82%D1%83%D1%80%D0%B0/Parent,%20%D0%AF%D1%87%D0%B5%D0%B9%D0%BA%D0%B0%D0%A5%D1%80%D0%B0%D0%BD%D0%B5%D0%BD%D0%B8%D1%8F/%D0%A1%D0%BA%D0%BB%D0%B0%D0%B4,%20%D0%A1%D0%B5%D1%80%D0%B8%D1%8F%D0%9D%D0%BE%D0%BC%D0%B5%D0%BD%D0%BA%D0%BB%D0%B0%D1%82%D1%83%D1%80%D1%8B&$select=%D0%9D%D0%BE%D0%BC%D0%B5%D0%BD%D0%BA%D0%BB%D0%B0%D1%82%D1%83%D1%80%D0%B0/Code,%D0%9D%D0%BE%D0%BC%D0%B5%D0%BD%D0%BA%D0%BB%D0%B0%D1%82%D1%83%D1%80%D0%B0/Description,%D0%9D%D0%BE%D0%BC%D0%B5%D0%BD%D0%BA%D0%BB%D0%B0%D1%82%D1%83%D1%80%D0%B0/%D0%90%D1%80%D1%82%D0%B8%D0%BA%D1%83%D0%BB,%D0%9D%D0%BE%D0%BC%D0%B5%D0%BD%D0%BA%D0%BB%D0%B0%D1%82%D1%83%D1%80%D0%B0/Parent/Description,%D0%9A%D0%BE%D0%BB%D0%B8%D1%87%D0%B5%D1%81%D1%82%D0%B2%D0%BEBalance,%D0%A1%D0%B5%D1%80%D0%B8%D1%8F%D0%9D%D0%BE%D0%BC%D0%B5%D0%BD%D0%BA%D0%BB%D0%B0%D1%82%D1%83%D1%80%D1%8B/%D0%94%D0%B0%D1%82%D0%B0%D0%9F%D1%80%D0%BE%D0%B8%D0%B7%D0%B2%D0%BE%D0%B4%D1%81%D1%82%D0%B2%D0%B0,%D0%A1%D0%B5%D1%80%D0%B8%D1%8F%D0%9D%D0%BE%D0%BC%D0%B5%D0%BD%D0%BA%D0%BB%D0%B0%D1%82%D1%83%D1%80%D1%8B/%D0%93%D0%BE%D0%B4%D0%B5%D0%BD%D0%94%D0%BE,%D0%AF%D1%87%D0%B5%D0%B9%D0%BA%D0%B0%D0%A5%D1%80%D0%B0%D0%BD%D0%B5%D0%BD%D0%B8%D1%8F/%D0%A1%D0%BA%D0%BB%D0%B0%D0%B4/Description&$orderby=%D0%9D%D0%BE%D0%BC%D0%B5%D0%BD%D0%BA%D0%BB%D0%B0%D1%82%D1%83%D1%80%D0%B0/%D0%90%D1%80%D1%82%D0%B8%D0%BA%D1%83%D0%BB&$filter=%D0%9D%D0%BE%D0%BC%D0%B5%D0%BD%D0%BA%D0%BB%D0%B0%D1%82%D1%83%D1%80%D0%B0/Parent/Code%20eq%20'391226' HTTP/1.1" 200 323214
2025-03-17 11:36:04,718 django.utils.autoreload INFO     C:\Users\rhashhanok\PycharmProjects\SLEX_02\base_app\contract_models\krd\agro.py changed, reloading.
2025-03-17 11:36:06,178 django.utils.autoreload INFO     Watching for file changes with StatReloader
2025-03-17 11:36:20,712 django.request ERROR    Internal Server Error: /krd/contracts/toshev-rf/comparison-stock
Traceback (most recent call last):
  File "C:\Users\rhashhanok\PycharmProjects\SLEX_02\.venv\Lib\site-packages\django\core\handlers\exception.py", line 55, in inner
    response = get_response(request)
               ^^^^^^^^^^^^^^^^^^^^^
  File "C:\Users\rhashhanok\PycharmProjects\SLEX_02\.venv\Lib\site-packages\django\core\handlers\base.py", line 197, in _get_response
    response = wrapped_callback(request, *callback_args, **callback_kwargs)
               ^^^^^^^^^^^^^^^^^^^^^^^^^^^^^^^^^^^^^^^^^^^^^^^^^^^^^^^^^^^^
  File "C:\Users\rhashhanok\PycharmProjects\SLEX_02\base_app\views.py", line 98, in show_choice_operation
    return render(request, f'base_app/operations.html', context=context)
           ^^^^^^^^^^^^^^^^^^^^^^^^^^^^^^^^^^^^^^^^^^^^^^^^^^^^^^^^^^^^^
  File "C:\Users\rhashhanok\PycharmProjects\SLEX_02\.venv\Lib\site-packages\django\shortcuts.py", line 25, in render
    content = loader.render_to_string(template_name, context, request, using=using)
              ^^^^^^^^^^^^^^^^^^^^^^^^^^^^^^^^^^^^^^^^^^^^^^^^^^^^^^^^^^^^^^^^^^^^^
  File "C:\Users\rhashhanok\PycharmProjects\SLEX_02\.venv\Lib\site-packages\django\template\loader.py", line 62, in render_to_string
    return template.render(context, request)
           ^^^^^^^^^^^^^^^^^^^^^^^^^^^^^^^^^
  File "C:\Users\rhashhanok\PycharmProjects\SLEX_02\.venv\Lib\site-packages\django\template\backends\django.py", line 61, in render
    return self.template.render(context)
           ^^^^^^^^^^^^^^^^^^^^^^^^^^^^^
  File "C:\Users\rhashhanok\PycharmProjects\SLEX_02\.venv\Lib\site-packages\django\template\base.py", line 171, in render
    return self._render(context)
           ^^^^^^^^^^^^^^^^^^^^^
  File "C:\Users\rhashhanok\PycharmProjects\SLEX_02\.venv\Lib\site-packages\django\template\base.py", line 163, in _render
    return self.nodelist.render(context)
           ^^^^^^^^^^^^^^^^^^^^^^^^^^^^^
  File "C:\Users\rhashhanok\PycharmProjects\SLEX_02\.venv\Lib\site-packages\django\template\base.py", line 1000, in render
    return SafeString("".join([node.render_annotated(context) for node in self]))
                               ^^^^^^^^^^^^^^^^^^^^^^^^^^^^^^
  File "C:\Users\rhashhanok\PycharmProjects\SLEX_02\.venv\Lib\site-packages\django\template\base.py", line 961, in render_annotated
    return self.render(context)
           ^^^^^^^^^^^^^^^^^^^^
  File "C:\Users\rhashhanok\PycharmProjects\SLEX_02\.venv\Lib\site-packages\django\template\loader_tags.py", line 159, in render
    return compiled_parent._render(context)
           ^^^^^^^^^^^^^^^^^^^^^^^^^^^^^^^^
  File "C:\Users\rhashhanok\PycharmProjects\SLEX_02\.venv\Lib\site-packages\django\template\base.py", line 163, in _render
    return self.nodelist.render(context)
           ^^^^^^^^^^^^^^^^^^^^^^^^^^^^^
  File "C:\Users\rhashhanok\PycharmProjects\SLEX_02\.venv\Lib\site-packages\django\template\base.py", line 1000, in render
    return SafeString("".join([node.render_annotated(context) for node in self]))
                               ^^^^^^^^^^^^^^^^^^^^^^^^^^^^^^
  File "C:\Users\rhashhanok\PycharmProjects\SLEX_02\.venv\Lib\site-packages\django\template\base.py", line 961, in render_annotated
    return self.render(context)
           ^^^^^^^^^^^^^^^^^^^^
  File "C:\Users\rhashhanok\PycharmProjects\SLEX_02\.venv\Lib\site-packages\django\template\loader_tags.py", line 65, in render
    result = block.nodelist.render(context)
             ^^^^^^^^^^^^^^^^^^^^^^^^^^^^^^
  File "C:\Users\rhashhanok\PycharmProjects\SLEX_02\.venv\Lib\site-packages\django\template\base.py", line 1000, in render
    return SafeString("".join([node.render_annotated(context) for node in self]))
                               ^^^^^^^^^^^^^^^^^^^^^^^^^^^^^^
  File "C:\Users\rhashhanok\PycharmProjects\SLEX_02\.venv\Lib\site-packages\django\template\base.py", line 961, in render_annotated
    return self.render(context)
           ^^^^^^^^^^^^^^^^^^^^
  File "C:\Users\rhashhanok\PycharmProjects\SLEX_02\.venv\Lib\site-packages\django\template\defaulttags.py", line 326, in render
    return nodelist.render(context)
           ^^^^^^^^^^^^^^^^^^^^^^^^
  File "C:\Users\rhashhanok\PycharmProjects\SLEX_02\.venv\Lib\site-packages\django\template\base.py", line 1000, in render
    return SafeString("".join([node.render_annotated(context) for node in self]))
                               ^^^^^^^^^^^^^^^^^^^^^^^^^^^^^^
  File "C:\Users\rhashhanok\PycharmProjects\SLEX_02\.venv\Lib\site-packages\django\template\base.py", line 961, in render_annotated
    return self.render(context)
           ^^^^^^^^^^^^^^^^^^^^
  File "C:\Users\rhashhanok\PycharmProjects\SLEX_02\.venv\Lib\site-packages\django\template\defaulttags.py", line 326, in render
    return nodelist.render(context)
           ^^^^^^^^^^^^^^^^^^^^^^^^
  File "C:\Users\rhashhanok\PycharmProjects\SLEX_02\.venv\Lib\site-packages\django\template\base.py", line 1000, in render
    return SafeString("".join([node.render_annotated(context) for node in self]))
                               ^^^^^^^^^^^^^^^^^^^^^^^^^^^^^^
  File "C:\Users\rhashhanok\PycharmProjects\SLEX_02\.venv\Lib\site-packages\django\template\base.py", line 961, in render_annotated
    return self.render(context)
           ^^^^^^^^^^^^^^^^^^^^
  File "C:\Users\rhashhanok\PycharmProjects\SLEX_02\.venv\Lib\site-packages\django\template\defaulttags.py", line 479, in render
    url = reverse(view_name, args=args, kwargs=kwargs, current_app=current_app)
          ^^^^^^^^^^^^^^^^^^^^^^^^^^^^^^^^^^^^^^^^^^^^^^^^^^^^^^^^^^^^^^^^^^^^^
  File "C:\Users\rhashhanok\PycharmProjects\SLEX_02\.venv\Lib\site-packages\django\urls\base.py", line 88, in reverse
    return resolver._reverse_with_prefix(view, prefix, *args, **kwargs)
           ^^^^^^^^^^^^^^^^^^^^^^^^^^^^^^^^^^^^^^^^^^^^^^^^^^^^^^^^^^^^
  File "C:\Users\rhashhanok\PycharmProjects\SLEX_02\.venv\Lib\site-packages\django\urls\resolvers.py", line 851, in _reverse_with_prefix
    raise NoReverseMatch(msg)
django.urls.exceptions.NoReverseMatch: Reverse for 'event_load_stock' with keyword arguments '{'_filial_slug': 'krd', '_contract_slug': '', '_operation_slug': 'comparison-stock'}' not found. 1 pattern(s) tried: ['(?P<_filial_slug>[-a-zA-Z0-9_]+)/contracts/(?P<_contract_slug>[-a-zA-Z0-9_]+)/(?P<_operation_slug>[-a-zA-Z0-9_]+)/load_stocks\\Z']
2025-03-17 11:36:25,415 urllib3.connectionpool DEBUG    Starting new HTTP connection (1): 172.172.185.67:80
2025-03-17 11:36:25,739 urllib3.connectionpool DEBUG    http://172.172.185.67:80 "POST /krd_itc_wms/ru_RU/hs/PutData HTTP/1.1" 200 154
2025-03-17 11:36:39,498 urllib3.connectionpool DEBUG    Starting new HTTP connection (1): 172.172.185.67:80
2025-03-17 11:36:39,985 urllib3.connectionpool DEBUG    http://172.172.185.67:80 "GET /krd_itc_wms/odata/standard.odata//AccumulationRegister_%D0%9E%D1%81%D1%82%D0%B0%D1%82%D0%BA%D0%B8%D0%92%D0%9F%D0%BE%D0%BB%D0%BB%D0%B5%D1%82%D0%B0%D1%85/Balance?$format=json&$expand=%D0%9D%D0%BE%D0%BC%D0%B5%D0%BD%D0%BA%D0%BB%D0%B0%D1%82%D1%83%D1%80%D0%B0/Parent,%20%D0%AF%D1%87%D0%B5%D0%B9%D0%BA%D0%B0%D0%A5%D1%80%D0%B0%D0%BD%D0%B5%D0%BD%D0%B8%D1%8F/%D0%A1%D0%BA%D0%BB%D0%B0%D0%B4,%20%D0%A1%D0%B5%D1%80%D0%B8%D1%8F%D0%9D%D0%BE%D0%BC%D0%B5%D0%BD%D0%BA%D0%BB%D0%B0%D1%82%D1%83%D1%80%D1%8B&$select=%D0%9D%D0%BE%D0%BC%D0%B5%D0%BD%D0%BA%D0%BB%D0%B0%D1%82%D1%83%D1%80%D0%B0/Code,%D0%9D%D0%BE%D0%BC%D0%B5%D0%BD%D0%BA%D0%BB%D0%B0%D1%82%D1%83%D1%80%D0%B0/Description,%D0%9D%D0%BE%D0%BC%D0%B5%D0%BD%D0%BA%D0%BB%D0%B0%D1%82%D1%83%D1%80%D0%B0/%D0%90%D1%80%D1%82%D0%B8%D0%BA%D1%83%D0%BB,%D0%9D%D0%BE%D0%BC%D0%B5%D0%BD%D0%BA%D0%BB%D0%B0%D1%82%D1%83%D1%80%D0%B0/Parent/Description,%D0%9A%D0%BE%D0%BB%D0%B8%D1%87%D0%B5%D1%81%D1%82%D0%B2%D0%BEBalance,%D0%A1%D0%B5%D1%80%D0%B8%D1%8F%D0%9D%D0%BE%D0%BC%D0%B5%D0%BD%D0%BA%D0%BB%D0%B0%D1%82%D1%83%D1%80%D1%8B/%D0%94%D0%B0%D1%82%D0%B0%D0%9F%D1%80%D0%BE%D0%B8%D0%B7%D0%B2%D0%BE%D0%B4%D1%81%D1%82%D0%B2%D0%B0,%D0%A1%D0%B5%D1%80%D0%B8%D1%8F%D0%9D%D0%BE%D0%BC%D0%B5%D0%BD%D0%BA%D0%BB%D0%B0%D1%82%D1%83%D1%80%D1%8B/%D0%93%D0%BE%D0%B4%D0%B5%D0%BD%D0%94%D0%BE,%D0%AF%D1%87%D0%B5%D0%B9%D0%BA%D0%B0%D0%A5%D1%80%D0%B0%D0%BD%D0%B5%D0%BD%D0%B8%D1%8F/%D0%A1%D0%BA%D0%BB%D0%B0%D0%B4/Description&$orderby=%D0%9D%D0%BE%D0%BC%D0%B5%D0%BD%D0%BA%D0%BB%D0%B0%D1%82%D1%83%D1%80%D0%B0/%D0%90%D1%80%D1%82%D0%B8%D0%BA%D1%83%D0%BB&$filter=%D0%9D%D0%BE%D0%BC%D0%B5%D0%BD%D0%BA%D0%BB%D0%B0%D1%82%D1%83%D1%80%D0%B0/Parent/Code%20eq%20'356959' HTTP/1.1" 200 24530
2025-03-17 11:37:21,031 django.utils.autoreload INFO     C:\Users\rhashhanok\PycharmProjects\SLEX_02\base_app\contract_models\krd\agro.py changed, reloading.
2025-03-17 11:37:22,836 django.utils.autoreload INFO     Watching for file changes with StatReloader
2025-03-17 11:37:32,340 urllib3.connectionpool DEBUG    Starting new HTTP connection (1): 172.172.185.67:80
2025-03-17 11:37:32,696 urllib3.connectionpool DEBUG    http://172.172.185.67:80 "POST /krd_itc_wms/ru_RU/hs/PutData HTTP/1.1" 200 154
2025-03-17 11:38:14,697 django.utils.autoreload INFO     C:\Users\rhashhanok\PycharmProjects\SLEX_02\base_app\contract_models\krd\agro.py changed, reloading.
2025-03-17 11:38:16,195 django.utils.autoreload INFO     Watching for file changes with StatReloader
2025-03-17 11:38:29,256 urllib3.connectionpool DEBUG    Starting new HTTP connection (1): 172.172.185.67:80
2025-03-17 11:38:32,382 urllib3.connectionpool DEBUG    http://172.172.185.67:80 "POST /krd_itc_wms/ru_RU/hs/PutData HTTP/1.1" 200 691
2025-03-17 11:39:22,180 django.utils.autoreload INFO     C:\Users\rhashhanok\PycharmProjects\SLEX_02\base_app\contract_models\krd\agro.py changed, reloading.
2025-03-17 11:39:23,650 django.utils.autoreload INFO     Watching for file changes with StatReloader
2025-03-17 11:39:35,574 urllib3.connectionpool DEBUG    Starting new HTTP connection (1): 172.172.185.67:80
2025-03-17 11:39:38,706 urllib3.connectionpool DEBUG    http://172.172.185.67:80 "POST /krd_itc_wms/ru_RU/hs/PutData HTTP/1.1" 200 691
2025-03-17 11:40:36,507 django.utils.autoreload INFO     C:\Users\rhashhanok\PycharmProjects\SLEX_02\base_app\contract_models\krd\agro.py changed, reloading.
2025-03-17 11:40:38,000 django.utils.autoreload INFO     Watching for file changes with StatReloader
2025-03-17 11:41:57,493 django.utils.autoreload INFO     C:\Users\rhashhanok\PycharmProjects\SLEX_02\base_app\contract_models\krd\agro.py changed, reloading.
2025-03-17 11:41:58,989 django.utils.autoreload INFO     Watching for file changes with StatReloader
2025-03-17 11:42:58,456 urllib3.connectionpool DEBUG    Starting new HTTP connection (1): 172.172.185.67:80
2025-03-17 11:43:01,621 urllib3.connectionpool DEBUG    http://172.172.185.67:80 "POST /krd_itc_wms/ru_RU/hs/PutData HTTP/1.1" 200 691
2025-03-17 11:45:23,538 urllib3.connectionpool DEBUG    Starting new HTTP connection (1): 172.172.185.67:80
2025-03-17 11:45:26,678 urllib3.connectionpool DEBUG    http://172.172.185.67:80 "POST /krd_itc_wms/ru_RU/hs/PutData HTTP/1.1" 200 691
2025-03-17 11:46:11,254 urllib3.connectionpool DEBUG    Starting new HTTP connection (1): 172.172.185.67:80
2025-03-17 11:46:14,405 urllib3.connectionpool DEBUG    http://172.172.185.67:80 "POST /krd_itc_wms/ru_RU/hs/PutData HTTP/1.1" 200 691
2025-03-17 11:46:51,354 urllib3.connectionpool DEBUG    Starting new HTTP connection (1): 172.172.185.67:80
2025-03-17 11:46:54,504 urllib3.connectionpool DEBUG    http://172.172.185.67:80 "POST /krd_itc_wms/ru_RU/hs/PutData HTTP/1.1" 200 691
2025-03-17 11:47:17,695 django.utils.autoreload INFO     C:\Users\rhashhanok\PycharmProjects\SLEX_02\base_app\contract_models\krd\agro.py changed, reloading.
2025-03-17 11:47:19,223 django.utils.autoreload INFO     Watching for file changes with StatReloader
2025-03-17 11:47:27,936 urllib3.connectionpool DEBUG    Starting new HTTP connection (1): 172.172.185.67:80
2025-03-17 11:47:28,070 urllib3.connectionpool DEBUG    http://172.172.185.67:80 "POST /krd_itc_wms/ru_RU/hs/PutData HTTP/1.1" 200 691
2025-03-17 11:48:35,898 urllib3.connectionpool DEBUG    Starting new HTTP connection (1): 172.172.185.67:80
2025-03-17 11:48:36,075 urllib3.connectionpool DEBUG    http://172.172.185.67:80 "POST /krd_itc_wms/ru_RU/hs/PutData HTTP/1.1" 200 691
2025-03-17 11:49:51,916 django.utils.autoreload INFO     C:\Users\rhashhanok\PycharmProjects\SLEX_02\base_app\contract_models\krd\agro.py changed, reloading.
2025-03-17 11:49:53,581 django.utils.autoreload INFO     Watching for file changes with StatReloader
2025-03-17 11:50:34,203 django.utils.autoreload INFO     C:\Users\rhashhanok\PycharmProjects\SLEX_02\base_app\contract_models\krd\agro.py changed, reloading.
2025-03-17 11:50:35,660 django.utils.autoreload INFO     Watching for file changes with StatReloader
2025-03-17 11:50:43,359 urllib3.connectionpool DEBUG    Starting new HTTP connection (1): 172.172.185.67:80
2025-03-17 11:50:43,538 urllib3.connectionpool DEBUG    http://172.172.185.67:80 "POST /krd_itc_wms/ru_RU/hs/PutData HTTP/1.1" 200 691
2025-03-17 11:51:25,554 django.utils.autoreload INFO     C:\Users\rhashhanok\PycharmProjects\SLEX_02\base_app\contract_models\krd\agro.py changed, reloading.
2025-03-17 11:51:27,072 django.utils.autoreload INFO     Watching for file changes with StatReloader
2025-03-17 11:51:38,163 urllib3.connectionpool DEBUG    Starting new HTTP connection (1): 172.172.185.67:80
2025-03-17 11:51:38,340 urllib3.connectionpool DEBUG    http://172.172.185.67:80 "POST /krd_itc_wms/ru_RU/hs/PutData HTTP/1.1" 200 691
2025-03-17 11:53:12,360 django.utils.autoreload INFO     C:\Users\rhashhanok\PycharmProjects\SLEX_02\base_app\contract_models\krd\agro.py changed, reloading.
2025-03-17 11:53:13,822 django.utils.autoreload INFO     Watching for file changes with StatReloader
2025-03-17 11:53:24,606 urllib3.connectionpool DEBUG    Starting new HTTP connection (1): 172.172.185.67:80
2025-03-17 11:53:27,799 urllib3.connectionpool DEBUG    http://172.172.185.67:80 "POST /krd_itc_wms/ru_RU/hs/PutData HTTP/1.1" 200 691
2025-03-17 11:55:40,339 django.utils.autoreload INFO     C:\Users\rhashhanok\PycharmProjects\SLEX_02\base_app\contract_models\krd\agro.py changed, reloading.
2025-03-17 11:55:41,923 django.utils.autoreload INFO     Watching for file changes with StatReloader
2025-03-17 11:55:51,742 urllib3.connectionpool DEBUG    Starting new HTTP connection (1): 172.172.185.67:80
2025-03-17 11:55:54,957 urllib3.connectionpool DEBUG    http://172.172.185.67:80 "POST /krd_itc_wms/ru_RU/hs/PutData HTTP/1.1" 200 691
2025-03-17 11:56:51,906 django.utils.autoreload INFO     C:\Users\rhashhanok\PycharmProjects\SLEX_02\base_app\contract_models\krd\agro.py changed, reloading.
2025-03-17 11:56:53,450 django.utils.autoreload INFO     Watching for file changes with StatReloader
2025-03-17 11:57:01,492 urllib3.connectionpool DEBUG    Starting new HTTP connection (1): 172.172.185.67:80
2025-03-17 11:57:07,301 urllib3.connectionpool DEBUG    http://172.172.185.67:80 "POST /krd_itc_wms/ru_RU/hs/PutData HTTP/1.1" 200 154
2025-03-17 11:58:59,445 django.utils.autoreload INFO     C:\Users\rhashhanok\PycharmProjects\SLEX_02\base_app\contract_models\krd\agro.py changed, reloading.
2025-03-17 11:59:00,950 django.utils.autoreload INFO     Watching for file changes with StatReloader
2025-03-17 11:59:08,061 urllib3.connectionpool DEBUG    Starting new HTTP connection (1): 172.172.185.67:80
2025-03-17 11:59:11,180 urllib3.connectionpool DEBUG    http://172.172.185.67:80 "POST /krd_itc_wms/ru_RU/hs/PutData HTTP/1.1" 200 691
2025-03-17 12:01:56,843 urllib3.connectionpool DEBUG    Starting new HTTP connection (1): 172.172.185.67:80
2025-03-17 12:01:56,961 urllib3.connectionpool DEBUG    http://172.172.185.67:80 "POST /krd_itc_wms/ru_RU/hs/PutData HTTP/1.1" 200 691
2025-03-17 12:02:07,943 urllib3.connectionpool DEBUG    Starting new HTTP connection (1): 172.172.185.67:80
2025-03-17 12:02:08,056 urllib3.connectionpool DEBUG    http://172.172.185.67:80 "POST /krd_itc_wms/ru_RU/hs/PutData HTTP/1.1" 200 691
2025-03-17 12:03:42,933 django.utils.autoreload INFO     C:\Users\rhashhanok\PycharmProjects\SLEX_02\base_app\contract_models\krd\agro.py changed, reloading.
2025-03-17 12:03:44,460 django.utils.autoreload INFO     Watching for file changes with StatReloader
2025-03-17 12:03:53,025 django.utils.autoreload INFO     C:\Users\rhashhanok\PycharmProjects\SLEX_02\base_app\contract_models\krd\agro.py changed, reloading.
2025-03-17 12:03:54,540 django.utils.autoreload INFO     Watching for file changes with StatReloader
2025-03-17 12:03:57,321 django.utils.autoreload INFO     C:\Users\rhashhanok\PycharmProjects\SLEX_02\base_app\contract_models\krd\agro.py changed, reloading.
2025-03-17 12:03:58,940 django.utils.autoreload INFO     Watching for file changes with StatReloader
2025-03-17 12:04:05,324 urllib3.connectionpool DEBUG    Starting new HTTP connection (1): 172.172.185.67:80
2025-03-17 12:04:05,441 urllib3.connectionpool DEBUG    http://172.172.185.67:80 "POST /krd_itc_wms/ru_RU/hs/PutData HTTP/1.1" 200 691
2025-03-17 12:04:44,454 django.utils.autoreload INFO     C:\Users\rhashhanok\PycharmProjects\SLEX_02\base_app\contract_models\krd\agro.py changed, reloading.
2025-03-17 12:04:46,073 django.utils.autoreload INFO     Watching for file changes with StatReloader
2025-03-17 12:04:53,334 urllib3.connectionpool DEBUG    Starting new HTTP connection (1): 172.172.185.67:80
2025-03-17 12:04:53,560 urllib3.connectionpool DEBUG    http://172.172.185.67:80 "POST /krd_itc_wms/ru_RU/hs/PutData HTTP/1.1" 200 691
2025-03-17 12:05:11,424 django.utils.autoreload INFO     C:\Users\rhashhanok\PycharmProjects\SLEX_02\base_app\contract_models\krd\agro.py changed, reloading.
2025-03-17 12:05:12,975 django.utils.autoreload INFO     Watching for file changes with StatReloader
2025-03-17 12:05:21,445 django.utils.autoreload INFO     C:\Users\rhashhanok\PycharmProjects\SLEX_02\base_app\contract_models\krd\agro.py changed, reloading.
2025-03-17 12:05:23,034 django.utils.autoreload INFO     Watching for file changes with StatReloader
2025-03-17 12:05:26,829 django.request ERROR    Internal Server Error: /krd/contracts/agrokompleks/build_route_list/load_file
Traceback (most recent call last):
  File "C:\Users\rhashhanok\PycharmProjects\SLEX_02\.venv\Lib\site-packages\django\core\handlers\exception.py", line 55, in inner
    response = get_response(request)
               ^^^^^^^^^^^^^^^^^^^^^
  File "C:\Users\rhashhanok\PycharmProjects\SLEX_02\.venv\Lib\site-packages\django\core\handlers\base.py", line 197, in _get_response
    response = wrapped_callback(request, *callback_args, **callback_kwargs)
               ^^^^^^^^^^^^^^^^^^^^^^^^^^^^^^^^^^^^^^^^^^^^^^^^^^^^^^^^^^^^
  File "C:\Users\rhashhanok\PycharmProjects\SLEX_02\base_app\views.py", line 150, in event_load_file
    if context['contract'].slug == 'agrokompleks':
       ~~~~~~~^^^^^^^^^^^^
KeyError: 'contract'
2025-03-17 12:05:34,699 urllib3.connectionpool DEBUG    Starting new HTTP connection (1): 172.172.185.67:80
2025-03-17 12:05:44,770 urllib3.connectionpool DEBUG    http://172.172.185.67:80 "POST /krd_itc_wms/ru_RU/hs/PutData HTTP/1.1" 200 268
2025-03-17 12:06:21,956 django.utils.autoreload INFO     C:\Users\rhashhanok\PycharmProjects\SLEX_02\base_app\contract_models\krd\agro.py changed, reloading.
2025-03-17 12:06:23,520 django.utils.autoreload INFO     Watching for file changes with StatReloader
2025-03-17 12:06:32,833 urllib3.connectionpool DEBUG    Starting new HTTP connection (1): 172.172.185.67:80
2025-03-17 12:06:36,839 urllib3.connectionpool DEBUG    http://172.172.185.67:80 "POST /krd_itc_wms/ru_RU/hs/PutData HTTP/1.1" 200 142
2025-03-17 12:10:18,852 django.utils.autoreload INFO     C:\Users\rhashhanok\PycharmProjects\SLEX_02\base_app\contract_models\krd\agro.py changed, reloading.
2025-03-17 12:10:20,381 django.utils.autoreload INFO     Watching for file changes with StatReloader
2025-03-17 12:10:52,646 urllib3.connectionpool DEBUG    Starting new HTTP connection (1): 172.172.185.67:80
2025-03-17 12:10:56,563 urllib3.connectionpool DEBUG    http://172.172.185.67:80 "POST /krd_itc_wms/ru_RU/hs/PutData HTTP/1.1" 200 152
2025-03-17 12:11:33,969 django.utils.autoreload INFO     C:\Users\rhashhanok\PycharmProjects\SLEX_02\base_app\contract_models\krd\agro.py changed, reloading.
2025-03-17 12:11:35,508 django.utils.autoreload INFO     Watching for file changes with StatReloader
2025-03-17 12:11:44,360 urllib3.connectionpool DEBUG    Starting new HTTP connection (1): 172.172.185.67:80
2025-03-17 12:11:51,215 urllib3.connectionpool DEBUG    http://172.172.185.67:80 "POST /krd_itc_wms/ru_RU/hs/PutData HTTP/1.1" 200 154
2025-03-17 12:12:55,842 urllib3.connectionpool DEBUG    Starting new HTTP connection (1): 172.172.185.67:80
2025-03-17 12:13:06,093 urllib3.connectionpool DEBUG    http://172.172.185.67:80 "POST /krd_itc_wms/ru_RU/hs/PutData HTTP/1.1" 200 316
2025-03-17 12:22:03,483 django.request WARNING  Not Found: /favicon.ico
2025-03-17 12:37:26,269 django.request WARNING  Not Found: /favicon.ico
2025-03-17 14:01:52,874 django.request WARNING  Not Found: /favicon.ico
2025-03-17 15:39:31,270 django.request WARNING  Not Found: /favicon.ico
2025-03-17 17:04:23,450 django.utils.autoreload INFO     Watching for file changes with StatReloader
2025-03-17 17:04:37,791 django.utils.autoreload INFO     C:\Users\rhashhanok\PycharmProjects\SLEX_02\manage.py changed, reloading.
2025-03-17 17:04:39,387 django.utils.autoreload INFO     Watching for file changes with StatReloader
2025-03-17 17:04:44,115 django.request WARNING  Not Found: /favicon.ico
2025-03-17 17:06:41,928 django.utils.autoreload INFO     Watching for file changes with StatReloader
2025-03-17 17:44:55,285 django.request WARNING  Not Found: /favicon.ico
2025-03-17 17:49:30,669 urllib3.connectionpool DEBUG    Starting new HTTP connection (1): 172.172.185.67:80
2025-03-17 17:49:37,812 urllib3.connectionpool DEBUG    http://172.172.185.67:80 "POST /krd_itc_wms/ru_RU/hs/PutData HTTP/1.1" 200 371
2025-03-18 10:22:47,014 urllib3.connectionpool DEBUG    Starting new HTTP connection (1): 172.172.185.67:80
2025-03-18 10:22:50,427 urllib3.connectionpool DEBUG    http://172.172.185.67:80 "GET /itc_wms/odata/standard.odata//AccumulationRegister_%D0%9E%D1%81%D1%82%D0%B0%D1%82%D0%BA%D0%B8%D0%92%D0%9F%D0%BE%D0%BB%D0%BB%D0%B5%D1%82%D0%B0%D1%85/Balance?$format=json&$expand=%D0%9D%D0%BE%D0%BC%D0%B5%D0%BD%D0%BA%D0%BB%D0%B0%D1%82%D1%83%D1%80%D0%B0/Parent,%20%D0%AF%D1%87%D0%B5%D0%B9%D0%BA%D0%B0%D0%A5%D1%80%D0%B0%D0%BD%D0%B5%D0%BD%D0%B8%D1%8F/%D0%A1%D0%BA%D0%BB%D0%B0%D0%B4,%20%D0%A1%D0%B5%D1%80%D0%B8%D1%8F%D0%9D%D0%BE%D0%BC%D0%B5%D0%BD%D0%BA%D0%BB%D0%B0%D1%82%D1%83%D1%80%D1%8B&$select=%D0%9D%D0%BE%D0%BC%D0%B5%D0%BD%D0%BA%D0%BB%D0%B0%D1%82%D1%83%D1%80%D0%B0/Code,%D0%9D%D0%BE%D0%BC%D0%B5%D0%BD%D0%BA%D0%BB%D0%B0%D1%82%D1%83%D1%80%D0%B0/Description,%D0%9D%D0%BE%D0%BC%D0%B5%D0%BD%D0%BA%D0%BB%D0%B0%D1%82%D1%83%D1%80%D0%B0/%D0%90%D1%80%D1%82%D0%B8%D0%BA%D1%83%D0%BB,%D0%9D%D0%BE%D0%BC%D0%B5%D0%BD%D0%BA%D0%BB%D0%B0%D1%82%D1%83%D1%80%D0%B0/Parent/Description,%D0%9A%D0%BE%D0%BB%D0%B8%D1%87%D0%B5%D1%81%D1%82%D0%B2%D0%BEBalance,%D0%A1%D0%B5%D1%80%D0%B8%D1%8F%D0%9D%D0%BE%D0%BC%D0%B5%D0%BD%D0%BA%D0%BB%D0%B0%D1%82%D1%83%D1%80%D1%8B/%D0%94%D0%B0%D1%82%D0%B0%D0%9F%D1%80%D0%BE%D0%B8%D0%B7%D0%B2%D0%BE%D0%B4%D1%81%D1%82%D0%B2%D0%B0,%D0%A1%D0%B5%D1%80%D0%B8%D1%8F%D0%9D%D0%BE%D0%BC%D0%B5%D0%BD%D0%BA%D0%BB%D0%B0%D1%82%D1%83%D1%80%D1%8B/%D0%93%D0%BE%D0%B4%D0%B5%D0%BD%D0%94%D0%BE,%D0%AF%D1%87%D0%B5%D0%B9%D0%BA%D0%B0%D0%A5%D1%80%D0%B0%D0%BD%D0%B5%D0%BD%D0%B8%D1%8F/%D0%A1%D0%BA%D0%BB%D0%B0%D0%B4/Description&$orderby=%D0%9D%D0%BE%D0%BC%D0%B5%D0%BD%D0%BA%D0%BB%D0%B0%D1%82%D1%83%D1%80%D0%B0/%D0%90%D1%80%D1%82%D0%B8%D0%BA%D1%83%D0%BB&$filter=%D0%9D%D0%BE%D0%BC%D0%B5%D0%BD%D0%BA%D0%BB%D0%B0%D1%82%D1%83%D1%80%D0%B0/Parent/Code%20eq%20'304903' HTTP/1.1" 200 119256
2025-03-18 10:23:20,517 urllib3.connectionpool DEBUG    Starting new HTTP connection (1): 172.172.185.67:80
2025-03-18 10:23:23,976 urllib3.connectionpool DEBUG    http://172.172.185.67:80 "GET /itc_wms/odata/standard.odata//AccumulationRegister_%D0%9E%D1%81%D1%82%D0%B0%D1%82%D0%BA%D0%B8%D0%92%D0%9F%D0%BE%D0%BB%D0%BB%D0%B5%D1%82%D0%B0%D1%85/Balance?$format=json&$expand=%D0%9D%D0%BE%D0%BC%D0%B5%D0%BD%D0%BA%D0%BB%D0%B0%D1%82%D1%83%D1%80%D0%B0/Parent,%20%D0%AF%D1%87%D0%B5%D0%B9%D0%BA%D0%B0%D0%A5%D1%80%D0%B0%D0%BD%D0%B5%D0%BD%D0%B8%D1%8F/%D0%A1%D0%BA%D0%BB%D0%B0%D0%B4,%20%D0%A1%D0%B5%D1%80%D0%B8%D1%8F%D0%9D%D0%BE%D0%BC%D0%B5%D0%BD%D0%BA%D0%BB%D0%B0%D1%82%D1%83%D1%80%D1%8B&$select=%D0%9D%D0%BE%D0%BC%D0%B5%D0%BD%D0%BA%D0%BB%D0%B0%D1%82%D1%83%D1%80%D0%B0/Code,%D0%9D%D0%BE%D0%BC%D0%B5%D0%BD%D0%BA%D0%BB%D0%B0%D1%82%D1%83%D1%80%D0%B0/Description,%D0%9D%D0%BE%D0%BC%D0%B5%D0%BD%D0%BA%D0%BB%D0%B0%D1%82%D1%83%D1%80%D0%B0/%D0%90%D1%80%D1%82%D0%B8%D0%BA%D1%83%D0%BB,%D0%9D%D0%BE%D0%BC%D0%B5%D0%BD%D0%BA%D0%BB%D0%B0%D1%82%D1%83%D1%80%D0%B0/Parent/Description,%D0%9A%D0%BE%D0%BB%D0%B8%D1%87%D0%B5%D1%81%D1%82%D0%B2%D0%BEBalance,%D0%A1%D0%B5%D1%80%D0%B8%D1%8F%D0%9D%D0%BE%D0%BC%D0%B5%D0%BD%D0%BA%D0%BB%D0%B0%D1%82%D1%83%D1%80%D1%8B/%D0%94%D0%B0%D1%82%D0%B0%D0%9F%D1%80%D0%BE%D0%B8%D0%B7%D0%B2%D0%BE%D0%B4%D1%81%D1%82%D0%B2%D0%B0,%D0%A1%D0%B5%D1%80%D0%B8%D1%8F%D0%9D%D0%BE%D0%BC%D0%B5%D0%BD%D0%BA%D0%BB%D0%B0%D1%82%D1%83%D1%80%D1%8B/%D0%93%D0%BE%D0%B4%D0%B5%D0%BD%D0%94%D0%BE,%D0%AF%D1%87%D0%B5%D0%B9%D0%BA%D0%B0%D0%A5%D1%80%D0%B0%D0%BD%D0%B5%D0%BD%D0%B8%D1%8F/%D0%A1%D0%BA%D0%BB%D0%B0%D0%B4/Description&$orderby=%D0%9D%D0%BE%D0%BC%D0%B5%D0%BD%D0%BA%D0%BB%D0%B0%D1%82%D1%83%D1%80%D0%B0/%D0%90%D1%80%D1%82%D0%B8%D0%BA%D1%83%D0%BB&$filter=%D0%9D%D0%BE%D0%BC%D0%B5%D0%BD%D0%BA%D0%BB%D0%B0%D1%82%D1%83%D1%80%D0%B0/Parent/Code%20eq%20'304903' HTTP/1.1" 200 119256
2025-03-18 10:23:31,486 urllib3.connectionpool DEBUG    Starting new HTTP connection (1): 172.172.185.67:80
2025-03-18 10:23:31,923 urllib3.connectionpool DEBUG    http://172.172.185.67:80 "GET /itc_wms/odata/standard.odata//AccumulationRegister_%D0%9E%D1%81%D1%82%D0%B0%D1%82%D0%BA%D0%B8%D0%92%D0%9F%D0%BE%D0%BB%D0%BB%D0%B5%D1%82%D0%B0%D1%85/Balance?$format=json&$expand=%D0%9D%D0%BE%D0%BC%D0%B5%D0%BD%D0%BA%D0%BB%D0%B0%D1%82%D1%83%D1%80%D0%B0/Parent,%20%D0%AF%D1%87%D0%B5%D0%B9%D0%BA%D0%B0%D0%A5%D1%80%D0%B0%D0%BD%D0%B5%D0%BD%D0%B8%D1%8F/%D0%A1%D0%BA%D0%BB%D0%B0%D0%B4,%20%D0%A1%D0%B5%D1%80%D0%B8%D1%8F%D0%9D%D0%BE%D0%BC%D0%B5%D0%BD%D0%BA%D0%BB%D0%B0%D1%82%D1%83%D1%80%D1%8B&$select=%D0%9D%D0%BE%D0%BC%D0%B5%D0%BD%D0%BA%D0%BB%D0%B0%D1%82%D1%83%D1%80%D0%B0/Code,%D0%9D%D0%BE%D0%BC%D0%B5%D0%BD%D0%BA%D0%BB%D0%B0%D1%82%D1%83%D1%80%D0%B0/Description,%D0%9D%D0%BE%D0%BC%D0%B5%D0%BD%D0%BA%D0%BB%D0%B0%D1%82%D1%83%D1%80%D0%B0/%D0%90%D1%80%D1%82%D0%B8%D0%BA%D1%83%D0%BB,%D0%9D%D0%BE%D0%BC%D0%B5%D0%BD%D0%BA%D0%BB%D0%B0%D1%82%D1%83%D1%80%D0%B0/Parent/Description,%D0%9A%D0%BE%D0%BB%D0%B8%D1%87%D0%B5%D1%81%D1%82%D0%B2%D0%BEBalance,%D0%A1%D0%B5%D1%80%D0%B8%D1%8F%D0%9D%D0%BE%D0%BC%D0%B5%D0%BD%D0%BA%D0%BB%D0%B0%D1%82%D1%83%D1%80%D1%8B/%D0%94%D0%B0%D1%82%D0%B0%D0%9F%D1%80%D0%BE%D0%B8%D0%B7%D0%B2%D0%BE%D0%B4%D1%81%D1%82%D0%B2%D0%B0,%D0%A1%D0%B5%D1%80%D0%B8%D1%8F%D0%9D%D0%BE%D0%BC%D0%B5%D0%BD%D0%BA%D0%BB%D0%B0%D1%82%D1%83%D1%80%D1%8B/%D0%93%D0%BE%D0%B4%D0%B5%D0%BD%D0%94%D0%BE,%D0%AF%D1%87%D0%B5%D0%B9%D0%BA%D0%B0%D0%A5%D1%80%D0%B0%D0%BD%D0%B5%D0%BD%D0%B8%D1%8F/%D0%A1%D0%BA%D0%BB%D0%B0%D0%B4/Description&$orderby=%D0%9D%D0%BE%D0%BC%D0%B5%D0%BD%D0%BA%D0%BB%D0%B0%D1%82%D1%83%D1%80%D0%B0/%D0%90%D1%80%D1%82%D0%B8%D0%BA%D1%83%D0%BB&$filter=%D0%9D%D0%BE%D0%BC%D0%B5%D0%BD%D0%BA%D0%BB%D0%B0%D1%82%D1%83%D1%80%D0%B0/Parent/Code%20eq%20'304903' HTTP/1.1" 200 119256
2025-03-18 10:30:14,580 django.request WARNING  Not Found: /favicon.ico
2025-03-18 11:23:10,960 django.request WARNING  Not Found: /favicon.ico
2025-03-18 15:31:48,553 django.request WARNING  Not Found: /favicon.ico
2025-03-18 16:41:53,527 django.request WARNING  Not Found: /favicon.ico
2025-03-18 17:06:55,976 django.request WARNING  Not Found: /favicon.ico
2025-03-18 17:08:54,097 urllib3.connectionpool DEBUG    Starting new HTTP connection (1): 172.172.185.67:80
2025-03-18 17:09:01,545 urllib3.connectionpool DEBUG    Starting new HTTP connection (1): 172.172.185.67:80
2025-03-18 17:09:02,599 urllib3.connectionpool DEBUG    http://172.172.185.67:80 "POST /krd_itc_wms/ru_RU/hs/PutData HTTP/1.1" 200 262
2025-03-18 17:09:10,010 urllib3.connectionpool DEBUG    http://172.172.185.67:80 "POST /krd_itc_wms/ru_RU/hs/PutData HTTP/1.1" 200 262
2025-03-18 17:23:01,782 django.request WARNING  Not Found: /favicon.ico
2025-03-18 17:23:24,457 django.request ERROR    Internal Server Error: /krd/contracts/tander/process_applications/load_file
Traceback (most recent call last):
  File "C:\Users\rhashhanok\PycharmProjects\SLEX_02\.venv\Lib\site-packages\django\core\handlers\exception.py", line 55, in inner
    response = get_response(request)
               ^^^^^^^^^^^^^^^^^^^^^
  File "C:\Users\rhashhanok\PycharmProjects\SLEX_02\.venv\Lib\site-packages\django\core\handlers\base.py", line 197, in _get_response
    response = wrapped_callback(request, *callback_args, **callback_kwargs)
               ^^^^^^^^^^^^^^^^^^^^^^^^^^^^^^^^^^^^^^^^^^^^^^^^^^^^^^^^^^^^
  File "C:\Users\rhashhanok\PycharmProjects\SLEX_02\base_app\views.py", line 150, in event_load_file
    if context['contract'].slug == 'agrokompleks':
       ~~~~~~~^^^^^^^^^^^^
KeyError: 'contract'
2025-03-18 17:23:55,175 django.request ERROR    Internal Server Error: /krd/contracts/tander/process_applications
Traceback (most recent call last):
  File "C:\Users\rhashhanok\PycharmProjects\SLEX_02\.venv\Lib\site-packages\django\core\handlers\exception.py", line 55, in inner
    response = get_response(request)
               ^^^^^^^^^^^^^^^^^^^^^
  File "C:\Users\rhashhanok\PycharmProjects\SLEX_02\.venv\Lib\site-packages\django\core\handlers\base.py", line 197, in _get_response
    response = wrapped_callback(request, *callback_args, **callback_kwargs)
               ^^^^^^^^^^^^^^^^^^^^^^^^^^^^^^^^^^^^^^^^^^^^^^^^^^^^^^^^^^^^
  File "C:\Users\rhashhanok\PycharmProjects\SLEX_02\base_app\views.py", line 98, in show_choice_operation
    return render(request, f'base_app/operations.html', context=context)
           ^^^^^^^^^^^^^^^^^^^^^^^^^^^^^^^^^^^^^^^^^^^^^^^^^^^^^^^^^^^^^
  File "C:\Users\rhashhanok\PycharmProjects\SLEX_02\.venv\Lib\site-packages\django\shortcuts.py", line 25, in render
    content = loader.render_to_string(template_name, context, request, using=using)
              ^^^^^^^^^^^^^^^^^^^^^^^^^^^^^^^^^^^^^^^^^^^^^^^^^^^^^^^^^^^^^^^^^^^^^
  File "C:\Users\rhashhanok\PycharmProjects\SLEX_02\.venv\Lib\site-packages\django\template\loader.py", line 62, in render_to_string
    return template.render(context, request)
           ^^^^^^^^^^^^^^^^^^^^^^^^^^^^^^^^^
  File "C:\Users\rhashhanok\PycharmProjects\SLEX_02\.venv\Lib\site-packages\django\template\backends\django.py", line 61, in render
    return self.template.render(context)
           ^^^^^^^^^^^^^^^^^^^^^^^^^^^^^
  File "C:\Users\rhashhanok\PycharmProjects\SLEX_02\.venv\Lib\site-packages\django\template\base.py", line 171, in render
    return self._render(context)
           ^^^^^^^^^^^^^^^^^^^^^
  File "C:\Users\rhashhanok\PycharmProjects\SLEX_02\.venv\Lib\site-packages\django\template\base.py", line 163, in _render
    return self.nodelist.render(context)
           ^^^^^^^^^^^^^^^^^^^^^^^^^^^^^
  File "C:\Users\rhashhanok\PycharmProjects\SLEX_02\.venv\Lib\site-packages\django\template\base.py", line 1000, in render
    return SafeString("".join([node.render_annotated(context) for node in self]))
                               ^^^^^^^^^^^^^^^^^^^^^^^^^^^^^^
  File "C:\Users\rhashhanok\PycharmProjects\SLEX_02\.venv\Lib\site-packages\django\template\base.py", line 961, in render_annotated
    return self.render(context)
           ^^^^^^^^^^^^^^^^^^^^
  File "C:\Users\rhashhanok\PycharmProjects\SLEX_02\.venv\Lib\site-packages\django\template\loader_tags.py", line 159, in render
    return compiled_parent._render(context)
           ^^^^^^^^^^^^^^^^^^^^^^^^^^^^^^^^
  File "C:\Users\rhashhanok\PycharmProjects\SLEX_02\.venv\Lib\site-packages\django\template\base.py", line 163, in _render
    return self.nodelist.render(context)
           ^^^^^^^^^^^^^^^^^^^^^^^^^^^^^
  File "C:\Users\rhashhanok\PycharmProjects\SLEX_02\.venv\Lib\site-packages\django\template\base.py", line 1000, in render
    return SafeString("".join([node.render_annotated(context) for node in self]))
                               ^^^^^^^^^^^^^^^^^^^^^^^^^^^^^^
  File "C:\Users\rhashhanok\PycharmProjects\SLEX_02\.venv\Lib\site-packages\django\template\base.py", line 961, in render_annotated
    return self.render(context)
           ^^^^^^^^^^^^^^^^^^^^
  File "C:\Users\rhashhanok\PycharmProjects\SLEX_02\.venv\Lib\site-packages\django\template\loader_tags.py", line 65, in render
    result = block.nodelist.render(context)
             ^^^^^^^^^^^^^^^^^^^^^^^^^^^^^^
  File "C:\Users\rhashhanok\PycharmProjects\SLEX_02\.venv\Lib\site-packages\django\template\base.py", line 1000, in render
    return SafeString("".join([node.render_annotated(context) for node in self]))
                               ^^^^^^^^^^^^^^^^^^^^^^^^^^^^^^
  File "C:\Users\rhashhanok\PycharmProjects\SLEX_02\.venv\Lib\site-packages\django\template\base.py", line 961, in render_annotated
    return self.render(context)
           ^^^^^^^^^^^^^^^^^^^^
  File "C:\Users\rhashhanok\PycharmProjects\SLEX_02\.venv\Lib\site-packages\django\template\defaulttags.py", line 326, in render
    return nodelist.render(context)
           ^^^^^^^^^^^^^^^^^^^^^^^^
  File "C:\Users\rhashhanok\PycharmProjects\SLEX_02\.venv\Lib\site-packages\django\template\base.py", line 1000, in render
    return SafeString("".join([node.render_annotated(context) for node in self]))
                               ^^^^^^^^^^^^^^^^^^^^^^^^^^^^^^
  File "C:\Users\rhashhanok\PycharmProjects\SLEX_02\.venv\Lib\site-packages\django\template\base.py", line 961, in render_annotated
    return self.render(context)
           ^^^^^^^^^^^^^^^^^^^^
  File "C:\Users\rhashhanok\PycharmProjects\SLEX_02\.venv\Lib\site-packages\django\template\defaulttags.py", line 326, in render
    return nodelist.render(context)
           ^^^^^^^^^^^^^^^^^^^^^^^^
  File "C:\Users\rhashhanok\PycharmProjects\SLEX_02\.venv\Lib\site-packages\django\template\base.py", line 1000, in render
    return SafeString("".join([node.render_annotated(context) for node in self]))
                               ^^^^^^^^^^^^^^^^^^^^^^^^^^^^^^
  File "C:\Users\rhashhanok\PycharmProjects\SLEX_02\.venv\Lib\site-packages\django\template\base.py", line 961, in render_annotated
    return self.render(context)
           ^^^^^^^^^^^^^^^^^^^^
  File "C:\Users\rhashhanok\PycharmProjects\SLEX_02\.venv\Lib\site-packages\django\template\defaulttags.py", line 479, in render
    url = reverse(view_name, args=args, kwargs=kwargs, current_app=current_app)
          ^^^^^^^^^^^^^^^^^^^^^^^^^^^^^^^^^^^^^^^^^^^^^^^^^^^^^^^^^^^^^^^^^^^^^
  File "C:\Users\rhashhanok\PycharmProjects\SLEX_02\.venv\Lib\site-packages\django\urls\base.py", line 88, in reverse
    return resolver._reverse_with_prefix(view, prefix, *args, **kwargs)
           ^^^^^^^^^^^^^^^^^^^^^^^^^^^^^^^^^^^^^^^^^^^^^^^^^^^^^^^^^^^^
  File "C:\Users\rhashhanok\PycharmProjects\SLEX_02\.venv\Lib\site-packages\django\urls\resolvers.py", line 851, in _reverse_with_prefix
    raise NoReverseMatch(msg)
django.urls.exceptions.NoReverseMatch: Reverse for 'event_load_file' with keyword arguments '{'_filial_slug': 'krd', '_contract_slug': '', '_operation_slug': 'process_applications'}' not found. 1 pattern(s) tried: ['(?P<_filial_slug>[-a-zA-Z0-9_]+)/contracts/(?P<_contract_slug>[-a-zA-Z0-9_]+)/(?P<_operation_slug>[-a-zA-Z0-9_]+)/load_file\\Z']
2025-03-18 17:25:52,895 django.utils.autoreload INFO     C:\Users\rhashhanok\PycharmProjects\SLEX_02\base_app\views.py changed, reloading.
2025-03-18 17:25:54,663 django.utils.autoreload INFO     Watching for file changes with StatReloader
2025-03-18 17:26:22,677 django.utils.autoreload INFO     C:\Users\rhashhanok\PycharmProjects\SLEX_02\base_app\views.py changed, reloading.
2025-03-18 17:26:24,273 django.utils.autoreload INFO     Watching for file changes with StatReloader
2025-03-18 17:31:40,611 django.utils.autoreload INFO     C:\Users\rhashhanok\PycharmProjects\SLEX_02\base_app\contract_models\krd\unigra.py changed, reloading.
2025-03-18 17:31:42,159 django.utils.autoreload INFO     Watching for file changes with StatReloader
2025-03-18 17:32:16,631 django.utils.autoreload INFO     C:\Users\rhashhanok\PycharmProjects\SLEX_02\base_app\contract_models\krd\unigra.py changed, reloading.
2025-03-18 17:32:18,156 django.utils.autoreload INFO     Watching for file changes with StatReloader
2025-03-18 17:33:01,154 django.utils.autoreload INFO     C:\Users\rhashhanok\PycharmProjects\SLEX_02\base_app\contract_models\krd\unigra.py changed, reloading.
2025-03-18 17:33:02,753 django.utils.autoreload INFO     Watching for file changes with StatReloader
2025-03-18 17:36:06,002 django.utils.autoreload INFO     C:\Users\rhashhanok\PycharmProjects\SLEX_02\base_app\models.py changed, reloading.
2025-03-18 17:36:07,522 django.utils.autoreload INFO     Watching for file changes with StatReloader
2025-03-18 17:37:47,821 django.utils.autoreload INFO     Watching for file changes with StatReloader
2025-03-19 08:13:07,749 urllib3.connectionpool DEBUG    Starting new HTTP connection (1): 172.172.185.67:80
2025-03-19 08:13:11,960 urllib3.connectionpool DEBUG    http://172.172.185.67:80 "GET /krd_itc_wms/odata/standard.odata//AccumulationRegister_%D0%9E%D1%81%D1%82%D0%B0%D1%82%D0%BA%D0%B8%D0%92%D0%9F%D0%BE%D0%BB%D0%BB%D0%B5%D1%82%D0%B0%D1%85/Balance?$format=json&$expand=%D0%9D%D0%BE%D0%BC%D0%B5%D0%BD%D0%BA%D0%BB%D0%B0%D1%82%D1%83%D1%80%D0%B0/Parent,%20%D0%AF%D1%87%D0%B5%D0%B9%D0%BA%D0%B0%D0%A5%D1%80%D0%B0%D0%BD%D0%B5%D0%BD%D0%B8%D1%8F/%D0%A1%D0%BA%D0%BB%D0%B0%D0%B4,%20%D0%A1%D0%B5%D1%80%D0%B8%D1%8F%D0%9D%D0%BE%D0%BC%D0%B5%D0%BD%D0%BA%D0%BB%D0%B0%D1%82%D1%83%D1%80%D1%8B&$select=%D0%9D%D0%BE%D0%BC%D0%B5%D0%BD%D0%BA%D0%BB%D0%B0%D1%82%D1%83%D1%80%D0%B0/Code,%D0%9D%D0%BE%D0%BC%D0%B5%D0%BD%D0%BA%D0%BB%D0%B0%D1%82%D1%83%D1%80%D0%B0/Description,%D0%9D%D0%BE%D0%BC%D0%B5%D0%BD%D0%BA%D0%BB%D0%B0%D1%82%D1%83%D1%80%D0%B0/%D0%90%D1%80%D1%82%D0%B8%D0%BA%D1%83%D0%BB,%D0%9D%D0%BE%D0%BC%D0%B5%D0%BD%D0%BA%D0%BB%D0%B0%D1%82%D1%83%D1%80%D0%B0/Parent/Description,%D0%9A%D0%BE%D0%BB%D0%B8%D1%87%D0%B5%D1%81%D1%82%D0%B2%D0%BEBalance,%D0%A1%D0%B5%D1%80%D0%B8%D1%8F%D0%9D%D0%BE%D0%BC%D0%B5%D0%BD%D0%BA%D0%BB%D0%B0%D1%82%D1%83%D1%80%D1%8B/%D0%94%D0%B0%D1%82%D0%B0%D0%9F%D1%80%D0%BE%D0%B8%D0%B7%D0%B2%D0%BE%D0%B4%D1%81%D1%82%D0%B2%D0%B0,%D0%A1%D0%B5%D1%80%D0%B8%D1%8F%D0%9D%D0%BE%D0%BC%D0%B5%D0%BD%D0%BA%D0%BB%D0%B0%D1%82%D1%83%D1%80%D1%8B/%D0%93%D0%BE%D0%B4%D0%B5%D0%BD%D0%94%D0%BE,%D0%AF%D1%87%D0%B5%D0%B9%D0%BA%D0%B0%D0%A5%D1%80%D0%B0%D0%BD%D0%B5%D0%BD%D0%B8%D1%8F/%D0%A1%D0%BA%D0%BB%D0%B0%D0%B4/Description&$orderby=%D0%9D%D0%BE%D0%BC%D0%B5%D0%BD%D0%BA%D0%BB%D0%B0%D1%82%D1%83%D1%80%D0%B0/%D0%90%D1%80%D1%82%D0%B8%D0%BA%D1%83%D0%BB&$filter=%D0%9D%D0%BE%D0%BC%D0%B5%D0%BD%D0%BA%D0%BB%D0%B0%D1%82%D1%83%D1%80%D0%B0/Parent/Code%20eq%20'304903' HTTP/1.1" 200 196731
2025-03-19 08:18:46,375 urllib3.connectionpool DEBUG    Starting new HTTP connection (1): 172.172.185.67:80
2025-03-19 08:18:50,568 urllib3.connectionpool DEBUG    http://172.172.185.67:80 "GET /krd_itc_wms/odata/standard.odata//AccumulationRegister_%D0%9E%D1%81%D1%82%D0%B0%D1%82%D0%BA%D0%B8%D0%92%D0%9F%D0%BE%D0%BB%D0%BB%D0%B5%D1%82%D0%B0%D1%85/Balance?$format=json&$expand=%D0%9D%D0%BE%D0%BC%D0%B5%D0%BD%D0%BA%D0%BB%D0%B0%D1%82%D1%83%D1%80%D0%B0/Parent,%20%D0%AF%D1%87%D0%B5%D0%B9%D0%BA%D0%B0%D0%A5%D1%80%D0%B0%D0%BD%D0%B5%D0%BD%D0%B8%D1%8F/%D0%A1%D0%BA%D0%BB%D0%B0%D0%B4,%20%D0%A1%D0%B5%D1%80%D0%B8%D1%8F%D0%9D%D0%BE%D0%BC%D0%B5%D0%BD%D0%BA%D0%BB%D0%B0%D1%82%D1%83%D1%80%D1%8B&$select=%D0%9D%D0%BE%D0%BC%D0%B5%D0%BD%D0%BA%D0%BB%D0%B0%D1%82%D1%83%D1%80%D0%B0/Code,%D0%9D%D0%BE%D0%BC%D0%B5%D0%BD%D0%BA%D0%BB%D0%B0%D1%82%D1%83%D1%80%D0%B0/Description,%D0%9D%D0%BE%D0%BC%D0%B5%D0%BD%D0%BA%D0%BB%D0%B0%D1%82%D1%83%D1%80%D0%B0/%D0%90%D1%80%D1%82%D0%B8%D0%BA%D1%83%D0%BB,%D0%9D%D0%BE%D0%BC%D0%B5%D0%BD%D0%BA%D0%BB%D0%B0%D1%82%D1%83%D1%80%D0%B0/Parent/Description,%D0%9A%D0%BE%D0%BB%D0%B8%D1%87%D0%B5%D1%81%D1%82%D0%B2%D0%BEBalance,%D0%A1%D0%B5%D1%80%D0%B8%D1%8F%D0%9D%D0%BE%D0%BC%D0%B5%D0%BD%D0%BA%D0%BB%D0%B0%D1%82%D1%83%D1%80%D1%8B/%D0%94%D0%B0%D1%82%D0%B0%D0%9F%D1%80%D0%BE%D0%B8%D0%B7%D0%B2%D0%BE%D0%B4%D1%81%D1%82%D0%B2%D0%B0,%D0%A1%D0%B5%D1%80%D0%B8%D1%8F%D0%9D%D0%BE%D0%BC%D0%B5%D0%BD%D0%BA%D0%BB%D0%B0%D1%82%D1%83%D1%80%D1%8B/%D0%93%D0%BE%D0%B4%D0%B5%D0%BD%D0%94%D0%BE,%D0%AF%D1%87%D0%B5%D0%B9%D0%BA%D0%B0%D0%A5%D1%80%D0%B0%D0%BD%D0%B5%D0%BD%D0%B8%D1%8F/%D0%A1%D0%BA%D0%BB%D0%B0%D0%B4/Description&$orderby=%D0%9D%D0%BE%D0%BC%D0%B5%D0%BD%D0%BA%D0%BB%D0%B0%D1%82%D1%83%D1%80%D0%B0/%D0%90%D1%80%D1%82%D0%B8%D0%BA%D1%83%D0%BB&$filter=%D0%9D%D0%BE%D0%BC%D0%B5%D0%BD%D0%BA%D0%BB%D0%B0%D1%82%D1%83%D1%80%D0%B0/Parent/Code%20eq%20'391226' HTTP/1.1" 200 316758
2025-03-19 08:19:11,221 urllib3.connectionpool DEBUG    Starting new HTTP connection (1): 172.172.185.67:80
2025-03-19 08:19:14,800 urllib3.connectionpool DEBUG    http://172.172.185.67:80 "GET /krd_itc_wms/odata/standard.odata//AccumulationRegister_%D0%9E%D1%81%D1%82%D0%B0%D1%82%D0%BA%D0%B8%D0%92%D0%9F%D0%BE%D0%BB%D0%BB%D0%B5%D1%82%D0%B0%D1%85/Balance?$format=json&$expand=%D0%9D%D0%BE%D0%BC%D0%B5%D0%BD%D0%BA%D0%BB%D0%B0%D1%82%D1%83%D1%80%D0%B0/Parent,%20%D0%AF%D1%87%D0%B5%D0%B9%D0%BA%D0%B0%D0%A5%D1%80%D0%B0%D0%BD%D0%B5%D0%BD%D0%B8%D1%8F/%D0%A1%D0%BA%D0%BB%D0%B0%D0%B4,%20%D0%A1%D0%B5%D1%80%D0%B8%D1%8F%D0%9D%D0%BE%D0%BC%D0%B5%D0%BD%D0%BA%D0%BB%D0%B0%D1%82%D1%83%D1%80%D1%8B&$select=%D0%9D%D0%BE%D0%BC%D0%B5%D0%BD%D0%BA%D0%BB%D0%B0%D1%82%D1%83%D1%80%D0%B0/Code,%D0%9D%D0%BE%D0%BC%D0%B5%D0%BD%D0%BA%D0%BB%D0%B0%D1%82%D1%83%D1%80%D0%B0/Description,%D0%9D%D0%BE%D0%BC%D0%B5%D0%BD%D0%BA%D0%BB%D0%B0%D1%82%D1%83%D1%80%D0%B0/%D0%90%D1%80%D1%82%D0%B8%D0%BA%D1%83%D0%BB,%D0%9D%D0%BE%D0%BC%D0%B5%D0%BD%D0%BA%D0%BB%D0%B0%D1%82%D1%83%D1%80%D0%B0/Parent/Description,%D0%9A%D0%BE%D0%BB%D0%B8%D1%87%D0%B5%D1%81%D1%82%D0%B2%D0%BEBalance,%D0%A1%D0%B5%D1%80%D0%B8%D1%8F%D0%9D%D0%BE%D0%BC%D0%B5%D0%BD%D0%BA%D0%BB%D0%B0%D1%82%D1%83%D1%80%D1%8B/%D0%94%D0%B0%D1%82%D0%B0%D0%9F%D1%80%D0%BE%D0%B8%D0%B7%D0%B2%D0%BE%D0%B4%D1%81%D1%82%D0%B2%D0%B0,%D0%A1%D0%B5%D1%80%D0%B8%D1%8F%D0%9D%D0%BE%D0%BC%D0%B5%D0%BD%D0%BA%D0%BB%D0%B0%D1%82%D1%83%D1%80%D1%8B/%D0%93%D0%BE%D0%B4%D0%B5%D0%BD%D0%94%D0%BE,%D0%AF%D1%87%D0%B5%D0%B9%D0%BA%D0%B0%D0%A5%D1%80%D0%B0%D0%BD%D0%B5%D0%BD%D0%B8%D1%8F/%D0%A1%D0%BA%D0%BB%D0%B0%D0%B4/Description&$orderby=%D0%9D%D0%BE%D0%BC%D0%B5%D0%BD%D0%BA%D0%BB%D0%B0%D1%82%D1%83%D1%80%D0%B0/%D0%90%D1%80%D1%82%D0%B8%D0%BA%D1%83%D0%BB&$filter=%D0%9D%D0%BE%D0%BC%D0%B5%D0%BD%D0%BA%D0%BB%D0%B0%D1%82%D1%83%D1%80%D0%B0/Parent/Code%20eq%20'356959' HTTP/1.1" 200 23762
2025-03-19 08:19:33,809 urllib3.connectionpool DEBUG    Starting new HTTP connection (1): 172.172.185.67:80
2025-03-19 08:19:37,623 urllib3.connectionpool DEBUG    http://172.172.185.67:80 "GET /krd_itc_wms/odata/standard.odata//AccumulationRegister_%D0%9E%D1%81%D1%82%D0%B0%D1%82%D0%BA%D0%B8%D0%92%D0%9F%D0%BE%D0%BB%D0%BB%D0%B5%D1%82%D0%B0%D1%85/Balance?$format=json&$expand=%D0%9D%D0%BE%D0%BC%D0%B5%D0%BD%D0%BA%D0%BB%D0%B0%D1%82%D1%83%D1%80%D0%B0/Parent,%20%D0%AF%D1%87%D0%B5%D0%B9%D0%BA%D0%B0%D0%A5%D1%80%D0%B0%D0%BD%D0%B5%D0%BD%D0%B8%D1%8F/%D0%A1%D0%BA%D0%BB%D0%B0%D0%B4,%20%D0%A1%D0%B5%D1%80%D0%B8%D1%8F%D0%9D%D0%BE%D0%BC%D0%B5%D0%BD%D0%BA%D0%BB%D0%B0%D1%82%D1%83%D1%80%D1%8B&$select=%D0%9D%D0%BE%D0%BC%D0%B5%D0%BD%D0%BA%D0%BB%D0%B0%D1%82%D1%83%D1%80%D0%B0/Code,%D0%9D%D0%BE%D0%BC%D0%B5%D0%BD%D0%BA%D0%BB%D0%B0%D1%82%D1%83%D1%80%D0%B0/Description,%D0%9D%D0%BE%D0%BC%D0%B5%D0%BD%D0%BA%D0%BB%D0%B0%D1%82%D1%83%D1%80%D0%B0/%D0%90%D1%80%D1%82%D0%B8%D0%BA%D1%83%D0%BB,%D0%9D%D0%BE%D0%BC%D0%B5%D0%BD%D0%BA%D0%BB%D0%B0%D1%82%D1%83%D1%80%D0%B0/Parent/Description,%D0%9A%D0%BE%D0%BB%D0%B8%D1%87%D0%B5%D1%81%D1%82%D0%B2%D0%BEBalance,%D0%A1%D0%B5%D1%80%D0%B8%D1%8F%D0%9D%D0%BE%D0%BC%D0%B5%D0%BD%D0%BA%D0%BB%D0%B0%D1%82%D1%83%D1%80%D1%8B/%D0%94%D0%B0%D1%82%D0%B0%D0%9F%D1%80%D0%BE%D0%B8%D0%B7%D0%B2%D0%BE%D0%B4%D1%81%D1%82%D0%B2%D0%B0,%D0%A1%D0%B5%D1%80%D0%B8%D1%8F%D0%9D%D0%BE%D0%BC%D0%B5%D0%BD%D0%BA%D0%BB%D0%B0%D1%82%D1%83%D1%80%D1%8B/%D0%93%D0%BE%D0%B4%D0%B5%D0%BD%D0%94%D0%BE,%D0%AF%D1%87%D0%B5%D0%B9%D0%BA%D0%B0%D0%A5%D1%80%D0%B0%D0%BD%D0%B5%D0%BD%D0%B8%D1%8F/%D0%A1%D0%BA%D0%BB%D0%B0%D0%B4/Description&$orderby=%D0%9D%D0%BE%D0%BC%D0%B5%D0%BD%D0%BA%D0%BB%D0%B0%D1%82%D1%83%D1%80%D0%B0/%D0%90%D1%80%D1%82%D0%B8%D0%BA%D1%83%D0%BB&$filter=%D0%9D%D0%BE%D0%BC%D0%B5%D0%BD%D0%BA%D0%BB%D0%B0%D1%82%D1%83%D1%80%D0%B0/Parent/Code%20eq%20'391291' HTTP/1.1" 200 433940
2025-03-19 08:50:02,159 urllib3.connectionpool DEBUG    Starting new HTTP connection (1): 172.172.185.67:80
2025-03-19 08:50:05,742 urllib3.connectionpool DEBUG    http://172.172.185.67:80 "GET /krd_itc_wms/odata/standard.odata//AccumulationRegister_%D0%9E%D1%81%D1%82%D0%B0%D1%82%D0%BA%D0%B8%D0%92%D0%9F%D0%BE%D0%BB%D0%BB%D0%B5%D1%82%D0%B0%D1%85/Balance?$format=json&$expand=%D0%9D%D0%BE%D0%BC%D0%B5%D0%BD%D0%BA%D0%BB%D0%B0%D1%82%D1%83%D1%80%D0%B0/Parent,%20%D0%AF%D1%87%D0%B5%D0%B9%D0%BA%D0%B0%D0%A5%D1%80%D0%B0%D0%BD%D0%B5%D0%BD%D0%B8%D1%8F/%D0%A1%D0%BA%D0%BB%D0%B0%D0%B4,%20%D0%A1%D0%B5%D1%80%D0%B8%D1%8F%D0%9D%D0%BE%D0%BC%D0%B5%D0%BD%D0%BA%D0%BB%D0%B0%D1%82%D1%83%D1%80%D1%8B&$select=%D0%9D%D0%BE%D0%BC%D0%B5%D0%BD%D0%BA%D0%BB%D0%B0%D1%82%D1%83%D1%80%D0%B0/Code,%D0%9D%D0%BE%D0%BC%D0%B5%D0%BD%D0%BA%D0%BB%D0%B0%D1%82%D1%83%D1%80%D0%B0/Description,%D0%9D%D0%BE%D0%BC%D0%B5%D0%BD%D0%BA%D0%BB%D0%B0%D1%82%D1%83%D1%80%D0%B0/%D0%90%D1%80%D1%82%D0%B8%D0%BA%D1%83%D0%BB,%D0%9D%D0%BE%D0%BC%D0%B5%D0%BD%D0%BA%D0%BB%D0%B0%D1%82%D1%83%D1%80%D0%B0/Parent/Description,%D0%9A%D0%BE%D0%BB%D0%B8%D1%87%D0%B5%D1%81%D1%82%D0%B2%D0%BEBalance,%D0%A1%D0%B5%D1%80%D0%B8%D1%8F%D0%9D%D0%BE%D0%BC%D0%B5%D0%BD%D0%BA%D0%BB%D0%B0%D1%82%D1%83%D1%80%D1%8B/%D0%94%D0%B0%D1%82%D0%B0%D0%9F%D1%80%D0%BE%D0%B8%D0%B7%D0%B2%D0%BE%D0%B4%D1%81%D1%82%D0%B2%D0%B0,%D0%A1%D0%B5%D1%80%D0%B8%D1%8F%D0%9D%D0%BE%D0%BC%D0%B5%D0%BD%D0%BA%D0%BB%D0%B0%D1%82%D1%83%D1%80%D1%8B/%D0%93%D0%BE%D0%B4%D0%B5%D0%BD%D0%94%D0%BE,%D0%AF%D1%87%D0%B5%D0%B9%D0%BA%D0%B0%D0%A5%D1%80%D0%B0%D0%BD%D0%B5%D0%BD%D0%B8%D1%8F/%D0%A1%D0%BA%D0%BB%D0%B0%D0%B4/Description&$orderby=%D0%9D%D0%BE%D0%BC%D0%B5%D0%BD%D0%BA%D0%BB%D0%B0%D1%82%D1%83%D1%80%D0%B0/%D0%90%D1%80%D1%82%D0%B8%D0%BA%D1%83%D0%BB&$filter=%D0%9D%D0%BE%D0%BC%D0%B5%D0%BD%D0%BA%D0%BB%D0%B0%D1%82%D1%83%D1%80%D0%B0/Parent/Code%20eq%20'304903' HTTP/1.1" 200 196731
2025-03-19 09:37:18,496 django.request WARNING  Not Found: /favicon.ico
2025-03-19 09:52:07,445 django.request WARNING  Not Found: /favicon.ico
2025-03-19 10:12:39,889 django.utils.autoreload INFO     C:\Users\rhashhanok\PycharmProjects\SLEX_02\base_app\contract_models\krd\unigra.py changed, reloading.
2025-03-19 10:12:41,497 django.utils.autoreload INFO     Watching for file changes with StatReloader
2025-03-19 10:14:06,974 django.utils.autoreload INFO     C:\Users\rhashhanok\PycharmProjects\SLEX_02\base_app\contract_models\krd\unigra.py changed, reloading.
2025-03-19 10:14:08,433 django.utils.autoreload INFO     Watching for file changes with StatReloader
2025-03-19 10:14:38,931 django.utils.autoreload INFO     C:\Users\rhashhanok\PycharmProjects\SLEX_02\base_app\contract_models\krd\unigra.py changed, reloading.
2025-03-19 10:14:40,436 django.utils.autoreload INFO     Watching for file changes with StatReloader
2025-03-19 10:16:00,568 django.utils.autoreload INFO     C:\Users\rhashhanok\PycharmProjects\SLEX_02\base_app\contract_models\krd\unigra.py changed, reloading.
2025-03-19 10:16:02,121 django.utils.autoreload INFO     Watching for file changes with StatReloader
2025-03-19 10:29:32,253 django.utils.autoreload INFO     C:\Users\rhashhanok\PycharmProjects\SLEX_02\base_app\contract_models\krd\unigra.py changed, reloading.
2025-03-19 10:29:33,964 django.utils.autoreload INFO     Watching for file changes with StatReloader
2025-03-19 10:29:37,023 django.utils.autoreload INFO     C:\Users\rhashhanok\PycharmProjects\SLEX_02\base_app\contract_models\krd\unigra.py changed, reloading.
2025-03-19 10:29:38,519 django.utils.autoreload INFO     Watching for file changes with StatReloader
2025-03-19 10:42:05,373 django.utils.autoreload INFO     C:\Users\rhashhanok\PycharmProjects\SLEX_02\base_app\contract_models\zelandiya.py changed, reloading.
2025-03-19 10:42:06,796 django.utils.autoreload INFO     Watching for file changes with StatReloader
2025-03-19 10:42:35,451 django.utils.autoreload INFO     C:\Users\rhashhanok\PycharmProjects\SLEX_02\base_app\contract_models\zelandiya.py changed, reloading.
2025-03-19 10:42:37,143 django.utils.autoreload INFO     Watching for file changes with StatReloader
2025-03-19 10:46:53,720 django.utils.autoreload INFO     C:\Users\rhashhanok\PycharmProjects\SLEX_02\base_app\contract_models\zelandiya.py changed, reloading.
2025-03-19 10:46:55,275 django.utils.autoreload INFO     Watching for file changes with StatReloader
2025-03-19 10:47:42,714 django.utils.autoreload INFO     C:\Users\rhashhanok\PycharmProjects\SLEX_02\base_app\contract_models\zelandiya.py changed, reloading.
2025-03-19 10:47:44,654 django.utils.autoreload INFO     Watching for file changes with StatReloader
2025-03-19 10:50:21,307 django.utils.autoreload INFO     C:\Users\rhashhanok\PycharmProjects\SLEX_02\base_app\contract_models\krd\unigra.py changed, reloading.
2025-03-19 10:50:23,009 django.utils.autoreload INFO     Watching for file changes with StatReloader
2025-03-19 10:50:36,432 django.utils.autoreload INFO     C:\Users\rhashhanok\PycharmProjects\SLEX_02\base_app\contract_models\krd\unigra.py changed, reloading.
2025-03-19 10:50:37,904 django.utils.autoreload INFO     Watching for file changes with StatReloader
2025-03-19 10:50:50,623 django.utils.autoreload INFO     C:\Users\rhashhanok\PycharmProjects\SLEX_02\base_app\contract_models\krd\unigra.py changed, reloading.
2025-03-19 10:50:52,152 django.utils.autoreload INFO     Watching for file changes with StatReloader
2025-03-19 10:51:47,328 django.utils.autoreload INFO     C:\Users\rhashhanok\PycharmProjects\SLEX_02\base_app\contract_models\krd\unigra.py changed, reloading.
2025-03-19 10:51:48,827 django.utils.autoreload INFO     Watching for file changes with StatReloader
2025-03-19 10:51:56,520 django.utils.autoreload INFO     C:\Users\rhashhanok\PycharmProjects\SLEX_02\base_app\contract_models\krd\unigra.py changed, reloading.
2025-03-19 10:51:58,018 django.utils.autoreload INFO     Watching for file changes with StatReloader
2025-03-19 10:52:38,692 django.utils.autoreload INFO     C:\Users\rhashhanok\PycharmProjects\SLEX_02\base_app\contract_models\krd\unigra.py changed, reloading.
2025-03-19 10:52:40,186 django.utils.autoreload INFO     Watching for file changes with StatReloader
2025-03-19 10:52:50,411 django.utils.autoreload INFO     C:\Users\rhashhanok\PycharmProjects\SLEX_02\base_app\contract_models\krd\unigra.py changed, reloading.
2025-03-19 10:52:51,924 django.utils.autoreload INFO     Watching for file changes with StatReloader
2025-03-19 10:53:01,022 django.utils.autoreload INFO     C:\Users\rhashhanok\PycharmProjects\SLEX_02\base_app\contract_models\krd\unigra.py changed, reloading.
2025-03-19 10:53:02,543 django.utils.autoreload INFO     Watching for file changes with StatReloader
2025-03-19 10:53:10,369 django.utils.autoreload INFO     C:\Users\rhashhanok\PycharmProjects\SLEX_02\base_app\contract_models\krd\unigra.py changed, reloading.
2025-03-19 10:53:11,842 django.utils.autoreload INFO     Watching for file changes with StatReloader
2025-03-19 10:53:18,628 django.utils.autoreload INFO     C:\Users\rhashhanok\PycharmProjects\SLEX_02\base_app\contract_models\krd\unigra.py changed, reloading.
2025-03-19 10:53:20,094 django.utils.autoreload INFO     Watching for file changes with StatReloader
2025-03-19 10:53:28,934 django.utils.autoreload INFO     C:\Users\rhashhanok\PycharmProjects\SLEX_02\base_app\contract_models\krd\unigra.py changed, reloading.
2025-03-19 10:53:30,472 django.utils.autoreload INFO     Watching for file changes with StatReloader
2025-03-19 10:53:35,827 django.utils.autoreload INFO     C:\Users\rhashhanok\PycharmProjects\SLEX_02\base_app\contract_models\krd\unigra.py changed, reloading.
2025-03-19 10:53:37,334 django.utils.autoreload INFO     Watching for file changes with StatReloader
2025-03-19 10:53:44,966 django.utils.autoreload INFO     C:\Users\rhashhanok\PycharmProjects\SLEX_02\base_app\contract_models\krd\unigra.py changed, reloading.
2025-03-19 10:53:46,450 django.utils.autoreload INFO     Watching for file changes with StatReloader
2025-03-19 10:53:55,308 django.utils.autoreload INFO     C:\Users\rhashhanok\PycharmProjects\SLEX_02\base_app\contract_models\krd\unigra.py changed, reloading.
2025-03-19 10:53:56,830 django.utils.autoreload INFO     Watching for file changes with StatReloader
2025-03-19 10:54:41,716 django.utils.autoreload INFO     C:\Users\rhashhanok\PycharmProjects\SLEX_02\base_app\contract_models\krd\unigra.py changed, reloading.
2025-03-19 10:54:43,396 django.utils.autoreload INFO     Watching for file changes with StatReloader
2025-03-19 10:55:53,283 django.utils.autoreload INFO     C:\Users\rhashhanok\PycharmProjects\SLEX_02\base_app\contract_models\krd\unigra.py changed, reloading.
2025-03-19 10:55:54,785 django.utils.autoreload INFO     Watching for file changes with StatReloader
2025-03-19 10:56:02,442 django.utils.autoreload INFO     C:\Users\rhashhanok\PycharmProjects\SLEX_02\base_app\contract_models\krd\unigra.py changed, reloading.
2025-03-19 10:56:03,950 django.utils.autoreload INFO     Watching for file changes with StatReloader
2025-03-19 10:58:04,021 django.utils.autoreload INFO     C:\Users\rhashhanok\PycharmProjects\SLEX_02\base_app\contract_models\krd\unigra.py changed, reloading.
2025-03-19 10:58:05,501 django.utils.autoreload INFO     Watching for file changes with StatReloader
2025-03-19 11:00:48,153 django.utils.autoreload INFO     C:\Users\rhashhanok\PycharmProjects\SLEX_02\base_app\contract_models\krd\unigra.py changed, reloading.
2025-03-19 11:00:49,686 django.utils.autoreload INFO     Watching for file changes with StatReloader
2025-03-19 11:04:04,427 django.request ERROR    Internal Server Error: /krd/contracts/unigra/add_goods/load_file
Traceback (most recent call last):
  File "C:\Users\rhashhanok\PycharmProjects\SLEX_02\.venv\Lib\site-packages\django\core\handlers\exception.py", line 55, in inner
    response = get_response(request)
               ^^^^^^^^^^^^^^^^^^^^^
  File "C:\Users\rhashhanok\PycharmProjects\SLEX_02\.venv\Lib\site-packages\django\core\handlers\base.py", line 197, in _get_response
    response = wrapped_callback(request, *callback_args, **callback_kwargs)
               ^^^^^^^^^^^^^^^^^^^^^^^^^^^^^^^^^^^^^^^^^^^^^^^^^^^^^^^^^^^^
  File "C:\Users\rhashhanok\PycharmProjects\SLEX_02\base_app\views.py", line 138, in event_load_file
    res, error_valid = dict_module[context['contract'].slug].add_goods(file, context['contract'])
                                   ~~~~~~~^^^^^^^^^^^^
KeyError: 'contract'
2025-03-19 11:25:28,781 django.utils.autoreload INFO     C:\Users\rhashhanok\PycharmProjects\SLEX_02\base_app\contract_models\krd\unigra.py changed, reloading.
2025-03-19 11:25:30,297 django.utils.autoreload INFO     Watching for file changes with StatReloader
2025-03-19 11:25:40,075 django.request ERROR    Internal Server Error: /krd/contracts/unigra/process_applications/load_file
Traceback (most recent call last):
  File "C:\Users\rhashhanok\PycharmProjects\SLEX_02\.venv\Lib\site-packages\django\core\handlers\exception.py", line 55, in inner
    response = get_response(request)
               ^^^^^^^^^^^^^^^^^^^^^
  File "C:\Users\rhashhanok\PycharmProjects\SLEX_02\.venv\Lib\site-packages\django\core\handlers\base.py", line 197, in _get_response
    response = wrapped_callback(request, *callback_args, **callback_kwargs)
               ^^^^^^^^^^^^^^^^^^^^^^^^^^^^^^^^^^^^^^^^^^^^^^^^^^^^^^^^^^^^
  File "C:\Users\rhashhanok\PycharmProjects\SLEX_02\base_app\views.py", line 154, in event_load_file
    res, error_valid = dict_module[context['contract'].slug].start(file, context['contract'])
                       ^^^^^^^^^^^^^^^^^^^^^^^^^^^^^^^^^^^^^^^^^^^^^^^^^^^^^^^^^^^^^^^^^^^^^^
  File "C:\Users\rhashhanok\PycharmProjects\SLEX_02\base_app\contract_models\krd\unigra.py", line 17, in start
    print(contract.id_sklad, contract.id_client, contract.id_postav, contract.agent)
                                                                     ^^^^^^^^^^^^^^
AttributeError: 'Contracts' object has no attribute 'agent'
2025-03-19 11:25:52,970 django.utils.autoreload INFO     C:\Users\rhashhanok\PycharmProjects\SLEX_02\base_app\contract_models\krd\unigra.py changed, reloading.
2025-03-19 11:25:54,593 django.utils.autoreload INFO     Watching for file changes with StatReloader
2025-03-19 11:26:49,122 django.utils.autoreload INFO     C:\Users\rhashhanok\PycharmProjects\SLEX_02\base_app\contract_models\krd\unigra.py changed, reloading.
2025-03-19 11:27:07,105 django.utils.autoreload INFO     Watching for file changes with StatReloader
2025-03-19 11:28:43,314 django.utils.autoreload INFO     C:\Users\rhashhanok\PycharmProjects\SLEX_02\base_app\contract_models\krd\unigra.py changed, reloading.
2025-03-19 11:28:44,841 django.utils.autoreload INFO     Watching for file changes with StatReloader
2025-03-19 11:30:43,593 django.request WARNING  Not Found: /favicon.ico
2025-03-19 12:04:21,933 django.request WARNING  Not Found: /favicon.ico
2025-03-19 14:56:48,485 urllib3.connectionpool DEBUG    Starting new HTTP connection (1): 172.172.185.67:80
2025-03-19 14:56:51,995 urllib3.connectionpool DEBUG    http://172.172.185.67:80 "GET /krd_itc_wms/odata/standard.odata//AccumulationRegister_%D0%9E%D1%81%D1%82%D0%B0%D1%82%D0%BA%D0%B8%D0%92%D0%9F%D0%BE%D0%BB%D0%BB%D0%B5%D1%82%D0%B0%D1%85/Balance?$format=json&$expand=%D0%9D%D0%BE%D0%BC%D0%B5%D0%BD%D0%BA%D0%BB%D0%B0%D1%82%D1%83%D1%80%D0%B0/Parent,%20%D0%AF%D1%87%D0%B5%D0%B9%D0%BA%D0%B0%D0%A5%D1%80%D0%B0%D0%BD%D0%B5%D0%BD%D0%B8%D1%8F/%D0%A1%D0%BA%D0%BB%D0%B0%D0%B4,%20%D0%A1%D0%B5%D1%80%D0%B8%D1%8F%D0%9D%D0%BE%D0%BC%D0%B5%D0%BD%D0%BA%D0%BB%D0%B0%D1%82%D1%83%D1%80%D1%8B&$select=%D0%9D%D0%BE%D0%BC%D0%B5%D0%BD%D0%BA%D0%BB%D0%B0%D1%82%D1%83%D1%80%D0%B0/Code,%D0%9D%D0%BE%D0%BC%D0%B5%D0%BD%D0%BA%D0%BB%D0%B0%D1%82%D1%83%D1%80%D0%B0/Description,%D0%9D%D0%BE%D0%BC%D0%B5%D0%BD%D0%BA%D0%BB%D0%B0%D1%82%D1%83%D1%80%D0%B0/%D0%90%D1%80%D1%82%D0%B8%D0%BA%D1%83%D0%BB,%D0%9D%D0%BE%D0%BC%D0%B5%D0%BD%D0%BA%D0%BB%D0%B0%D1%82%D1%83%D1%80%D0%B0/Parent/Description,%D0%9A%D0%BE%D0%BB%D0%B8%D1%87%D0%B5%D1%81%D1%82%D0%B2%D0%BEBalance,%D0%A1%D0%B5%D1%80%D0%B8%D1%8F%D0%9D%D0%BE%D0%BC%D0%B5%D0%BD%D0%BA%D0%BB%D0%B0%D1%82%D1%83%D1%80%D1%8B/%D0%94%D0%B0%D1%82%D0%B0%D0%9F%D1%80%D0%BE%D0%B8%D0%B7%D0%B2%D0%BE%D0%B4%D1%81%D1%82%D0%B2%D0%B0,%D0%A1%D0%B5%D1%80%D0%B8%D1%8F%D0%9D%D0%BE%D0%BC%D0%B5%D0%BD%D0%BA%D0%BB%D0%B0%D1%82%D1%83%D1%80%D1%8B/%D0%93%D0%BE%D0%B4%D0%B5%D0%BD%D0%94%D0%BE,%D0%AF%D1%87%D0%B5%D0%B9%D0%BA%D0%B0%D0%A5%D1%80%D0%B0%D0%BD%D0%B5%D0%BD%D0%B8%D1%8F/%D0%A1%D0%BA%D0%BB%D0%B0%D0%B4/Description&$orderby=%D0%9D%D0%BE%D0%BC%D0%B5%D0%BD%D0%BA%D0%BB%D0%B0%D1%82%D1%83%D1%80%D0%B0/%D0%90%D1%80%D1%82%D0%B8%D0%BA%D1%83%D0%BB&$filter=%D0%9D%D0%BE%D0%BC%D0%B5%D0%BD%D0%BA%D0%BB%D0%B0%D1%82%D1%83%D1%80%D0%B0/Parent/Code%20eq%20'1026342' HTTP/1.1" 200 192
2025-03-19 15:14:05,889 django.request WARNING  Not Found: /favicon.ico
2025-03-19 16:14:27,182 django.request WARNING  Not Found: /favicon.ico
2025-03-19 16:24:03,790 urllib3.connectionpool DEBUG    Starting new HTTP connection (1): 172.172.185.67:80
2025-03-19 16:24:13,978 urllib3.connectionpool DEBUG    http://172.172.185.67:80 "POST /krd_itc_wms/ru_RU/hs/PutData HTTP/1.1" 200 371
2025-03-20 08:23:25,985 django.request WARNING  Not Found: /favicon.ico
2025-03-20 08:50:42,191 django.request WARNING  Not Found: /favicon.ico
2025-03-20 08:50:49,946 urllib3.connectionpool DEBUG    Starting new HTTP connection (1): 172.172.185.67:80
2025-03-20 08:50:53,459 urllib3.connectionpool DEBUG    http://172.172.185.67:80 "GET /krd_itc_wms/odata/standard.odata//AccumulationRegister_%D0%9E%D1%81%D1%82%D0%B0%D1%82%D0%BA%D0%B8%D0%92%D0%9F%D0%BE%D0%BB%D0%BB%D0%B5%D1%82%D0%B0%D1%85/Balance?$format=json&$expand=%D0%9D%D0%BE%D0%BC%D0%B5%D0%BD%D0%BA%D0%BB%D0%B0%D1%82%D1%83%D1%80%D0%B0/Parent,%20%D0%AF%D1%87%D0%B5%D0%B9%D0%BA%D0%B0%D0%A5%D1%80%D0%B0%D0%BD%D0%B5%D0%BD%D0%B8%D1%8F/%D0%A1%D0%BA%D0%BB%D0%B0%D0%B4,%20%D0%A1%D0%B5%D1%80%D0%B8%D1%8F%D0%9D%D0%BE%D0%BC%D0%B5%D0%BD%D0%BA%D0%BB%D0%B0%D1%82%D1%83%D1%80%D1%8B&$select=%D0%9D%D0%BE%D0%BC%D0%B5%D0%BD%D0%BA%D0%BB%D0%B0%D1%82%D1%83%D1%80%D0%B0/Code,%D0%9D%D0%BE%D0%BC%D0%B5%D0%BD%D0%BA%D0%BB%D0%B0%D1%82%D1%83%D1%80%D0%B0/Description,%D0%9D%D0%BE%D0%BC%D0%B5%D0%BD%D0%BA%D0%BB%D0%B0%D1%82%D1%83%D1%80%D0%B0/%D0%90%D1%80%D1%82%D0%B8%D0%BA%D1%83%D0%BB,%D0%9D%D0%BE%D0%BC%D0%B5%D0%BD%D0%BA%D0%BB%D0%B0%D1%82%D1%83%D1%80%D0%B0/Parent/Description,%D0%9A%D0%BE%D0%BB%D0%B8%D1%87%D0%B5%D1%81%D1%82%D0%B2%D0%BEBalance,%D0%A1%D0%B5%D1%80%D0%B8%D1%8F%D0%9D%D0%BE%D0%BC%D0%B5%D0%BD%D0%BA%D0%BB%D0%B0%D1%82%D1%83%D1%80%D1%8B/%D0%94%D0%B0%D1%82%D0%B0%D0%9F%D1%80%D0%BE%D0%B8%D0%B7%D0%B2%D0%BE%D0%B4%D1%81%D1%82%D0%B2%D0%B0,%D0%A1%D0%B5%D1%80%D0%B8%D1%8F%D0%9D%D0%BE%D0%BC%D0%B5%D0%BD%D0%BA%D0%BB%D0%B0%D1%82%D1%83%D1%80%D1%8B/%D0%93%D0%BE%D0%B4%D0%B5%D0%BD%D0%94%D0%BE,%D0%AF%D1%87%D0%B5%D0%B9%D0%BA%D0%B0%D0%A5%D1%80%D0%B0%D0%BD%D0%B5%D0%BD%D0%B8%D1%8F/%D0%A1%D0%BA%D0%BB%D0%B0%D0%B4/Description&$orderby=%D0%9D%D0%BE%D0%BC%D0%B5%D0%BD%D0%BA%D0%BB%D0%B0%D1%82%D1%83%D1%80%D0%B0/%D0%90%D1%80%D1%82%D0%B8%D0%BA%D1%83%D0%BB&$filter=%D0%9D%D0%BE%D0%BC%D0%B5%D0%BD%D0%BA%D0%BB%D0%B0%D1%82%D1%83%D1%80%D0%B0/Parent/Code%20eq%20'304903' HTTP/1.1" 200 186706
2025-03-20 08:52:01,805 urllib3.connectionpool DEBUG    Starting new HTTP connection (1): 172.172.185.67:80
2025-03-20 08:52:06,398 urllib3.connectionpool DEBUG    http://172.172.185.67:80 "GET /krd_itc_wms/odata/standard.odata//AccumulationRegister_%D0%9E%D1%81%D1%82%D0%B0%D1%82%D0%BA%D0%B8%D0%92%D0%9F%D0%BE%D0%BB%D0%BB%D0%B5%D1%82%D0%B0%D1%85/Balance?$format=json&$expand=%D0%9D%D0%BE%D0%BC%D0%B5%D0%BD%D0%BA%D0%BB%D0%B0%D1%82%D1%83%D1%80%D0%B0/Parent,%20%D0%AF%D1%87%D0%B5%D0%B9%D0%BA%D0%B0%D0%A5%D1%80%D0%B0%D0%BD%D0%B5%D0%BD%D0%B8%D1%8F/%D0%A1%D0%BA%D0%BB%D0%B0%D0%B4,%20%D0%A1%D0%B5%D1%80%D0%B8%D1%8F%D0%9D%D0%BE%D0%BC%D0%B5%D0%BD%D0%BA%D0%BB%D0%B0%D1%82%D1%83%D1%80%D1%8B&$select=%D0%9D%D0%BE%D0%BC%D0%B5%D0%BD%D0%BA%D0%BB%D0%B0%D1%82%D1%83%D1%80%D0%B0/Code,%D0%9D%D0%BE%D0%BC%D0%B5%D0%BD%D0%BA%D0%BB%D0%B0%D1%82%D1%83%D1%80%D0%B0/Description,%D0%9D%D0%BE%D0%BC%D0%B5%D0%BD%D0%BA%D0%BB%D0%B0%D1%82%D1%83%D1%80%D0%B0/%D0%90%D1%80%D1%82%D0%B8%D0%BA%D1%83%D0%BB,%D0%9D%D0%BE%D0%BC%D0%B5%D0%BD%D0%BA%D0%BB%D0%B0%D1%82%D1%83%D1%80%D0%B0/Parent/Description,%D0%9A%D0%BE%D0%BB%D0%B8%D1%87%D0%B5%D1%81%D1%82%D0%B2%D0%BEBalance,%D0%A1%D0%B5%D1%80%D0%B8%D1%8F%D0%9D%D0%BE%D0%BC%D0%B5%D0%BD%D0%BA%D0%BB%D0%B0%D1%82%D1%83%D1%80%D1%8B/%D0%94%D0%B0%D1%82%D0%B0%D0%9F%D1%80%D0%BE%D0%B8%D0%B7%D0%B2%D0%BE%D0%B4%D1%81%D1%82%D0%B2%D0%B0,%D0%A1%D0%B5%D1%80%D0%B8%D1%8F%D0%9D%D0%BE%D0%BC%D0%B5%D0%BD%D0%BA%D0%BB%D0%B0%D1%82%D1%83%D1%80%D1%8B/%D0%93%D0%BE%D0%B4%D0%B5%D0%BD%D0%94%D0%BE,%D0%AF%D1%87%D0%B5%D0%B9%D0%BA%D0%B0%D0%A5%D1%80%D0%B0%D0%BD%D0%B5%D0%BD%D0%B8%D1%8F/%D0%A1%D0%BA%D0%BB%D0%B0%D0%B4/Description&$orderby=%D0%9D%D0%BE%D0%BC%D0%B5%D0%BD%D0%BA%D0%BB%D0%B0%D1%82%D1%83%D1%80%D0%B0/%D0%90%D1%80%D1%82%D0%B8%D0%BA%D1%83%D0%BB&$filter=%D0%9D%D0%BE%D0%BC%D0%B5%D0%BD%D0%BA%D0%BB%D0%B0%D1%82%D1%83%D1%80%D0%B0/Parent/Code%20eq%20'391291' HTTP/1.1" 200 437137
2025-03-20 09:24:22,193 django.request WARNING  Not Found: /favicon.ico
2025-03-20 09:26:15,801 django.request WARNING  Not Found: /favicon.ico
2025-03-20 09:29:35,698 urllib3.connectionpool DEBUG    Starting new HTTP connection (1): 172.172.185.67:80
2025-03-20 09:29:39,962 urllib3.connectionpool DEBUG    http://172.172.185.67:80 "GET /krd_itc_wms/odata/standard.odata//AccumulationRegister_%D0%9E%D1%81%D1%82%D0%B0%D1%82%D0%BA%D0%B8%D0%92%D0%9F%D0%BE%D0%BB%D0%BB%D0%B5%D1%82%D0%B0%D1%85/Balance?$format=json&$expand=%D0%9D%D0%BE%D0%BC%D0%B5%D0%BD%D0%BA%D0%BB%D0%B0%D1%82%D1%83%D1%80%D0%B0/Parent,%20%D0%AF%D1%87%D0%B5%D0%B9%D0%BA%D0%B0%D0%A5%D1%80%D0%B0%D0%BD%D0%B5%D0%BD%D0%B8%D1%8F/%D0%A1%D0%BA%D0%BB%D0%B0%D0%B4,%20%D0%A1%D0%B5%D1%80%D0%B8%D1%8F%D0%9D%D0%BE%D0%BC%D0%B5%D0%BD%D0%BA%D0%BB%D0%B0%D1%82%D1%83%D1%80%D1%8B&$select=%D0%9D%D0%BE%D0%BC%D0%B5%D0%BD%D0%BA%D0%BB%D0%B0%D1%82%D1%83%D1%80%D0%B0/Code,%D0%9D%D0%BE%D0%BC%D0%B5%D0%BD%D0%BA%D0%BB%D0%B0%D1%82%D1%83%D1%80%D0%B0/Description,%D0%9D%D0%BE%D0%BC%D0%B5%D0%BD%D0%BA%D0%BB%D0%B0%D1%82%D1%83%D1%80%D0%B0/%D0%90%D1%80%D1%82%D0%B8%D0%BA%D1%83%D0%BB,%D0%9D%D0%BE%D0%BC%D0%B5%D0%BD%D0%BA%D0%BB%D0%B0%D1%82%D1%83%D1%80%D0%B0/Parent/Description,%D0%9A%D0%BE%D0%BB%D0%B8%D1%87%D0%B5%D1%81%D1%82%D0%B2%D0%BEBalance,%D0%A1%D0%B5%D1%80%D0%B8%D1%8F%D0%9D%D0%BE%D0%BC%D0%B5%D0%BD%D0%BA%D0%BB%D0%B0%D1%82%D1%83%D1%80%D1%8B/%D0%94%D0%B0%D1%82%D0%B0%D0%9F%D1%80%D0%BE%D0%B8%D0%B7%D0%B2%D0%BE%D0%B4%D1%81%D1%82%D0%B2%D0%B0,%D0%A1%D0%B5%D1%80%D0%B8%D1%8F%D0%9D%D0%BE%D0%BC%D0%B5%D0%BD%D0%BA%D0%BB%D0%B0%D1%82%D1%83%D1%80%D1%8B/%D0%93%D0%BE%D0%B4%D0%B5%D0%BD%D0%94%D0%BE,%D0%AF%D1%87%D0%B5%D0%B9%D0%BA%D0%B0%D0%A5%D1%80%D0%B0%D0%BD%D0%B5%D0%BD%D0%B8%D1%8F/%D0%A1%D0%BA%D0%BB%D0%B0%D0%B4/Description&$orderby=%D0%9D%D0%BE%D0%BC%D0%B5%D0%BD%D0%BA%D0%BB%D0%B0%D1%82%D1%83%D1%80%D0%B0/%D0%90%D1%80%D1%82%D0%B8%D0%BA%D1%83%D0%BB&$filter=%D0%9D%D0%BE%D0%BC%D0%B5%D0%BD%D0%BA%D0%BB%D0%B0%D1%82%D1%83%D1%80%D0%B0/Parent/Code%20eq%20'304903' HTTP/1.1" 200 186706
2025-03-20 09:44:57,855 urllib3.connectionpool DEBUG    Starting new HTTP connection (1): 172.172.185.67:80
2025-03-20 09:44:58,419 urllib3.connectionpool DEBUG    http://172.172.185.67:80 "GET /krd_itc_wms/odata/standard.odata//AccumulationRegister_%D0%9E%D1%81%D1%82%D0%B0%D1%82%D0%BA%D0%B8%D0%92%D0%9F%D0%BE%D0%BB%D0%BB%D0%B5%D1%82%D0%B0%D1%85/Balance?$format=json&$expand=%D0%9D%D0%BE%D0%BC%D0%B5%D0%BD%D0%BA%D0%BB%D0%B0%D1%82%D1%83%D1%80%D0%B0/Parent,%20%D0%AF%D1%87%D0%B5%D0%B9%D0%BA%D0%B0%D0%A5%D1%80%D0%B0%D0%BD%D0%B5%D0%BD%D0%B8%D1%8F/%D0%A1%D0%BA%D0%BB%D0%B0%D0%B4,%20%D0%A1%D0%B5%D1%80%D0%B8%D1%8F%D0%9D%D0%BE%D0%BC%D0%B5%D0%BD%D0%BA%D0%BB%D0%B0%D1%82%D1%83%D1%80%D1%8B&$select=%D0%9D%D0%BE%D0%BC%D0%B5%D0%BD%D0%BA%D0%BB%D0%B0%D1%82%D1%83%D1%80%D0%B0/Code,%D0%9D%D0%BE%D0%BC%D0%B5%D0%BD%D0%BA%D0%BB%D0%B0%D1%82%D1%83%D1%80%D0%B0/Description,%D0%9D%D0%BE%D0%BC%D0%B5%D0%BD%D0%BA%D0%BB%D0%B0%D1%82%D1%83%D1%80%D0%B0/%D0%90%D1%80%D1%82%D0%B8%D0%BA%D1%83%D0%BB,%D0%9D%D0%BE%D0%BC%D0%B5%D0%BD%D0%BA%D0%BB%D0%B0%D1%82%D1%83%D1%80%D0%B0/Parent/Description,%D0%9A%D0%BE%D0%BB%D0%B8%D1%87%D0%B5%D1%81%D1%82%D0%B2%D0%BEBalance,%D0%A1%D0%B5%D1%80%D0%B8%D1%8F%D0%9D%D0%BE%D0%BC%D0%B5%D0%BD%D0%BA%D0%BB%D0%B0%D1%82%D1%83%D1%80%D1%8B/%D0%94%D0%B0%D1%82%D0%B0%D0%9F%D1%80%D0%BE%D0%B8%D0%B7%D0%B2%D0%BE%D0%B4%D1%81%D1%82%D0%B2%D0%B0,%D0%A1%D0%B5%D1%80%D0%B8%D1%8F%D0%9D%D0%BE%D0%BC%D0%B5%D0%BD%D0%BA%D0%BB%D0%B0%D1%82%D1%83%D1%80%D1%8B/%D0%93%D0%BE%D0%B4%D0%B5%D0%BD%D0%94%D0%BE,%D0%AF%D1%87%D0%B5%D0%B9%D0%BA%D0%B0%D0%A5%D1%80%D0%B0%D0%BD%D0%B5%D0%BD%D0%B8%D1%8F/%D0%A1%D0%BA%D0%BB%D0%B0%D0%B4/Description&$orderby=%D0%9D%D0%BE%D0%BC%D0%B5%D0%BD%D0%BA%D0%BB%D0%B0%D1%82%D1%83%D1%80%D0%B0/%D0%90%D1%80%D1%82%D0%B8%D0%BA%D1%83%D0%BB&$filter=%D0%9D%D0%BE%D0%BC%D0%B5%D0%BD%D0%BA%D0%BB%D0%B0%D1%82%D1%83%D1%80%D0%B0/Parent/Code%20eq%20'391226' HTTP/1.1" 200 316758
2025-03-20 09:45:29,530 urllib3.connectionpool DEBUG    Starting new HTTP connection (1): 172.172.185.67:80
2025-03-20 09:45:30,075 urllib3.connectionpool DEBUG    http://172.172.185.67:80 "GET /krd_itc_wms/odata/standard.odata//AccumulationRegister_%D0%9E%D1%81%D1%82%D0%B0%D1%82%D0%BA%D0%B8%D0%92%D0%9F%D0%BE%D0%BB%D0%BB%D0%B5%D1%82%D0%B0%D1%85/Balance?$format=json&$expand=%D0%9D%D0%BE%D0%BC%D0%B5%D0%BD%D0%BA%D0%BB%D0%B0%D1%82%D1%83%D1%80%D0%B0/Parent,%20%D0%AF%D1%87%D0%B5%D0%B9%D0%BA%D0%B0%D0%A5%D1%80%D0%B0%D0%BD%D0%B5%D0%BD%D0%B8%D1%8F/%D0%A1%D0%BA%D0%BB%D0%B0%D0%B4,%20%D0%A1%D0%B5%D1%80%D0%B8%D1%8F%D0%9D%D0%BE%D0%BC%D0%B5%D0%BD%D0%BA%D0%BB%D0%B0%D1%82%D1%83%D1%80%D1%8B&$select=%D0%9D%D0%BE%D0%BC%D0%B5%D0%BD%D0%BA%D0%BB%D0%B0%D1%82%D1%83%D1%80%D0%B0/Code,%D0%9D%D0%BE%D0%BC%D0%B5%D0%BD%D0%BA%D0%BB%D0%B0%D1%82%D1%83%D1%80%D0%B0/Description,%D0%9D%D0%BE%D0%BC%D0%B5%D0%BD%D0%BA%D0%BB%D0%B0%D1%82%D1%83%D1%80%D0%B0/%D0%90%D1%80%D1%82%D0%B8%D0%BA%D1%83%D0%BB,%D0%9D%D0%BE%D0%BC%D0%B5%D0%BD%D0%BA%D0%BB%D0%B0%D1%82%D1%83%D1%80%D0%B0/Parent/Description,%D0%9A%D0%BE%D0%BB%D0%B8%D1%87%D0%B5%D1%81%D1%82%D0%B2%D0%BEBalance,%D0%A1%D0%B5%D1%80%D0%B8%D1%8F%D0%9D%D0%BE%D0%BC%D0%B5%D0%BD%D0%BA%D0%BB%D0%B0%D1%82%D1%83%D1%80%D1%8B/%D0%94%D0%B0%D1%82%D0%B0%D0%9F%D1%80%D0%BE%D0%B8%D0%B7%D0%B2%D0%BE%D0%B4%D1%81%D1%82%D0%B2%D0%B0,%D0%A1%D0%B5%D1%80%D0%B8%D1%8F%D0%9D%D0%BE%D0%BC%D0%B5%D0%BD%D0%BA%D0%BB%D0%B0%D1%82%D1%83%D1%80%D1%8B/%D0%93%D0%BE%D0%B4%D0%B5%D0%BD%D0%94%D0%BE,%D0%AF%D1%87%D0%B5%D0%B9%D0%BA%D0%B0%D0%A5%D1%80%D0%B0%D0%BD%D0%B5%D0%BD%D0%B8%D1%8F/%D0%A1%D0%BA%D0%BB%D0%B0%D0%B4/Description&$orderby=%D0%9D%D0%BE%D0%BC%D0%B5%D0%BD%D0%BA%D0%BB%D0%B0%D1%82%D1%83%D1%80%D0%B0/%D0%90%D1%80%D1%82%D0%B8%D0%BA%D1%83%D0%BB&$filter=%D0%9D%D0%BE%D0%BC%D0%B5%D0%BD%D0%BA%D0%BB%D0%B0%D1%82%D1%83%D1%80%D0%B0/Parent/Code%20eq%20'356959' HTTP/1.1" 200 39131
2025-03-20 09:48:49,728 urllib3.connectionpool DEBUG    Starting new HTTP connection (1): 172.172.185.67:80
2025-03-20 09:48:53,367 urllib3.connectionpool DEBUG    http://172.172.185.67:80 "GET /krd_itc_wms/odata/standard.odata//AccumulationRegister_%D0%9E%D1%81%D1%82%D0%B0%D1%82%D0%BA%D0%B8%D0%92%D0%9F%D0%BE%D0%BB%D0%BB%D0%B5%D1%82%D0%B0%D1%85/Balance?$format=json&$expand=%D0%9D%D0%BE%D0%BC%D0%B5%D0%BD%D0%BA%D0%BB%D0%B0%D1%82%D1%83%D1%80%D0%B0/Parent,%20%D0%AF%D1%87%D0%B5%D0%B9%D0%BA%D0%B0%D0%A5%D1%80%D0%B0%D0%BD%D0%B5%D0%BD%D0%B8%D1%8F/%D0%A1%D0%BA%D0%BB%D0%B0%D0%B4,%20%D0%A1%D0%B5%D1%80%D0%B8%D1%8F%D0%9D%D0%BE%D0%BC%D0%B5%D0%BD%D0%BA%D0%BB%D0%B0%D1%82%D1%83%D1%80%D1%8B&$select=%D0%9D%D0%BE%D0%BC%D0%B5%D0%BD%D0%BA%D0%BB%D0%B0%D1%82%D1%83%D1%80%D0%B0/Code,%D0%9D%D0%BE%D0%BC%D0%B5%D0%BD%D0%BA%D0%BB%D0%B0%D1%82%D1%83%D1%80%D0%B0/Description,%D0%9D%D0%BE%D0%BC%D0%B5%D0%BD%D0%BA%D0%BB%D0%B0%D1%82%D1%83%D1%80%D0%B0/%D0%90%D1%80%D1%82%D0%B8%D0%BA%D1%83%D0%BB,%D0%9D%D0%BE%D0%BC%D0%B5%D0%BD%D0%BA%D0%BB%D0%B0%D1%82%D1%83%D1%80%D0%B0/Parent/Description,%D0%9A%D0%BE%D0%BB%D0%B8%D1%87%D0%B5%D1%81%D1%82%D0%B2%D0%BEBalance,%D0%A1%D0%B5%D1%80%D0%B8%D1%8F%D0%9D%D0%BE%D0%BC%D0%B5%D0%BD%D0%BA%D0%BB%D0%B0%D1%82%D1%83%D1%80%D1%8B/%D0%94%D0%B0%D1%82%D0%B0%D0%9F%D1%80%D0%BE%D0%B8%D0%B7%D0%B2%D0%BE%D0%B4%D1%81%D1%82%D0%B2%D0%B0,%D0%A1%D0%B5%D1%80%D0%B8%D1%8F%D0%9D%D0%BE%D0%BC%D0%B5%D0%BD%D0%BA%D0%BB%D0%B0%D1%82%D1%83%D1%80%D1%8B/%D0%93%D0%BE%D0%B4%D0%B5%D0%BD%D0%94%D0%BE,%D0%AF%D1%87%D0%B5%D0%B9%D0%BA%D0%B0%D0%A5%D1%80%D0%B0%D0%BD%D0%B5%D0%BD%D0%B8%D1%8F/%D0%A1%D0%BA%D0%BB%D0%B0%D0%B4/Description&$orderby=%D0%9D%D0%BE%D0%BC%D0%B5%D0%BD%D0%BA%D0%BB%D0%B0%D1%82%D1%83%D1%80%D0%B0/%D0%90%D1%80%D1%82%D0%B8%D0%BA%D1%83%D0%BB&$filter=%D0%9D%D0%BE%D0%BC%D0%B5%D0%BD%D0%BA%D0%BB%D0%B0%D1%82%D1%83%D1%80%D0%B0/Parent/Code%20eq%20'391291' HTTP/1.1" 200 437137
2025-03-20 10:04:46,279 urllib3.connectionpool DEBUG    Starting new HTTP connection (1): 172.172.185.67:80
2025-03-20 10:04:50,466 urllib3.connectionpool DEBUG    http://172.172.185.67:80 "GET /krd_itc_wms/odata/standard.odata//AccumulationRegister_%D0%9E%D1%81%D1%82%D0%B0%D1%82%D0%BA%D0%B8%D0%92%D0%9F%D0%BE%D0%BB%D0%BB%D0%B5%D1%82%D0%B0%D1%85/Balance?$format=json&$expand=%D0%9D%D0%BE%D0%BC%D0%B5%D0%BD%D0%BA%D0%BB%D0%B0%D1%82%D1%83%D1%80%D0%B0/Parent,%20%D0%AF%D1%87%D0%B5%D0%B9%D0%BA%D0%B0%D0%A5%D1%80%D0%B0%D0%BD%D0%B5%D0%BD%D0%B8%D1%8F/%D0%A1%D0%BA%D0%BB%D0%B0%D0%B4,%20%D0%A1%D0%B5%D1%80%D0%B8%D1%8F%D0%9D%D0%BE%D0%BC%D0%B5%D0%BD%D0%BA%D0%BB%D0%B0%D1%82%D1%83%D1%80%D1%8B&$select=%D0%9D%D0%BE%D0%BC%D0%B5%D0%BD%D0%BA%D0%BB%D0%B0%D1%82%D1%83%D1%80%D0%B0/Code,%D0%9D%D0%BE%D0%BC%D0%B5%D0%BD%D0%BA%D0%BB%D0%B0%D1%82%D1%83%D1%80%D0%B0/Description,%D0%9D%D0%BE%D0%BC%D0%B5%D0%BD%D0%BA%D0%BB%D0%B0%D1%82%D1%83%D1%80%D0%B0/%D0%90%D1%80%D1%82%D0%B8%D0%BA%D1%83%D0%BB,%D0%9D%D0%BE%D0%BC%D0%B5%D0%BD%D0%BA%D0%BB%D0%B0%D1%82%D1%83%D1%80%D0%B0/Parent/Description,%D0%9A%D0%BE%D0%BB%D0%B8%D1%87%D0%B5%D1%81%D1%82%D0%B2%D0%BEBalance,%D0%A1%D0%B5%D1%80%D0%B8%D1%8F%D0%9D%D0%BE%D0%BC%D0%B5%D0%BD%D0%BA%D0%BB%D0%B0%D1%82%D1%83%D1%80%D1%8B/%D0%94%D0%B0%D1%82%D0%B0%D0%9F%D1%80%D0%BE%D0%B8%D0%B7%D0%B2%D0%BE%D0%B4%D1%81%D1%82%D0%B2%D0%B0,%D0%A1%D0%B5%D1%80%D0%B8%D1%8F%D0%9D%D0%BE%D0%BC%D0%B5%D0%BD%D0%BA%D0%BB%D0%B0%D1%82%D1%83%D1%80%D1%8B/%D0%93%D0%BE%D0%B4%D0%B5%D0%BD%D0%94%D0%BE,%D0%AF%D1%87%D0%B5%D0%B9%D0%BA%D0%B0%D0%A5%D1%80%D0%B0%D0%BD%D0%B5%D0%BD%D0%B8%D1%8F/%D0%A1%D0%BA%D0%BB%D0%B0%D0%B4/Description&$orderby=%D0%9D%D0%BE%D0%BC%D0%B5%D0%BD%D0%BA%D0%BB%D0%B0%D1%82%D1%83%D1%80%D0%B0/%D0%90%D1%80%D1%82%D0%B8%D0%BA%D1%83%D0%BB&$filter=%D0%9D%D0%BE%D0%BC%D0%B5%D0%BD%D0%BA%D0%BB%D0%B0%D1%82%D1%83%D1%80%D0%B0/Parent/Code%20eq%20'304903' HTTP/1.1" 200 186706
2025-03-20 10:09:52,988 django.request WARNING  Not Found: /favicon.ico
2025-03-20 11:47:29,498 django.request WARNING  Not Found: /favicon.ico
2025-03-20 12:27:02,579 django.request WARNING  Not Found: /favicon.ico
2025-03-20 12:36:10,851 django.utils.autoreload INFO     C:\Users\rhashhanok\PycharmProjects\SLEX_02\base_app\utils.py changed, reloading.
2025-03-20 12:36:12,532 django.utils.autoreload INFO     Watching for file changes with StatReloader
2025-03-20 12:40:42,832 django.utils.autoreload INFO     C:\Users\rhashhanok\PycharmProjects\SLEX_02\base_app\utils.py changed, reloading.
2025-03-20 12:40:44,473 django.utils.autoreload INFO     Watching for file changes with StatReloader
2025-03-20 12:43:06,383 django.utils.autoreload INFO     C:\Users\rhashhanok\PycharmProjects\SLEX_02\base_app\utils.py changed, reloading.
2025-03-20 12:43:08,023 django.utils.autoreload INFO     Watching for file changes with StatReloader
2025-03-20 12:43:55,514 django.utils.autoreload INFO     C:\Users\rhashhanok\PycharmProjects\SLEX_02\base_app\utils.py changed, reloading.
2025-03-20 12:43:57,060 django.utils.autoreload INFO     Watching for file changes with StatReloader
2025-03-20 12:43:59,876 django.utils.autoreload INFO     C:\Users\rhashhanok\PycharmProjects\SLEX_02\base_app\utils.py changed, reloading.
2025-03-20 12:44:01,365 django.utils.autoreload INFO     Watching for file changes with StatReloader
2025-03-20 12:45:20,891 django.utils.autoreload INFO     C:\Users\rhashhanok\PycharmProjects\SLEX_02\base_app\utils.py changed, reloading.
2025-03-20 12:45:22,526 django.utils.autoreload INFO     Watching for file changes with StatReloader
2025-03-20 12:45:50,568 django.utils.autoreload INFO     C:\Users\rhashhanok\PycharmProjects\SLEX_02\base_app\utils.py changed, reloading.
2025-03-20 12:45:52,315 django.utils.autoreload INFO     Watching for file changes with StatReloader
2025-03-20 12:46:21,004 django.utils.autoreload INFO     C:\Users\rhashhanok\PycharmProjects\SLEX_02\base_app\utils.py changed, reloading.
2025-03-20 12:46:23,038 django.utils.autoreload INFO     Watching for file changes with StatReloader
2025-03-20 12:47:19,817 django.utils.autoreload INFO     C:\Users\rhashhanok\PycharmProjects\SLEX_02\base_app\utils.py changed, reloading.
2025-03-20 12:47:21,494 django.utils.autoreload INFO     Watching for file changes with StatReloader
2025-03-20 12:47:51,364 django.utils.autoreload INFO     C:\Users\rhashhanok\PycharmProjects\SLEX_02\base_app\utils.py changed, reloading.
2025-03-20 12:47:53,034 django.utils.autoreload INFO     Watching for file changes with StatReloader
2025-03-20 12:48:56,603 django.utils.autoreload INFO     C:\Users\rhashhanok\PycharmProjects\SLEX_02\base_app\utils.py changed, reloading.
2025-03-20 12:48:58,264 django.utils.autoreload INFO     Watching for file changes with StatReloader
2025-03-20 12:50:02,795 django.utils.autoreload INFO     C:\Users\rhashhanok\PycharmProjects\SLEX_02\base_app\utils.py changed, reloading.
2025-03-20 12:50:04,393 django.utils.autoreload INFO     Watching for file changes with StatReloader
2025-03-20 12:50:48,768 django.utils.autoreload INFO     C:\Users\rhashhanok\PycharmProjects\SLEX_02\base_app\utils.py changed, reloading.
2025-03-20 12:50:50,499 django.utils.autoreload INFO     Watching for file changes with StatReloader
2025-03-20 12:51:48,966 django.utils.autoreload INFO     C:\Users\rhashhanok\PycharmProjects\SLEX_02\base_app\utils.py changed, reloading.
2025-03-20 12:51:50,722 django.utils.autoreload INFO     Watching for file changes with StatReloader
2025-03-20 12:52:34,752 django.utils.autoreload INFO     C:\Users\rhashhanok\PycharmProjects\SLEX_02\base_app\utils.py changed, reloading.
2025-03-20 12:52:36,488 django.utils.autoreload INFO     Watching for file changes with StatReloader
2025-03-20 12:53:59,651 django.utils.autoreload INFO     C:\Users\rhashhanok\PycharmProjects\SLEX_02\base_app\utils.py changed, reloading.
2025-03-20 12:54:01,393 django.utils.autoreload INFO     Watching for file changes with StatReloader
2025-03-20 13:29:27,624 django.utils.autoreload INFO     C:\Users\rhashhanok\PycharmProjects\SLEX_02\base_app\utils.py changed, reloading.
2025-03-20 13:29:29,122 django.utils.autoreload INFO     Watching for file changes with StatReloader
2025-03-20 13:29:54,498 django.utils.autoreload INFO     C:\Users\rhashhanok\PycharmProjects\SLEX_02\base_app\utils.py changed, reloading.
2025-03-20 13:29:56,045 django.utils.autoreload INFO     Watching for file changes with StatReloader
2025-03-20 13:30:54,722 django.utils.autoreload INFO     C:\Users\rhashhanok\PycharmProjects\SLEX_02\base_app\utils.py changed, reloading.
2025-03-20 13:30:56,413 django.utils.autoreload INFO     Watching for file changes with StatReloader
2025-03-20 14:24:39,811 django.request WARNING  Not Found: /favicon.ico
2025-03-20 14:51:29,972 django.request WARNING  Not Found: /favicon.ico
2025-03-20 18:18:53,766 urllib3.connectionpool DEBUG    Starting new HTTP connection (1): 172.172.185.67:80
2025-03-20 18:19:01,264 urllib3.connectionpool DEBUG    http://172.172.185.67:80 "POST /krd_itc_wms/ru_RU/hs/PutData HTTP/1.1" 200 316
2025-03-21 08:35:57,974 django.request WARNING  Not Found: /favicon.ico
2025-03-21 08:36:10,439 urllib3.connectionpool DEBUG    Starting new HTTP connection (1): 172.172.185.67:80
2025-03-21 08:36:14,671 urllib3.connectionpool DEBUG    http://172.172.185.67:80 "GET /krd_itc_wms/odata/standard.odata//AccumulationRegister_%D0%9E%D1%81%D1%82%D0%B0%D1%82%D0%BA%D0%B8%D0%92%D0%9F%D0%BE%D0%BB%D0%BB%D0%B5%D1%82%D0%B0%D1%85/Balance?$format=json&$expand=%D0%9D%D0%BE%D0%BC%D0%B5%D0%BD%D0%BA%D0%BB%D0%B0%D1%82%D1%83%D1%80%D0%B0/Parent,%20%D0%AF%D1%87%D0%B5%D0%B9%D0%BA%D0%B0%D0%A5%D1%80%D0%B0%D0%BD%D0%B5%D0%BD%D0%B8%D1%8F/%D0%A1%D0%BA%D0%BB%D0%B0%D0%B4,%20%D0%A1%D0%B5%D1%80%D0%B8%D1%8F%D0%9D%D0%BE%D0%BC%D0%B5%D0%BD%D0%BA%D0%BB%D0%B0%D1%82%D1%83%D1%80%D1%8B&$select=%D0%9D%D0%BE%D0%BC%D0%B5%D0%BD%D0%BA%D0%BB%D0%B0%D1%82%D1%83%D1%80%D0%B0/Code,%D0%9D%D0%BE%D0%BC%D0%B5%D0%BD%D0%BA%D0%BB%D0%B0%D1%82%D1%83%D1%80%D0%B0/Description,%D0%9D%D0%BE%D0%BC%D0%B5%D0%BD%D0%BA%D0%BB%D0%B0%D1%82%D1%83%D1%80%D0%B0/%D0%90%D1%80%D1%82%D0%B8%D0%BA%D1%83%D0%BB,%D0%9D%D0%BE%D0%BC%D0%B5%D0%BD%D0%BA%D0%BB%D0%B0%D1%82%D1%83%D1%80%D0%B0/Parent/Description,%D0%9A%D0%BE%D0%BB%D0%B8%D1%87%D0%B5%D1%81%D1%82%D0%B2%D0%BEBalance,%D0%A1%D0%B5%D1%80%D0%B8%D1%8F%D0%9D%D0%BE%D0%BC%D0%B5%D0%BD%D0%BA%D0%BB%D0%B0%D1%82%D1%83%D1%80%D1%8B/%D0%94%D0%B0%D1%82%D0%B0%D0%9F%D1%80%D0%BE%D0%B8%D0%B7%D0%B2%D0%BE%D0%B4%D1%81%D1%82%D0%B2%D0%B0,%D0%A1%D0%B5%D1%80%D0%B8%D1%8F%D0%9D%D0%BE%D0%BC%D0%B5%D0%BD%D0%BA%D0%BB%D0%B0%D1%82%D1%83%D1%80%D1%8B/%D0%93%D0%BE%D0%B4%D0%B5%D0%BD%D0%94%D0%BE,%D0%AF%D1%87%D0%B5%D0%B9%D0%BA%D0%B0%D0%A5%D1%80%D0%B0%D0%BD%D0%B5%D0%BD%D0%B8%D1%8F/%D0%A1%D0%BA%D0%BB%D0%B0%D0%B4/Description&$orderby=%D0%9D%D0%BE%D0%BC%D0%B5%D0%BD%D0%BA%D0%BB%D0%B0%D1%82%D1%83%D1%80%D0%B0/%D0%90%D1%80%D1%82%D0%B8%D0%BA%D1%83%D0%BB&$filter=%D0%9D%D0%BE%D0%BC%D0%B5%D0%BD%D0%BA%D0%BB%D0%B0%D1%82%D1%83%D1%80%D0%B0/Parent/Code%20eq%20'304903' HTTP/1.1" 200 199560
2025-03-21 09:02:22,232 django.request WARNING  Not Found: /favicon.ico
2025-03-21 09:33:47,153 django.request WARNING  Not Found: /favicon.ico
2025-03-21 11:06:51,528 django.request WARNING  Not Found: /favicon.ico
2025-03-21 13:38:47,707 django.request WARNING  Not Found: /favicon.ico
2025-03-21 13:42:45,504 django.request WARNING  Not Found: /favicon.ico
2025-03-21 16:44:47,730 django.request WARNING  Not Found: /favicon.ico
2025-03-21 16:45:51,801 urllib3.connectionpool DEBUG    Starting new HTTP connection (1): 172.172.185.67:80
2025-03-21 16:46:06,910 urllib3.connectionpool DEBUG    http://172.172.185.67:80 "POST /krd_itc_wms/ru_RU/hs/PutData HTTP/1.1" 200 316
2025-03-24 08:19:55,163 django.request WARNING  Not Found: /favicon.ico
2025-03-24 09:21:41,131 urllib3.connectionpool DEBUG    Starting new HTTP connection (1): 172.172.185.67:80
2025-03-24 09:21:44,620 urllib3.connectionpool DEBUG    http://172.172.185.67:80 "GET /itc_wms/odata/standard.odata//AccumulationRegister_%D0%9E%D1%81%D1%82%D0%B0%D1%82%D0%BA%D0%B8%D0%92%D0%9F%D0%BE%D0%BB%D0%BB%D0%B5%D1%82%D0%B0%D1%85/Balance?$format=json&$expand=%D0%9D%D0%BE%D0%BC%D0%B5%D0%BD%D0%BA%D0%BB%D0%B0%D1%82%D1%83%D1%80%D0%B0/Parent,%20%D0%AF%D1%87%D0%B5%D0%B9%D0%BA%D0%B0%D0%A5%D1%80%D0%B0%D0%BD%D0%B5%D0%BD%D0%B8%D1%8F/%D0%A1%D0%BA%D0%BB%D0%B0%D0%B4,%20%D0%A1%D0%B5%D1%80%D0%B8%D1%8F%D0%9D%D0%BE%D0%BC%D0%B5%D0%BD%D0%BA%D0%BB%D0%B0%D1%82%D1%83%D1%80%D1%8B&$select=%D0%9D%D0%BE%D0%BC%D0%B5%D0%BD%D0%BA%D0%BB%D0%B0%D1%82%D1%83%D1%80%D0%B0/Code,%D0%9D%D0%BE%D0%BC%D0%B5%D0%BD%D0%BA%D0%BB%D0%B0%D1%82%D1%83%D1%80%D0%B0/Description,%D0%9D%D0%BE%D0%BC%D0%B5%D0%BD%D0%BA%D0%BB%D0%B0%D1%82%D1%83%D1%80%D0%B0/%D0%90%D1%80%D1%82%D0%B8%D0%BA%D1%83%D0%BB,%D0%9D%D0%BE%D0%BC%D0%B5%D0%BD%D0%BA%D0%BB%D0%B0%D1%82%D1%83%D1%80%D0%B0/Parent/Description,%D0%9A%D0%BE%D0%BB%D0%B8%D1%87%D0%B5%D1%81%D1%82%D0%B2%D0%BEBalance,%D0%A1%D0%B5%D1%80%D0%B8%D1%8F%D0%9D%D0%BE%D0%BC%D0%B5%D0%BD%D0%BA%D0%BB%D0%B0%D1%82%D1%83%D1%80%D1%8B/%D0%94%D0%B0%D1%82%D0%B0%D0%9F%D1%80%D0%BE%D0%B8%D0%B7%D0%B2%D0%BE%D0%B4%D1%81%D1%82%D0%B2%D0%B0,%D0%A1%D0%B5%D1%80%D0%B8%D1%8F%D0%9D%D0%BE%D0%BC%D0%B5%D0%BD%D0%BA%D0%BB%D0%B0%D1%82%D1%83%D1%80%D1%8B/%D0%93%D0%BE%D0%B4%D0%B5%D0%BD%D0%94%D0%BE,%D0%AF%D1%87%D0%B5%D0%B9%D0%BA%D0%B0%D0%A5%D1%80%D0%B0%D0%BD%D0%B5%D0%BD%D0%B8%D1%8F/%D0%A1%D0%BA%D0%BB%D0%B0%D0%B4/Description&$orderby=%D0%9D%D0%BE%D0%BC%D0%B5%D0%BD%D0%BA%D0%BB%D0%B0%D1%82%D1%83%D1%80%D0%B0/%D0%90%D1%80%D1%82%D0%B8%D0%BA%D1%83%D0%BB&$filter=%D0%9D%D0%BE%D0%BC%D0%B5%D0%BD%D0%BA%D0%BB%D0%B0%D1%82%D1%83%D1%80%D0%B0/Parent/Code%20eq%20'304903' HTTP/1.1" 200 108976
2025-03-24 09:22:42,057 urllib3.connectionpool DEBUG    Starting new HTTP connection (1): 172.172.185.67:80
2025-03-24 09:22:42,521 urllib3.connectionpool DEBUG    http://172.172.185.67:80 "GET /itc_wms/odata/standard.odata//AccumulationRegister_%D0%9E%D1%81%D1%82%D0%B0%D1%82%D0%BA%D0%B8%D0%92%D0%9F%D0%BE%D0%BB%D0%BB%D0%B5%D1%82%D0%B0%D1%85/Balance?$format=json&$expand=%D0%9D%D0%BE%D0%BC%D0%B5%D0%BD%D0%BA%D0%BB%D0%B0%D1%82%D1%83%D1%80%D0%B0/Parent,%20%D0%AF%D1%87%D0%B5%D0%B9%D0%BA%D0%B0%D0%A5%D1%80%D0%B0%D0%BD%D0%B5%D0%BD%D0%B8%D1%8F/%D0%A1%D0%BA%D0%BB%D0%B0%D0%B4,%20%D0%A1%D0%B5%D1%80%D0%B8%D1%8F%D0%9D%D0%BE%D0%BC%D0%B5%D0%BD%D0%BA%D0%BB%D0%B0%D1%82%D1%83%D1%80%D1%8B&$select=%D0%9D%D0%BE%D0%BC%D0%B5%D0%BD%D0%BA%D0%BB%D0%B0%D1%82%D1%83%D1%80%D0%B0/Code,%D0%9D%D0%BE%D0%BC%D0%B5%D0%BD%D0%BA%D0%BB%D0%B0%D1%82%D1%83%D1%80%D0%B0/Description,%D0%9D%D0%BE%D0%BC%D0%B5%D0%BD%D0%BA%D0%BB%D0%B0%D1%82%D1%83%D1%80%D0%B0/%D0%90%D1%80%D1%82%D0%B8%D0%BA%D1%83%D0%BB,%D0%9D%D0%BE%D0%BC%D0%B5%D0%BD%D0%BA%D0%BB%D0%B0%D1%82%D1%83%D1%80%D0%B0/Parent/Description,%D0%9A%D0%BE%D0%BB%D0%B8%D1%87%D0%B5%D1%81%D1%82%D0%B2%D0%BEBalance,%D0%A1%D0%B5%D1%80%D0%B8%D1%8F%D0%9D%D0%BE%D0%BC%D0%B5%D0%BD%D0%BA%D0%BB%D0%B0%D1%82%D1%83%D1%80%D1%8B/%D0%94%D0%B0%D1%82%D0%B0%D0%9F%D1%80%D0%BE%D0%B8%D0%B7%D0%B2%D0%BE%D0%B4%D1%81%D1%82%D0%B2%D0%B0,%D0%A1%D0%B5%D1%80%D0%B8%D1%8F%D0%9D%D0%BE%D0%BC%D0%B5%D0%BD%D0%BA%D0%BB%D0%B0%D1%82%D1%83%D1%80%D1%8B/%D0%93%D0%BE%D0%B4%D0%B5%D0%BD%D0%94%D0%BE,%D0%AF%D1%87%D0%B5%D0%B9%D0%BA%D0%B0%D0%A5%D1%80%D0%B0%D0%BD%D0%B5%D0%BD%D0%B8%D1%8F/%D0%A1%D0%BA%D0%BB%D0%B0%D0%B4/Description&$orderby=%D0%9D%D0%BE%D0%BC%D0%B5%D0%BD%D0%BA%D0%BB%D0%B0%D1%82%D1%83%D1%80%D0%B0/%D0%90%D1%80%D1%82%D0%B8%D0%BA%D1%83%D0%BB&$filter=%D0%9D%D0%BE%D0%BC%D0%B5%D0%BD%D0%BA%D0%BB%D0%B0%D1%82%D1%83%D1%80%D0%B0/Parent/Code%20eq%20'304903' HTTP/1.1" 200 108976
2025-03-24 10:45:43,895 django.request WARNING  Not Found: /favicon.ico
2025-03-24 10:49:09,236 django.request WARNING  Not Found: /favicon.ico
2025-03-24 15:13:18,711 django.request WARNING  Not Found: /favicon.ico
2025-03-24 15:27:31,810 django.request WARNING  Not Found: /favicon.ico
2025-03-24 16:37:57,209 django.request WARNING  Not Found: /favicon.ico
2025-03-24 16:38:30,159 urllib3.connectionpool DEBUG    Starting new HTTP connection (1): 172.172.185.67:80
2025-03-24 16:38:36,827 urllib3.connectionpool DEBUG    http://172.172.185.67:80 "POST /krd_itc_wms/ru_RU/hs/PutData HTTP/1.1" 200 371
2025-03-24 16:45:08,450 django.request WARNING  Not Found: /favicon.ico
2025-03-24 16:47:21,089 urllib3.connectionpool DEBUG    Starting new HTTP connection (1): 172.172.185.67:80
2025-03-24 16:47:30,686 urllib3.connectionpool DEBUG    http://172.172.185.67:80 "POST /krd_itc_wms/ru_RU/hs/PutData HTTP/1.1" 200 371
2025-03-24 18:43:09,401 django.request WARNING  Not Found: /favicon.ico
2025-03-25 09:19:10,750 urllib3.connectionpool DEBUG    Starting new HTTP connection (1): 172.172.185.67:80
2025-03-25 09:19:14,509 urllib3.connectionpool DEBUG    http://172.172.185.67:80 "GET /krd_itc_wms/odata/standard.odata//AccumulationRegister_%D0%9E%D1%81%D1%82%D0%B0%D1%82%D0%BA%D0%B8%D0%92%D0%9F%D0%BE%D0%BB%D0%BB%D0%B5%D1%82%D0%B0%D1%85/Balance?$format=json&$expand=%D0%9D%D0%BE%D0%BC%D0%B5%D0%BD%D0%BA%D0%BB%D0%B0%D1%82%D1%83%D1%80%D0%B0/Parent,%20%D0%AF%D1%87%D0%B5%D0%B9%D0%BA%D0%B0%D0%A5%D1%80%D0%B0%D0%BD%D0%B5%D0%BD%D0%B8%D1%8F/%D0%A1%D0%BA%D0%BB%D0%B0%D0%B4,%20%D0%A1%D0%B5%D1%80%D0%B8%D1%8F%D0%9D%D0%BE%D0%BC%D0%B5%D0%BD%D0%BA%D0%BB%D0%B0%D1%82%D1%83%D1%80%D1%8B&$select=%D0%9D%D0%BE%D0%BC%D0%B5%D0%BD%D0%BA%D0%BB%D0%B0%D1%82%D1%83%D1%80%D0%B0/Code,%D0%9D%D0%BE%D0%BC%D0%B5%D0%BD%D0%BA%D0%BB%D0%B0%D1%82%D1%83%D1%80%D0%B0/Description,%D0%9D%D0%BE%D0%BC%D0%B5%D0%BD%D0%BA%D0%BB%D0%B0%D1%82%D1%83%D1%80%D0%B0/%D0%90%D1%80%D1%82%D0%B8%D0%BA%D1%83%D0%BB,%D0%9D%D0%BE%D0%BC%D0%B5%D0%BD%D0%BA%D0%BB%D0%B0%D1%82%D1%83%D1%80%D0%B0/Parent/Description,%D0%9A%D0%BE%D0%BB%D0%B8%D1%87%D0%B5%D1%81%D1%82%D0%B2%D0%BEBalance,%D0%A1%D0%B5%D1%80%D0%B8%D1%8F%D0%9D%D0%BE%D0%BC%D0%B5%D0%BD%D0%BA%D0%BB%D0%B0%D1%82%D1%83%D1%80%D1%8B/%D0%94%D0%B0%D1%82%D0%B0%D0%9F%D1%80%D0%BE%D0%B8%D0%B7%D0%B2%D0%BE%D0%B4%D1%81%D1%82%D0%B2%D0%B0,%D0%A1%D0%B5%D1%80%D0%B8%D1%8F%D0%9D%D0%BE%D0%BC%D0%B5%D0%BD%D0%BA%D0%BB%D0%B0%D1%82%D1%83%D1%80%D1%8B/%D0%93%D0%BE%D0%B4%D0%B5%D0%BD%D0%94%D0%BE,%D0%AF%D1%87%D0%B5%D0%B9%D0%BA%D0%B0%D0%A5%D1%80%D0%B0%D0%BD%D0%B5%D0%BD%D0%B8%D1%8F/%D0%A1%D0%BA%D0%BB%D0%B0%D0%B4/Description&$orderby=%D0%9D%D0%BE%D0%BC%D0%B5%D0%BD%D0%BA%D0%BB%D0%B0%D1%82%D1%83%D1%80%D0%B0/%D0%90%D1%80%D1%82%D0%B8%D0%BA%D1%83%D0%BB&$filter=%D0%9D%D0%BE%D0%BC%D0%B5%D0%BD%D0%BA%D0%BB%D0%B0%D1%82%D1%83%D1%80%D0%B0/Parent/Code%20eq%20'304903' HTTP/1.1" 200 185837
2025-03-25 09:19:55,374 urllib3.connectionpool DEBUG    Starting new HTTP connection (1): 172.172.185.67:80
2025-03-25 09:19:56,718 urllib3.connectionpool DEBUG    http://172.172.185.67:80 "GET /krd_itc_wms/odata/standard.odata//AccumulationRegister_%D0%9E%D1%81%D1%82%D0%B0%D1%82%D0%BA%D0%B8%D0%92%D0%9F%D0%BE%D0%BB%D0%BB%D0%B5%D1%82%D0%B0%D1%85/Balance?$format=json&$expand=%D0%9D%D0%BE%D0%BC%D0%B5%D0%BD%D0%BA%D0%BB%D0%B0%D1%82%D1%83%D1%80%D0%B0/Parent,%20%D0%AF%D1%87%D0%B5%D0%B9%D0%BA%D0%B0%D0%A5%D1%80%D0%B0%D0%BD%D0%B5%D0%BD%D0%B8%D1%8F/%D0%A1%D0%BA%D0%BB%D0%B0%D0%B4,%20%D0%A1%D0%B5%D1%80%D0%B8%D1%8F%D0%9D%D0%BE%D0%BC%D0%B5%D0%BD%D0%BA%D0%BB%D0%B0%D1%82%D1%83%D1%80%D1%8B&$select=%D0%9D%D0%BE%D0%BC%D0%B5%D0%BD%D0%BA%D0%BB%D0%B0%D1%82%D1%83%D1%80%D0%B0/Code,%D0%9D%D0%BE%D0%BC%D0%B5%D0%BD%D0%BA%D0%BB%D0%B0%D1%82%D1%83%D1%80%D0%B0/Description,%D0%9D%D0%BE%D0%BC%D0%B5%D0%BD%D0%BA%D0%BB%D0%B0%D1%82%D1%83%D1%80%D0%B0/%D0%90%D1%80%D1%82%D0%B8%D0%BA%D1%83%D0%BB,%D0%9D%D0%BE%D0%BC%D0%B5%D0%BD%D0%BA%D0%BB%D0%B0%D1%82%D1%83%D1%80%D0%B0/Parent/Description,%D0%9A%D0%BE%D0%BB%D0%B8%D1%87%D0%B5%D1%81%D1%82%D0%B2%D0%BEBalance,%D0%A1%D0%B5%D1%80%D0%B8%D1%8F%D0%9D%D0%BE%D0%BC%D0%B5%D0%BD%D0%BA%D0%BB%D0%B0%D1%82%D1%83%D1%80%D1%8B/%D0%94%D0%B0%D1%82%D0%B0%D0%9F%D1%80%D0%BE%D0%B8%D0%B7%D0%B2%D0%BE%D0%B4%D1%81%D1%82%D0%B2%D0%B0,%D0%A1%D0%B5%D1%80%D0%B8%D1%8F%D0%9D%D0%BE%D0%BC%D0%B5%D0%BD%D0%BA%D0%BB%D0%B0%D1%82%D1%83%D1%80%D1%8B/%D0%93%D0%BE%D0%B4%D0%B5%D0%BD%D0%94%D0%BE,%D0%AF%D1%87%D0%B5%D0%B9%D0%BA%D0%B0%D0%A5%D1%80%D0%B0%D0%BD%D0%B5%D0%BD%D0%B8%D1%8F/%D0%A1%D0%BA%D0%BB%D0%B0%D0%B4/Description&$orderby=%D0%9D%D0%BE%D0%BC%D0%B5%D0%BD%D0%BA%D0%BB%D0%B0%D1%82%D1%83%D1%80%D0%B0/%D0%90%D1%80%D1%82%D0%B8%D0%BA%D1%83%D0%BB&$filter=%D0%9D%D0%BE%D0%BC%D0%B5%D0%BD%D0%BA%D0%BB%D0%B0%D1%82%D1%83%D1%80%D0%B0/Parent/Code%20eq%20'391226' HTTP/1.1" 200 316758
2025-03-25 09:20:16,125 urllib3.connectionpool DEBUG    Starting new HTTP connection (1): 172.172.185.67:80
2025-03-25 09:20:17,118 urllib3.connectionpool DEBUG    http://172.172.185.67:80 "GET /krd_itc_wms/odata/standard.odata//AccumulationRegister_%D0%9E%D1%81%D1%82%D0%B0%D1%82%D0%BA%D0%B8%D0%92%D0%9F%D0%BE%D0%BB%D0%BB%D0%B5%D1%82%D0%B0%D1%85/Balance?$format=json&$expand=%D0%9D%D0%BE%D0%BC%D0%B5%D0%BD%D0%BA%D0%BB%D0%B0%D1%82%D1%83%D1%80%D0%B0/Parent,%20%D0%AF%D1%87%D0%B5%D0%B9%D0%BA%D0%B0%D0%A5%D1%80%D0%B0%D0%BD%D0%B5%D0%BD%D0%B8%D1%8F/%D0%A1%D0%BA%D0%BB%D0%B0%D0%B4,%20%D0%A1%D0%B5%D1%80%D0%B8%D1%8F%D0%9D%D0%BE%D0%BC%D0%B5%D0%BD%D0%BA%D0%BB%D0%B0%D1%82%D1%83%D1%80%D1%8B&$select=%D0%9D%D0%BE%D0%BC%D0%B5%D0%BD%D0%BA%D0%BB%D0%B0%D1%82%D1%83%D1%80%D0%B0/Code,%D0%9D%D0%BE%D0%BC%D0%B5%D0%BD%D0%BA%D0%BB%D0%B0%D1%82%D1%83%D1%80%D0%B0/Description,%D0%9D%D0%BE%D0%BC%D0%B5%D0%BD%D0%BA%D0%BB%D0%B0%D1%82%D1%83%D1%80%D0%B0/%D0%90%D1%80%D1%82%D0%B8%D0%BA%D1%83%D0%BB,%D0%9D%D0%BE%D0%BC%D0%B5%D0%BD%D0%BA%D0%BB%D0%B0%D1%82%D1%83%D1%80%D0%B0/Parent/Description,%D0%9A%D0%BE%D0%BB%D0%B8%D1%87%D0%B5%D1%81%D1%82%D0%B2%D0%BEBalance,%D0%A1%D0%B5%D1%80%D0%B8%D1%8F%D0%9D%D0%BE%D0%BC%D0%B5%D0%BD%D0%BA%D0%BB%D0%B0%D1%82%D1%83%D1%80%D1%8B/%D0%94%D0%B0%D1%82%D0%B0%D0%9F%D1%80%D0%BE%D0%B8%D0%B7%D0%B2%D0%BE%D0%B4%D1%81%D1%82%D0%B2%D0%B0,%D0%A1%D0%B5%D1%80%D0%B8%D1%8F%D0%9D%D0%BE%D0%BC%D0%B5%D0%BD%D0%BA%D0%BB%D0%B0%D1%82%D1%83%D1%80%D1%8B/%D0%93%D0%BE%D0%B4%D0%B5%D0%BD%D0%94%D0%BE,%D0%AF%D1%87%D0%B5%D0%B9%D0%BA%D0%B0%D0%A5%D1%80%D0%B0%D0%BD%D0%B5%D0%BD%D0%B8%D1%8F/%D0%A1%D0%BA%D0%BB%D0%B0%D0%B4/Description&$orderby=%D0%9D%D0%BE%D0%BC%D0%B5%D0%BD%D0%BA%D0%BB%D0%B0%D1%82%D1%83%D1%80%D0%B0/%D0%90%D1%80%D1%82%D0%B8%D0%BA%D1%83%D0%BB&$filter=%D0%9D%D0%BE%D0%BC%D0%B5%D0%BD%D0%BA%D0%BB%D0%B0%D1%82%D1%83%D1%80%D0%B0/Parent/Code%20eq%20'391291' HTTP/1.1" 200 558243
2025-03-25 09:20:49,000 urllib3.connectionpool DEBUG    Starting new HTTP connection (1): 172.172.185.67:80
2025-03-25 09:20:49,630 urllib3.connectionpool DEBUG    http://172.172.185.67:80 "GET /krd_itc_wms/odata/standard.odata//AccumulationRegister_%D0%9E%D1%81%D1%82%D0%B0%D1%82%D0%BA%D0%B8%D0%92%D0%9F%D0%BE%D0%BB%D0%BB%D0%B5%D1%82%D0%B0%D1%85/Balance?$format=json&$expand=%D0%9D%D0%BE%D0%BC%D0%B5%D0%BD%D0%BA%D0%BB%D0%B0%D1%82%D1%83%D1%80%D0%B0/Parent,%20%D0%AF%D1%87%D0%B5%D0%B9%D0%BA%D0%B0%D0%A5%D1%80%D0%B0%D0%BD%D0%B5%D0%BD%D0%B8%D1%8F/%D0%A1%D0%BA%D0%BB%D0%B0%D0%B4,%20%D0%A1%D0%B5%D1%80%D0%B8%D1%8F%D0%9D%D0%BE%D0%BC%D0%B5%D0%BD%D0%BA%D0%BB%D0%B0%D1%82%D1%83%D1%80%D1%8B&$select=%D0%9D%D0%BE%D0%BC%D0%B5%D0%BD%D0%BA%D0%BB%D0%B0%D1%82%D1%83%D1%80%D0%B0/Code,%D0%9D%D0%BE%D0%BC%D0%B5%D0%BD%D0%BA%D0%BB%D0%B0%D1%82%D1%83%D1%80%D0%B0/Description,%D0%9D%D0%BE%D0%BC%D0%B5%D0%BD%D0%BA%D0%BB%D0%B0%D1%82%D1%83%D1%80%D0%B0/%D0%90%D1%80%D1%82%D0%B8%D0%BA%D1%83%D0%BB,%D0%9D%D0%BE%D0%BC%D0%B5%D0%BD%D0%BA%D0%BB%D0%B0%D1%82%D1%83%D1%80%D0%B0/Parent/Description,%D0%9A%D0%BE%D0%BB%D0%B8%D1%87%D0%B5%D1%81%D1%82%D0%B2%D0%BEBalance,%D0%A1%D0%B5%D1%80%D0%B8%D1%8F%D0%9D%D0%BE%D0%BC%D0%B5%D0%BD%D0%BA%D0%BB%D0%B0%D1%82%D1%83%D1%80%D1%8B/%D0%94%D0%B0%D1%82%D0%B0%D0%9F%D1%80%D0%BE%D0%B8%D0%B7%D0%B2%D0%BE%D0%B4%D1%81%D1%82%D0%B2%D0%B0,%D0%A1%D0%B5%D1%80%D0%B8%D1%8F%D0%9D%D0%BE%D0%BC%D0%B5%D0%BD%D0%BA%D0%BB%D0%B0%D1%82%D1%83%D1%80%D1%8B/%D0%93%D0%BE%D0%B4%D0%B5%D0%BD%D0%94%D0%BE,%D0%AF%D1%87%D0%B5%D0%B9%D0%BA%D0%B0%D0%A5%D1%80%D0%B0%D0%BD%D0%B5%D0%BD%D0%B8%D1%8F/%D0%A1%D0%BA%D0%BB%D0%B0%D0%B4/Description&$orderby=%D0%9D%D0%BE%D0%BC%D0%B5%D0%BD%D0%BA%D0%BB%D0%B0%D1%82%D1%83%D1%80%D0%B0/%D0%90%D1%80%D1%82%D0%B8%D0%BA%D1%83%D0%BB&$filter=%D0%9D%D0%BE%D0%BC%D0%B5%D0%BD%D0%BA%D0%BB%D0%B0%D1%82%D1%83%D1%80%D0%B0/Parent/Code%20eq%20'356959' HTTP/1.1" 200 36031
2025-03-25 10:07:06,711 django.request WARNING  Not Found: /favicon.ico
2025-03-25 10:29:25,669 django.request WARNING  Not Found: /favicon.ico
2025-03-25 12:21:08,514 django.request WARNING  Not Found: /favicon.ico
2025-03-25 13:28:58,406 django.request WARNING  Not Found: /favicon.ico
2025-03-25 13:29:01,332 django.request WARNING  Not Found: /accounts/profile/
2025-03-25 14:30:29,395 django.request WARNING  Not Found: /plugins.jetbrains.com:443
2025-03-25 14:30:29,411 django.request WARNING  Not Found: /plugins.jetbrains.com:443
2025-03-25 14:30:32,890 django.request WARNING  Not Found: /plugins.jetbrains.com:443
2025-03-25 14:30:32,905 django.request WARNING  Not Found: /plugins.jetbrains.com:443
2025-03-25 14:33:46,911 django.request WARNING  Not Found: /favicon.ico
2025-03-25 16:30:14,671 django.request WARNING  Not Found: /favicon.ico
2025-03-25 16:30:28,856 urllib3.connectionpool DEBUG    Starting new HTTP connection (1): 172.172.185.67:80
2025-03-25 16:30:32,897 urllib3.connectionpool DEBUG    http://172.172.185.67:80 "POST /krd_itc_wms/ru_RU/hs/PutData HTTP/1.1" 200 262
2025-03-26 08:21:23,913 urllib3.connectionpool DEBUG    Starting new HTTP connection (1): 172.172.185.67:80
2025-03-26 08:21:24,543 urllib3.connectionpool DEBUG    http://172.172.185.67:80 "GET /krd_itc_wms/odata/standard.odata//AccumulationRegister_%D0%9E%D1%81%D1%82%D0%B0%D1%82%D0%BA%D0%B8%D0%92%D0%9F%D0%BE%D0%BB%D0%BB%D0%B5%D1%82%D0%B0%D1%85/Balance?$format=json&$expand=%D0%9D%D0%BE%D0%BC%D0%B5%D0%BD%D0%BA%D0%BB%D0%B0%D1%82%D1%83%D1%80%D0%B0/Parent,%20%D0%AF%D1%87%D0%B5%D0%B9%D0%BA%D0%B0%D0%A5%D1%80%D0%B0%D0%BD%D0%B5%D0%BD%D0%B8%D1%8F/%D0%A1%D0%BA%D0%BB%D0%B0%D0%B4,%20%D0%A1%D0%B5%D1%80%D0%B8%D1%8F%D0%9D%D0%BE%D0%BC%D0%B5%D0%BD%D0%BA%D0%BB%D0%B0%D1%82%D1%83%D1%80%D1%8B&$select=%D0%9D%D0%BE%D0%BC%D0%B5%D0%BD%D0%BA%D0%BB%D0%B0%D1%82%D1%83%D1%80%D0%B0/Code,%D0%9D%D0%BE%D0%BC%D0%B5%D0%BD%D0%BA%D0%BB%D0%B0%D1%82%D1%83%D1%80%D0%B0/Description,%D0%9D%D0%BE%D0%BC%D0%B5%D0%BD%D0%BA%D0%BB%D0%B0%D1%82%D1%83%D1%80%D0%B0/%D0%90%D1%80%D1%82%D0%B8%D0%BA%D1%83%D0%BB,%D0%9D%D0%BE%D0%BC%D0%B5%D0%BD%D0%BA%D0%BB%D0%B0%D1%82%D1%83%D1%80%D0%B0/Parent/Description,%D0%9A%D0%BE%D0%BB%D0%B8%D1%87%D0%B5%D1%81%D1%82%D0%B2%D0%BEBalance,%D0%A1%D0%B5%D1%80%D0%B8%D1%8F%D0%9D%D0%BE%D0%BC%D0%B5%D0%BD%D0%BA%D0%BB%D0%B0%D1%82%D1%83%D1%80%D1%8B/%D0%94%D0%B0%D1%82%D0%B0%D0%9F%D1%80%D0%BE%D0%B8%D0%B7%D0%B2%D0%BE%D0%B4%D1%81%D1%82%D0%B2%D0%B0,%D0%A1%D0%B5%D1%80%D0%B8%D1%8F%D0%9D%D0%BE%D0%BC%D0%B5%D0%BD%D0%BA%D0%BB%D0%B0%D1%82%D1%83%D1%80%D1%8B/%D0%93%D0%BE%D0%B4%D0%B5%D0%BD%D0%94%D0%BE,%D0%AF%D1%87%D0%B5%D0%B9%D0%BA%D0%B0%D0%A5%D1%80%D0%B0%D0%BD%D0%B5%D0%BD%D0%B8%D1%8F/%D0%A1%D0%BA%D0%BB%D0%B0%D0%B4/Description&$orderby=%D0%9D%D0%BE%D0%BC%D0%B5%D0%BD%D0%BA%D0%BB%D0%B0%D1%82%D1%83%D1%80%D0%B0/%D0%90%D1%80%D1%82%D0%B8%D0%BA%D1%83%D0%BB&$filter=%D0%9D%D0%BE%D0%BC%D0%B5%D0%BD%D0%BA%D0%BB%D0%B0%D1%82%D1%83%D1%80%D0%B0/Parent/Code%20eq%20'304903' HTTP/1.1" 200 208756
2025-03-26 08:21:51,673 urllib3.connectionpool DEBUG    Starting new HTTP connection (1): 172.172.185.67:80
2025-03-26 08:21:55,283 urllib3.connectionpool DEBUG    http://172.172.185.67:80 "GET /krd_itc_wms/odata/standard.odata//AccumulationRegister_%D0%9E%D1%81%D1%82%D0%B0%D1%82%D0%BA%D0%B8%D0%92%D0%9F%D0%BE%D0%BB%D0%BB%D0%B5%D1%82%D0%B0%D1%85/Balance?$format=json&$expand=%D0%9D%D0%BE%D0%BC%D0%B5%D0%BD%D0%BA%D0%BB%D0%B0%D1%82%D1%83%D1%80%D0%B0/Parent,%20%D0%AF%D1%87%D0%B5%D0%B9%D0%BA%D0%B0%D0%A5%D1%80%D0%B0%D0%BD%D0%B5%D0%BD%D0%B8%D1%8F/%D0%A1%D0%BA%D0%BB%D0%B0%D0%B4,%20%D0%A1%D0%B5%D1%80%D0%B8%D1%8F%D0%9D%D0%BE%D0%BC%D0%B5%D0%BD%D0%BA%D0%BB%D0%B0%D1%82%D1%83%D1%80%D1%8B&$select=%D0%9D%D0%BE%D0%BC%D0%B5%D0%BD%D0%BA%D0%BB%D0%B0%D1%82%D1%83%D1%80%D0%B0/Code,%D0%9D%D0%BE%D0%BC%D0%B5%D0%BD%D0%BA%D0%BB%D0%B0%D1%82%D1%83%D1%80%D0%B0/Description,%D0%9D%D0%BE%D0%BC%D0%B5%D0%BD%D0%BA%D0%BB%D0%B0%D1%82%D1%83%D1%80%D0%B0/%D0%90%D1%80%D1%82%D0%B8%D0%BA%D1%83%D0%BB,%D0%9D%D0%BE%D0%BC%D0%B5%D0%BD%D0%BA%D0%BB%D0%B0%D1%82%D1%83%D1%80%D0%B0/Parent/Description,%D0%9A%D0%BE%D0%BB%D0%B8%D1%87%D0%B5%D1%81%D1%82%D0%B2%D0%BEBalance,%D0%A1%D0%B5%D1%80%D0%B8%D1%8F%D0%9D%D0%BE%D0%BC%D0%B5%D0%BD%D0%BA%D0%BB%D0%B0%D1%82%D1%83%D1%80%D1%8B/%D0%94%D0%B0%D1%82%D0%B0%D0%9F%D1%80%D0%BE%D0%B8%D0%B7%D0%B2%D0%BE%D0%B4%D1%81%D1%82%D0%B2%D0%B0,%D0%A1%D0%B5%D1%80%D0%B8%D1%8F%D0%9D%D0%BE%D0%BC%D0%B5%D0%BD%D0%BA%D0%BB%D0%B0%D1%82%D1%83%D1%80%D1%8B/%D0%93%D0%BE%D0%B4%D0%B5%D0%BD%D0%94%D0%BE,%D0%AF%D1%87%D0%B5%D0%B9%D0%BA%D0%B0%D0%A5%D1%80%D0%B0%D0%BD%D0%B5%D0%BD%D0%B8%D1%8F/%D0%A1%D0%BA%D0%BB%D0%B0%D0%B4/Description&$orderby=%D0%9D%D0%BE%D0%BC%D0%B5%D0%BD%D0%BA%D0%BB%D0%B0%D1%82%D1%83%D1%80%D0%B0/%D0%90%D1%80%D1%82%D0%B8%D0%BA%D1%83%D0%BB&$filter=%D0%9D%D0%BE%D0%BC%D0%B5%D0%BD%D0%BA%D0%BB%D0%B0%D1%82%D1%83%D1%80%D0%B0/Parent/Code%20eq%20'391226' HTTP/1.1" 200 316758
2025-03-26 11:02:44,837 django.request WARNING  Not Found: /favicon.ico
2025-03-26 11:27:16,791 django.request WARNING  Not Found: /favicon.ico
2025-03-26 14:23:29,135 django.request WARNING  Not Found: /favicon.ico
2025-03-26 15:24:36,055 django.request WARNING  Not Found: /favicon.ico
2025-03-26 16:08:14,029 django.request WARNING  Not Found: /favicon.ico
2025-03-26 16:16:20,944 django.security.csrf WARNING  Forbidden (CSRF token missing.): /vlg/contracts/dzhokej/process_applications/load_file
2025-03-26 16:30:23,581 django.request WARNING  Not Found: /favicon.ico
2025-03-26 16:31:52,399 django.request ERROR    Internal Server Error: /vlg/contracts/dzhokej
Traceback (most recent call last):
  File "C:\Users\rhashhanok\PycharmProjects\SLEX_02\.venv\Lib\site-packages\django\core\handlers\exception.py", line 55, in inner
    response = get_response(request)
               ^^^^^^^^^^^^^^^^^^^^^
  File "C:\Users\rhashhanok\PycharmProjects\SLEX_02\.venv\Lib\site-packages\django\core\handlers\base.py", line 197, in _get_response
    response = wrapped_callback(request, *callback_args, **callback_kwargs)
               ^^^^^^^^^^^^^^^^^^^^^^^^^^^^^^^^^^^^^^^^^^^^^^^^^^^^^^^^^^^^
  File "C:\Users\rhashhanok\PycharmProjects\SLEX_02\base_app\views.py", line 91, in show_operations
    context['contract'] = Contracts.objects.get(filial__slug=context['filial'].slug, slug=kwargs['_contract_slug'])
                          ^^^^^^^^^^^^^^^^^^^^^^^^^^^^^^^^^^^^^^^^^^^^^^^^^^^^^^^^^^^^^^^^^^^^^^^^^^^^^^^^^^^^^^^^^
  File "C:\Users\rhashhanok\PycharmProjects\SLEX_02\.venv\Lib\site-packages\django\db\models\manager.py", line 87, in manager_method
    return getattr(self.get_queryset(), name)(*args, **kwargs)
           ^^^^^^^^^^^^^^^^^^^^^^^^^^^^^^^^^^^^^^^^^^^^^^^^^^^
  File "C:\Users\rhashhanok\PycharmProjects\SLEX_02\.venv\Lib\site-packages\django\db\models\query.py", line 649, in get
    raise self.model.DoesNotExist(
base_app.models.Contracts.DoesNotExist: Contracts matching query does not exist.
2025-03-26 16:45:09,944 urllib3.connectionpool DEBUG    Starting new HTTP connection (1): 172.172.185.67:80
2025-03-26 16:45:17,820 urllib3.connectionpool DEBUG    http://172.172.185.67:80 "POST /krd_itc_wms/ru_RU/hs/PutData HTTP/1.1" 200 289
2025-03-26 17:03:33,379 django.request WARNING  Not Found: /favicon.ico
2025-03-26 17:46:24,069 django.request WARNING  Not Found: /favicon.ico
2025-03-26 22:27:40,463 django.request WARNING  Not Found: /favicon.ico
2025-03-27 08:38:46,197 urllib3.connectionpool DEBUG    Starting new HTTP connection (1): 172.172.185.67:80
2025-03-27 08:38:49,971 urllib3.connectionpool DEBUG    http://172.172.185.67:80 "GET /krd_itc_wms/odata/standard.odata//AccumulationRegister_%D0%9E%D1%81%D1%82%D0%B0%D1%82%D0%BA%D0%B8%D0%92%D0%9F%D0%BE%D0%BB%D0%BB%D0%B5%D1%82%D0%B0%D1%85/Balance?$format=json&$expand=%D0%9D%D0%BE%D0%BC%D0%B5%D0%BD%D0%BA%D0%BB%D0%B0%D1%82%D1%83%D1%80%D0%B0/Parent,%20%D0%AF%D1%87%D0%B5%D0%B9%D0%BA%D0%B0%D0%A5%D1%80%D0%B0%D0%BD%D0%B5%D0%BD%D0%B8%D1%8F/%D0%A1%D0%BA%D0%BB%D0%B0%D0%B4,%20%D0%A1%D0%B5%D1%80%D0%B8%D1%8F%D0%9D%D0%BE%D0%BC%D0%B5%D0%BD%D0%BA%D0%BB%D0%B0%D1%82%D1%83%D1%80%D1%8B&$select=%D0%9D%D0%BE%D0%BC%D0%B5%D0%BD%D0%BA%D0%BB%D0%B0%D1%82%D1%83%D1%80%D0%B0/Code,%D0%9D%D0%BE%D0%BC%D0%B5%D0%BD%D0%BA%D0%BB%D0%B0%D1%82%D1%83%D1%80%D0%B0/Description,%D0%9D%D0%BE%D0%BC%D0%B5%D0%BD%D0%BA%D0%BB%D0%B0%D1%82%D1%83%D1%80%D0%B0/%D0%90%D1%80%D1%82%D0%B8%D0%BA%D1%83%D0%BB,%D0%9D%D0%BE%D0%BC%D0%B5%D0%BD%D0%BA%D0%BB%D0%B0%D1%82%D1%83%D1%80%D0%B0/Parent/Description,%D0%9A%D0%BE%D0%BB%D0%B8%D1%87%D0%B5%D1%81%D1%82%D0%B2%D0%BEBalance,%D0%A1%D0%B5%D1%80%D0%B8%D1%8F%D0%9D%D0%BE%D0%BC%D0%B5%D0%BD%D0%BA%D0%BB%D0%B0%D1%82%D1%83%D1%80%D1%8B/%D0%94%D0%B0%D1%82%D0%B0%D0%9F%D1%80%D0%BE%D0%B8%D0%B7%D0%B2%D0%BE%D0%B4%D1%81%D1%82%D0%B2%D0%B0,%D0%A1%D0%B5%D1%80%D0%B8%D1%8F%D0%9D%D0%BE%D0%BC%D0%B5%D0%BD%D0%BA%D0%BB%D0%B0%D1%82%D1%83%D1%80%D1%8B/%D0%93%D0%BE%D0%B4%D0%B5%D0%BD%D0%94%D0%BE,%D0%AF%D1%87%D0%B5%D0%B9%D0%BA%D0%B0%D0%A5%D1%80%D0%B0%D0%BD%D0%B5%D0%BD%D0%B8%D1%8F/%D0%A1%D0%BA%D0%BB%D0%B0%D0%B4/Description&$orderby=%D0%9D%D0%BE%D0%BC%D0%B5%D0%BD%D0%BA%D0%BB%D0%B0%D1%82%D1%83%D1%80%D0%B0/%D0%90%D1%80%D1%82%D0%B8%D0%BA%D1%83%D0%BB&$filter=%D0%9D%D0%BE%D0%BC%D0%B5%D0%BD%D0%BA%D0%BB%D0%B0%D1%82%D1%83%D1%80%D0%B0/Parent/Code%20eq%20'304903' HTTP/1.1" 200 201865
2025-03-27 08:39:15,272 urllib3.connectionpool DEBUG    Starting new HTTP connection (1): 172.172.185.67:80
2025-03-27 08:39:19,021 urllib3.connectionpool DEBUG    http://172.172.185.67:80 "GET /krd_itc_wms/odata/standard.odata//AccumulationRegister_%D0%9E%D1%81%D1%82%D0%B0%D1%82%D0%BA%D0%B8%D0%92%D0%9F%D0%BE%D0%BB%D0%BB%D0%B5%D1%82%D0%B0%D1%85/Balance?$format=json&$expand=%D0%9D%D0%BE%D0%BC%D0%B5%D0%BD%D0%BA%D0%BB%D0%B0%D1%82%D1%83%D1%80%D0%B0/Parent,%20%D0%AF%D1%87%D0%B5%D0%B9%D0%BA%D0%B0%D0%A5%D1%80%D0%B0%D0%BD%D0%B5%D0%BD%D0%B8%D1%8F/%D0%A1%D0%BA%D0%BB%D0%B0%D0%B4,%20%D0%A1%D0%B5%D1%80%D0%B8%D1%8F%D0%9D%D0%BE%D0%BC%D0%B5%D0%BD%D0%BA%D0%BB%D0%B0%D1%82%D1%83%D1%80%D1%8B&$select=%D0%9D%D0%BE%D0%BC%D0%B5%D0%BD%D0%BA%D0%BB%D0%B0%D1%82%D1%83%D1%80%D0%B0/Code,%D0%9D%D0%BE%D0%BC%D0%B5%D0%BD%D0%BA%D0%BB%D0%B0%D1%82%D1%83%D1%80%D0%B0/Description,%D0%9D%D0%BE%D0%BC%D0%B5%D0%BD%D0%BA%D0%BB%D0%B0%D1%82%D1%83%D1%80%D0%B0/%D0%90%D1%80%D1%82%D0%B8%D0%BA%D1%83%D0%BB,%D0%9D%D0%BE%D0%BC%D0%B5%D0%BD%D0%BA%D0%BB%D0%B0%D1%82%D1%83%D1%80%D0%B0/Parent/Description,%D0%9A%D0%BE%D0%BB%D0%B8%D1%87%D0%B5%D1%81%D1%82%D0%B2%D0%BEBalance,%D0%A1%D0%B5%D1%80%D0%B8%D1%8F%D0%9D%D0%BE%D0%BC%D0%B5%D0%BD%D0%BA%D0%BB%D0%B0%D1%82%D1%83%D1%80%D1%8B/%D0%94%D0%B0%D1%82%D0%B0%D0%9F%D1%80%D0%BE%D0%B8%D0%B7%D0%B2%D0%BE%D0%B4%D1%81%D1%82%D0%B2%D0%B0,%D0%A1%D0%B5%D1%80%D0%B8%D1%8F%D0%9D%D0%BE%D0%BC%D0%B5%D0%BD%D0%BA%D0%BB%D0%B0%D1%82%D1%83%D1%80%D1%8B/%D0%93%D0%BE%D0%B4%D0%B5%D0%BD%D0%94%D0%BE,%D0%AF%D1%87%D0%B5%D0%B9%D0%BA%D0%B0%D0%A5%D1%80%D0%B0%D0%BD%D0%B5%D0%BD%D0%B8%D1%8F/%D0%A1%D0%BA%D0%BB%D0%B0%D0%B4/Description&$orderby=%D0%9D%D0%BE%D0%BC%D0%B5%D0%BD%D0%BA%D0%BB%D0%B0%D1%82%D1%83%D1%80%D0%B0/%D0%90%D1%80%D1%82%D0%B8%D0%BA%D1%83%D0%BB&$filter=%D0%9D%D0%BE%D0%BC%D0%B5%D0%BD%D0%BA%D0%BB%D0%B0%D1%82%D1%83%D1%80%D0%B0/Parent/Code%20eq%20'391226' HTTP/1.1" 200 292390
2025-03-27 08:39:37,742 urllib3.connectionpool DEBUG    Starting new HTTP connection (1): 172.172.185.67:80
2025-03-27 08:39:41,335 urllib3.connectionpool DEBUG    http://172.172.185.67:80 "GET /krd_itc_wms/odata/standard.odata//AccumulationRegister_%D0%9E%D1%81%D1%82%D0%B0%D1%82%D0%BA%D0%B8%D0%92%D0%9F%D0%BE%D0%BB%D0%BB%D0%B5%D1%82%D0%B0%D1%85/Balance?$format=json&$expand=%D0%9D%D0%BE%D0%BC%D0%B5%D0%BD%D0%BA%D0%BB%D0%B0%D1%82%D1%83%D1%80%D0%B0/Parent,%20%D0%AF%D1%87%D0%B5%D0%B9%D0%BA%D0%B0%D0%A5%D1%80%D0%B0%D0%BD%D0%B5%D0%BD%D0%B8%D1%8F/%D0%A1%D0%BA%D0%BB%D0%B0%D0%B4,%20%D0%A1%D0%B5%D1%80%D0%B8%D1%8F%D0%9D%D0%BE%D0%BC%D0%B5%D0%BD%D0%BA%D0%BB%D0%B0%D1%82%D1%83%D1%80%D1%8B&$select=%D0%9D%D0%BE%D0%BC%D0%B5%D0%BD%D0%BA%D0%BB%D0%B0%D1%82%D1%83%D1%80%D0%B0/Code,%D0%9D%D0%BE%D0%BC%D0%B5%D0%BD%D0%BA%D0%BB%D0%B0%D1%82%D1%83%D1%80%D0%B0/Description,%D0%9D%D0%BE%D0%BC%D0%B5%D0%BD%D0%BA%D0%BB%D0%B0%D1%82%D1%83%D1%80%D0%B0/%D0%90%D1%80%D1%82%D0%B8%D0%BA%D1%83%D0%BB,%D0%9D%D0%BE%D0%BC%D0%B5%D0%BD%D0%BA%D0%BB%D0%B0%D1%82%D1%83%D1%80%D0%B0/Parent/Description,%D0%9A%D0%BE%D0%BB%D0%B8%D1%87%D0%B5%D1%81%D1%82%D0%B2%D0%BEBalance,%D0%A1%D0%B5%D1%80%D0%B8%D1%8F%D0%9D%D0%BE%D0%BC%D0%B5%D0%BD%D0%BA%D0%BB%D0%B0%D1%82%D1%83%D1%80%D1%8B/%D0%94%D0%B0%D1%82%D0%B0%D0%9F%D1%80%D0%BE%D0%B8%D0%B7%D0%B2%D0%BE%D0%B4%D1%81%D1%82%D0%B2%D0%B0,%D0%A1%D0%B5%D1%80%D0%B8%D1%8F%D0%9D%D0%BE%D0%BC%D0%B5%D0%BD%D0%BA%D0%BB%D0%B0%D1%82%D1%83%D1%80%D1%8B/%D0%93%D0%BE%D0%B4%D0%B5%D0%BD%D0%94%D0%BE,%D0%AF%D1%87%D0%B5%D0%B9%D0%BA%D0%B0%D0%A5%D1%80%D0%B0%D0%BD%D0%B5%D0%BD%D0%B8%D1%8F/%D0%A1%D0%BA%D0%BB%D0%B0%D0%B4/Description&$orderby=%D0%9D%D0%BE%D0%BC%D0%B5%D0%BD%D0%BA%D0%BB%D0%B0%D1%82%D1%83%D1%80%D0%B0/%D0%90%D1%80%D1%82%D0%B8%D0%BA%D1%83%D0%BB&$filter=%D0%9D%D0%BE%D0%BC%D0%B5%D0%BD%D0%BA%D0%BB%D0%B0%D1%82%D1%83%D1%80%D0%B0/Parent/Code%20eq%20'391291' HTTP/1.1" 200 543491
2025-03-27 11:34:26,922 django.request WARNING  Not Found: /favicon.ico
2025-03-27 14:03:11,859 django.request WARNING  Not Found: /favicon.ico
2025-03-27 15:09:44,590 django.request WARNING  Not Found: /favicon.ico
2025-03-27 16:42:16,273 django.request WARNING  Not Found: /favicon.ico
2025-03-27 16:45:09,410 urllib3.connectionpool DEBUG    Starting new HTTP connection (1): 172.172.185.67:80
2025-03-27 16:45:18,432 urllib3.connectionpool DEBUG    http://172.172.185.67:80 "POST /krd_itc_wms/ru_RU/hs/PutData HTTP/1.1" 200 289
2025-03-28 08:39:58,279 urllib3.connectionpool DEBUG    Starting new HTTP connection (1): 172.172.185.67:80
2025-03-28 08:40:01,580 urllib3.connectionpool DEBUG    http://172.172.185.67:80 "GET /krd_itc_wms/odata/standard.odata//AccumulationRegister_%D0%9E%D1%81%D1%82%D0%B0%D1%82%D0%BA%D0%B8%D0%92%D0%9F%D0%BE%D0%BB%D0%BB%D0%B5%D1%82%D0%B0%D1%85/Balance?$format=json&$expand=%D0%9D%D0%BE%D0%BC%D0%B5%D0%BD%D0%BA%D0%BB%D0%B0%D1%82%D1%83%D1%80%D0%B0/Parent,%20%D0%AF%D1%87%D0%B5%D0%B9%D0%BA%D0%B0%D0%A5%D1%80%D0%B0%D0%BD%D0%B5%D0%BD%D0%B8%D1%8F/%D0%A1%D0%BA%D0%BB%D0%B0%D0%B4,%20%D0%A1%D0%B5%D1%80%D0%B8%D1%8F%D0%9D%D0%BE%D0%BC%D0%B5%D0%BD%D0%BA%D0%BB%D0%B0%D1%82%D1%83%D1%80%D1%8B&$select=%D0%9D%D0%BE%D0%BC%D0%B5%D0%BD%D0%BA%D0%BB%D0%B0%D1%82%D1%83%D1%80%D0%B0/Code,%D0%9D%D0%BE%D0%BC%D0%B5%D0%BD%D0%BA%D0%BB%D0%B0%D1%82%D1%83%D1%80%D0%B0/Description,%D0%9D%D0%BE%D0%BC%D0%B5%D0%BD%D0%BA%D0%BB%D0%B0%D1%82%D1%83%D1%80%D0%B0/%D0%90%D1%80%D1%82%D0%B8%D0%BA%D1%83%D0%BB,%D0%9D%D0%BE%D0%BC%D0%B5%D0%BD%D0%BA%D0%BB%D0%B0%D1%82%D1%83%D1%80%D0%B0/Parent/Description,%D0%9A%D0%BE%D0%BB%D0%B8%D1%87%D0%B5%D1%81%D1%82%D0%B2%D0%BEBalance,%D0%A1%D0%B5%D1%80%D0%B8%D1%8F%D0%9D%D0%BE%D0%BC%D0%B5%D0%BD%D0%BA%D0%BB%D0%B0%D1%82%D1%83%D1%80%D1%8B/%D0%94%D0%B0%D1%82%D0%B0%D0%9F%D1%80%D0%BE%D0%B8%D0%B7%D0%B2%D0%BE%D0%B4%D1%81%D1%82%D0%B2%D0%B0,%D0%A1%D0%B5%D1%80%D0%B8%D1%8F%D0%9D%D0%BE%D0%BC%D0%B5%D0%BD%D0%BA%D0%BB%D0%B0%D1%82%D1%83%D1%80%D1%8B/%D0%93%D0%BE%D0%B4%D0%B5%D0%BD%D0%94%D0%BE,%D0%AF%D1%87%D0%B5%D0%B9%D0%BA%D0%B0%D0%A5%D1%80%D0%B0%D0%BD%D0%B5%D0%BD%D0%B8%D1%8F/%D0%A1%D0%BA%D0%BB%D0%B0%D0%B4/Description&$orderby=%D0%9D%D0%BE%D0%BC%D0%B5%D0%BD%D0%BA%D0%BB%D0%B0%D1%82%D1%83%D1%80%D0%B0/%D0%90%D1%80%D1%82%D0%B8%D0%BA%D1%83%D0%BB&$filter=%D0%9D%D0%BE%D0%BC%D0%B5%D0%BD%D0%BA%D0%BB%D0%B0%D1%82%D1%83%D1%80%D0%B0/Parent/Code%20eq%20'304903' HTTP/1.1" 200 188113
2025-03-28 08:53:54,948 urllib3.connectionpool DEBUG    Starting new HTTP connection (1): 172.172.185.67:80
2025-03-28 08:53:55,271 urllib3.connectionpool DEBUG    http://172.172.185.67:80 "GET /krd_itc_wms/odata/standard.odata//AccumulationRegister_%D0%9E%D1%81%D1%82%D0%B0%D1%82%D0%BA%D0%B8%D0%92%D0%9F%D0%BE%D0%BB%D0%BB%D0%B5%D1%82%D0%B0%D1%85/Balance?$format=json&$expand=%D0%9D%D0%BE%D0%BC%D0%B5%D0%BD%D0%BA%D0%BB%D0%B0%D1%82%D1%83%D1%80%D0%B0/Parent,%20%D0%AF%D1%87%D0%B5%D0%B9%D0%BA%D0%B0%D0%A5%D1%80%D0%B0%D0%BD%D0%B5%D0%BD%D0%B8%D1%8F/%D0%A1%D0%BA%D0%BB%D0%B0%D0%B4,%20%D0%A1%D0%B5%D1%80%D0%B8%D1%8F%D0%9D%D0%BE%D0%BC%D0%B5%D0%BD%D0%BA%D0%BB%D0%B0%D1%82%D1%83%D1%80%D1%8B&$select=%D0%9D%D0%BE%D0%BC%D0%B5%D0%BD%D0%BA%D0%BB%D0%B0%D1%82%D1%83%D1%80%D0%B0/Code,%D0%9D%D0%BE%D0%BC%D0%B5%D0%BD%D0%BA%D0%BB%D0%B0%D1%82%D1%83%D1%80%D0%B0/Description,%D0%9D%D0%BE%D0%BC%D0%B5%D0%BD%D0%BA%D0%BB%D0%B0%D1%82%D1%83%D1%80%D0%B0/%D0%90%D1%80%D1%82%D0%B8%D0%BA%D1%83%D0%BB,%D0%9D%D0%BE%D0%BC%D0%B5%D0%BD%D0%BA%D0%BB%D0%B0%D1%82%D1%83%D1%80%D0%B0/Parent/Description,%D0%9A%D0%BE%D0%BB%D0%B8%D1%87%D0%B5%D1%81%D1%82%D0%B2%D0%BEBalance,%D0%A1%D0%B5%D1%80%D0%B8%D1%8F%D0%9D%D0%BE%D0%BC%D0%B5%D0%BD%D0%BA%D0%BB%D0%B0%D1%82%D1%83%D1%80%D1%8B/%D0%94%D0%B0%D1%82%D0%B0%D0%9F%D1%80%D0%BE%D0%B8%D0%B7%D0%B2%D0%BE%D0%B4%D1%81%D1%82%D0%B2%D0%B0,%D0%A1%D0%B5%D1%80%D0%B8%D1%8F%D0%9D%D0%BE%D0%BC%D0%B5%D0%BD%D0%BA%D0%BB%D0%B0%D1%82%D1%83%D1%80%D1%8B/%D0%93%D0%BE%D0%B4%D0%B5%D0%BD%D0%94%D0%BE,%D0%AF%D1%87%D0%B5%D0%B9%D0%BA%D0%B0%D0%A5%D1%80%D0%B0%D0%BD%D0%B5%D0%BD%D0%B8%D1%8F/%D0%A1%D0%BA%D0%BB%D0%B0%D0%B4/Description&$orderby=%D0%9D%D0%BE%D0%BC%D0%B5%D0%BD%D0%BA%D0%BB%D0%B0%D1%82%D1%83%D1%80%D0%B0/%D0%90%D1%80%D1%82%D0%B8%D0%BA%D1%83%D0%BB&$filter=%D0%9D%D0%BE%D0%BC%D0%B5%D0%BD%D0%BA%D0%BB%D0%B0%D1%82%D1%83%D1%80%D0%B0/Parent/Code%20eq%20'356959' HTTP/1.1" 200 32847
2025-03-28 08:54:26,521 urllib3.connectionpool DEBUG    Starting new HTTP connection (1): 172.172.185.67:80
2025-03-28 08:54:30,524 urllib3.connectionpool DEBUG    http://172.172.185.67:80 "GET /krd_itc_wms/odata/standard.odata//AccumulationRegister_%D0%9E%D1%81%D1%82%D0%B0%D1%82%D0%BA%D0%B8%D0%92%D0%9F%D0%BE%D0%BB%D0%BB%D0%B5%D1%82%D0%B0%D1%85/Balance?$format=json&$expand=%D0%9D%D0%BE%D0%BC%D0%B5%D0%BD%D0%BA%D0%BB%D0%B0%D1%82%D1%83%D1%80%D0%B0/Parent,%20%D0%AF%D1%87%D0%B5%D0%B9%D0%BA%D0%B0%D0%A5%D1%80%D0%B0%D0%BD%D0%B5%D0%BD%D0%B8%D1%8F/%D0%A1%D0%BA%D0%BB%D0%B0%D0%B4,%20%D0%A1%D0%B5%D1%80%D0%B8%D1%8F%D0%9D%D0%BE%D0%BC%D0%B5%D0%BD%D0%BA%D0%BB%D0%B0%D1%82%D1%83%D1%80%D1%8B&$select=%D0%9D%D0%BE%D0%BC%D0%B5%D0%BD%D0%BA%D0%BB%D0%B0%D1%82%D1%83%D1%80%D0%B0/Code,%D0%9D%D0%BE%D0%BC%D0%B5%D0%BD%D0%BA%D0%BB%D0%B0%D1%82%D1%83%D1%80%D0%B0/Description,%D0%9D%D0%BE%D0%BC%D0%B5%D0%BD%D0%BA%D0%BB%D0%B0%D1%82%D1%83%D1%80%D0%B0/%D0%90%D1%80%D1%82%D0%B8%D0%BA%D1%83%D0%BB,%D0%9D%D0%BE%D0%BC%D0%B5%D0%BD%D0%BA%D0%BB%D0%B0%D1%82%D1%83%D1%80%D0%B0/Parent/Description,%D0%9A%D0%BE%D0%BB%D0%B8%D1%87%D0%B5%D1%81%D1%82%D0%B2%D0%BEBalance,%D0%A1%D0%B5%D1%80%D0%B8%D1%8F%D0%9D%D0%BE%D0%BC%D0%B5%D0%BD%D0%BA%D0%BB%D0%B0%D1%82%D1%83%D1%80%D1%8B/%D0%94%D0%B0%D1%82%D0%B0%D0%9F%D1%80%D0%BE%D0%B8%D0%B7%D0%B2%D0%BE%D0%B4%D1%81%D1%82%D0%B2%D0%B0,%D0%A1%D0%B5%D1%80%D0%B8%D1%8F%D0%9D%D0%BE%D0%BC%D0%B5%D0%BD%D0%BA%D0%BB%D0%B0%D1%82%D1%83%D1%80%D1%8B/%D0%93%D0%BE%D0%B4%D0%B5%D0%BD%D0%94%D0%BE,%D0%AF%D1%87%D0%B5%D0%B9%D0%BA%D0%B0%D0%A5%D1%80%D0%B0%D0%BD%D0%B5%D0%BD%D0%B8%D1%8F/%D0%A1%D0%BA%D0%BB%D0%B0%D0%B4/Description&$orderby=%D0%9D%D0%BE%D0%BC%D0%B5%D0%BD%D0%BA%D0%BB%D0%B0%D1%82%D1%83%D1%80%D0%B0/%D0%90%D1%80%D1%82%D0%B8%D0%BA%D1%83%D0%BB&$filter=%D0%9D%D0%BE%D0%BC%D0%B5%D0%BD%D0%BA%D0%BB%D0%B0%D1%82%D1%83%D1%80%D0%B0/Parent/Code%20eq%20'391226' HTTP/1.1" 200 268533
2025-03-28 10:55:32,902 django.utils.autoreload INFO     C:\Users\rhashhanok\PycharmProjects\SLEX_02\base_app\utils.py changed, reloading.
2025-03-28 10:55:35,161 django.utils.autoreload INFO     Watching for file changes with StatReloader
2025-03-28 11:37:56,154 django.request WARNING  Not Found: /favicon.ico
2025-03-28 13:33:06,075 django.request WARNING  Not Found: /favicon.ico
2025-03-28 14:12:28,930 django.request WARNING  Not Found: /favicon.ico
2025-03-28 15:29:40,215 django.request WARNING  Not Found: /favicon.ico
2025-03-28 15:31:51,317 django.utils.autoreload INFO     C:\Users\rhashhanok\PycharmProjects\SLEX_02\base_app\utils.py changed, reloading.
2025-03-28 15:31:52,951 django.utils.autoreload INFO     Watching for file changes with StatReloader
2025-03-28 15:48:23,592 django.utils.autoreload INFO     C:\Users\rhashhanok\PycharmProjects\SLEX_02\base_app\utils.py changed, reloading.
2025-03-28 15:48:25,564 django.utils.autoreload INFO     Watching for file changes with StatReloader
2025-03-28 16:21:01,611 django.utils.autoreload INFO     C:\Users\rhashhanok\PycharmProjects\SLEX_02\base_app\views.py changed, reloading.
2025-03-28 16:21:03,224 django.utils.autoreload INFO     Watching for file changes with StatReloader
2025-03-28 16:39:34,799 django.request WARNING  Not Found: /favicon.ico
2025-03-28 17:23:40,857 urllib3.connectionpool DEBUG    Starting new HTTP connection (1): 172.172.185.67:80
2025-03-28 17:23:55,752 urllib3.connectionpool DEBUG    http://172.172.185.67:80 "POST /krd_itc_wms/ru_RU/hs/PutData HTTP/1.1" 200 289
2025-03-29 14:23:50,584 django.utils.autoreload INFO     C:\Users\rhashhanok\PycharmProjects\SLEX_02\base_app\admin.py changed, reloading.
2025-03-29 14:23:52,237 django.utils.autoreload INFO     Watching for file changes with StatReloader
2025-03-29 14:23:55,048 django.utils.autoreload INFO     C:\Users\rhashhanok\PycharmProjects\SLEX_02\base_app\admin.py changed, reloading.
2025-03-29 14:23:56,683 django.utils.autoreload INFO     Watching for file changes with StatReloader
2025-03-29 14:24:45,473 django.utils.autoreload INFO     C:\Users\rhashhanok\PycharmProjects\SLEX_02\base_app\admin.py changed, reloading.
2025-03-29 14:24:47,109 django.utils.autoreload INFO     Watching for file changes with StatReloader
2025-03-29 14:25:38,971 django.utils.autoreload INFO     C:\Users\rhashhanok\PycharmProjects\SLEX_02\base_app\admin.py changed, reloading.
2025-03-29 14:25:40,608 django.utils.autoreload INFO     Watching for file changes with StatReloader
2025-03-29 14:25:43,560 django.request WARNING  Not Found: /favicon.ico
2025-03-29 14:44:15,215 django.utils.autoreload INFO     C:\Users\rhashhanok\PycharmProjects\SLEX_02\base_app\admin.py changed, reloading.
2025-03-29 14:44:16,933 django.utils.autoreload INFO     Watching for file changes with StatReloader
2025-03-29 14:44:31,448 django.utils.autoreload INFO     C:\Users\rhashhanok\PycharmProjects\SLEX_02\base_app\admin.py changed, reloading.
2025-03-29 14:44:33,030 django.utils.autoreload INFO     Watching for file changes with StatReloader
2025-03-29 15:43:33,453 django.utils.autoreload INFO     Watching for file changes with StatReloader
2025-03-31 08:13:25,823 django.request WARNING  Not Found: /favicon.ico
2025-03-31 09:30:17,067 urllib3.connectionpool DEBUG    Starting new HTTP connection (1): 172.172.185.67:80
2025-03-31 09:30:20,359 urllib3.connectionpool DEBUG    http://172.172.185.67:80 "GET /vlg_itc_wms/odata/standard.odata//AccumulationRegister_%D0%9E%D1%81%D1%82%D0%B0%D1%82%D0%BA%D0%B8%D0%92%D0%9F%D0%BE%D0%BB%D0%BB%D0%B5%D1%82%D0%B0%D1%85/Balance?$format=json&$expand=%D0%9D%D0%BE%D0%BC%D0%B5%D0%BD%D0%BA%D0%BB%D0%B0%D1%82%D1%83%D1%80%D0%B0/Parent,%20%D0%AF%D1%87%D0%B5%D0%B9%D0%BA%D0%B0%D0%A5%D1%80%D0%B0%D0%BD%D0%B5%D0%BD%D0%B8%D1%8F/%D0%A1%D0%BA%D0%BB%D0%B0%D0%B4,%20%D0%A1%D0%B5%D1%80%D0%B8%D1%8F%D0%9D%D0%BE%D0%BC%D0%B5%D0%BD%D0%BA%D0%BB%D0%B0%D1%82%D1%83%D1%80%D1%8B&$select=%D0%9D%D0%BE%D0%BC%D0%B5%D0%BD%D0%BA%D0%BB%D0%B0%D1%82%D1%83%D1%80%D0%B0/Code,%D0%9D%D0%BE%D0%BC%D0%B5%D0%BD%D0%BA%D0%BB%D0%B0%D1%82%D1%83%D1%80%D0%B0/Description,%D0%9D%D0%BE%D0%BC%D0%B5%D0%BD%D0%BA%D0%BB%D0%B0%D1%82%D1%83%D1%80%D0%B0/%D0%90%D1%80%D1%82%D0%B8%D0%BA%D1%83%D0%BB,%D0%9D%D0%BE%D0%BC%D0%B5%D0%BD%D0%BA%D0%BB%D0%B0%D1%82%D1%83%D1%80%D0%B0/Parent/Description,%D0%9A%D0%BE%D0%BB%D0%B8%D1%87%D0%B5%D1%81%D1%82%D0%B2%D0%BEBalance,%D0%A1%D0%B5%D1%80%D0%B8%D1%8F%D0%9D%D0%BE%D0%BC%D0%B5%D0%BD%D0%BA%D0%BB%D0%B0%D1%82%D1%83%D1%80%D1%8B/%D0%94%D0%B0%D1%82%D0%B0%D0%9F%D1%80%D0%BE%D0%B8%D0%B7%D0%B2%D0%BE%D0%B4%D1%81%D1%82%D0%B2%D0%B0,%D0%A1%D0%B5%D1%80%D0%B8%D1%8F%D0%9D%D0%BE%D0%BC%D0%B5%D0%BD%D0%BA%D0%BB%D0%B0%D1%82%D1%83%D1%80%D1%8B/%D0%93%D0%BE%D0%B4%D0%B5%D0%BD%D0%94%D0%BE,%D0%AF%D1%87%D0%B5%D0%B9%D0%BA%D0%B0%D0%A5%D1%80%D0%B0%D0%BD%D0%B5%D0%BD%D0%B8%D1%8F/%D0%A1%D0%BA%D0%BB%D0%B0%D0%B4/Description&$orderby=%D0%9D%D0%BE%D0%BC%D0%B5%D0%BD%D0%BA%D0%BB%D0%B0%D1%82%D1%83%D1%80%D0%B0/%D0%90%D1%80%D1%82%D0%B8%D0%BA%D1%83%D0%BB&$filter=%D0%9D%D0%BE%D0%BC%D0%B5%D0%BD%D0%BA%D0%BB%D0%B0%D1%82%D1%83%D1%80%D0%B0/Parent/Code%20eq%20'304903' HTTP/1.1" 200 108368
2025-03-31 09:36:06,395 urllib3.connectionpool DEBUG    Starting new HTTP connection (1): 172.172.185.67:80
2025-03-31 09:36:06,891 urllib3.connectionpool DEBUG    http://172.172.185.67:80 "GET /krd_itc_wms/odata/standard.odata//AccumulationRegister_%D0%9E%D1%81%D1%82%D0%B0%D1%82%D0%BA%D0%B8%D0%92%D0%9F%D0%BE%D0%BB%D0%BB%D0%B5%D1%82%D0%B0%D1%85/Balance?$format=json&$expand=%D0%9D%D0%BE%D0%BC%D0%B5%D0%BD%D0%BA%D0%BB%D0%B0%D1%82%D1%83%D1%80%D0%B0/Parent,%20%D0%AF%D1%87%D0%B5%D0%B9%D0%BA%D0%B0%D0%A5%D1%80%D0%B0%D0%BD%D0%B5%D0%BD%D0%B8%D1%8F/%D0%A1%D0%BA%D0%BB%D0%B0%D0%B4,%20%D0%A1%D0%B5%D1%80%D0%B8%D1%8F%D0%9D%D0%BE%D0%BC%D0%B5%D0%BD%D0%BA%D0%BB%D0%B0%D1%82%D1%83%D1%80%D1%8B&$select=%D0%9D%D0%BE%D0%BC%D0%B5%D0%BD%D0%BA%D0%BB%D0%B0%D1%82%D1%83%D1%80%D0%B0/Code,%D0%9D%D0%BE%D0%BC%D0%B5%D0%BD%D0%BA%D0%BB%D0%B0%D1%82%D1%83%D1%80%D0%B0/Description,%D0%9D%D0%BE%D0%BC%D0%B5%D0%BD%D0%BA%D0%BB%D0%B0%D1%82%D1%83%D1%80%D0%B0/%D0%90%D1%80%D1%82%D0%B8%D0%BA%D1%83%D0%BB,%D0%9D%D0%BE%D0%BC%D0%B5%D0%BD%D0%BA%D0%BB%D0%B0%D1%82%D1%83%D1%80%D0%B0/Parent/Description,%D0%9A%D0%BE%D0%BB%D0%B8%D1%87%D0%B5%D1%81%D1%82%D0%B2%D0%BEBalance,%D0%A1%D0%B5%D1%80%D0%B8%D1%8F%D0%9D%D0%BE%D0%BC%D0%B5%D0%BD%D0%BA%D0%BB%D0%B0%D1%82%D1%83%D1%80%D1%8B/%D0%94%D0%B0%D1%82%D0%B0%D0%9F%D1%80%D0%BE%D0%B8%D0%B7%D0%B2%D0%BE%D0%B4%D1%81%D1%82%D0%B2%D0%B0,%D0%A1%D0%B5%D1%80%D0%B8%D1%8F%D0%9D%D0%BE%D0%BC%D0%B5%D0%BD%D0%BA%D0%BB%D0%B0%D1%82%D1%83%D1%80%D1%8B/%D0%93%D0%BE%D0%B4%D0%B5%D0%BD%D0%94%D0%BE,%D0%AF%D1%87%D0%B5%D0%B9%D0%BA%D0%B0%D0%A5%D1%80%D0%B0%D0%BD%D0%B5%D0%BD%D0%B8%D1%8F/%D0%A1%D0%BA%D0%BB%D0%B0%D0%B4/Description&$orderby=%D0%9D%D0%BE%D0%BC%D0%B5%D0%BD%D0%BA%D0%BB%D0%B0%D1%82%D1%83%D1%80%D0%B0/%D0%90%D1%80%D1%82%D0%B8%D0%BA%D1%83%D0%BB&$filter=%D0%9D%D0%BE%D0%BC%D0%B5%D0%BD%D0%BA%D0%BB%D0%B0%D1%82%D1%83%D1%80%D0%B0/Parent/Code%20eq%20'391291' HTTP/1.1" 200 720440
2025-03-31 09:36:42,105 urllib3.connectionpool DEBUG    Starting new HTTP connection (1): 172.172.185.67:80
2025-03-31 09:36:45,460 urllib3.connectionpool DEBUG    http://172.172.185.67:80 "GET /krd_itc_wms/odata/standard.odata//AccumulationRegister_%D0%9E%D1%81%D1%82%D0%B0%D1%82%D0%BA%D0%B8%D0%92%D0%9F%D0%BE%D0%BB%D0%BB%D0%B5%D1%82%D0%B0%D1%85/Balance?$format=json&$expand=%D0%9D%D0%BE%D0%BC%D0%B5%D0%BD%D0%BA%D0%BB%D0%B0%D1%82%D1%83%D1%80%D0%B0/Parent,%20%D0%AF%D1%87%D0%B5%D0%B9%D0%BA%D0%B0%D0%A5%D1%80%D0%B0%D0%BD%D0%B5%D0%BD%D0%B8%D1%8F/%D0%A1%D0%BA%D0%BB%D0%B0%D0%B4,%20%D0%A1%D0%B5%D1%80%D0%B8%D1%8F%D0%9D%D0%BE%D0%BC%D0%B5%D0%BD%D0%BA%D0%BB%D0%B0%D1%82%D1%83%D1%80%D1%8B&$select=%D0%9D%D0%BE%D0%BC%D0%B5%D0%BD%D0%BA%D0%BB%D0%B0%D1%82%D1%83%D1%80%D0%B0/Code,%D0%9D%D0%BE%D0%BC%D0%B5%D0%BD%D0%BA%D0%BB%D0%B0%D1%82%D1%83%D1%80%D0%B0/Description,%D0%9D%D0%BE%D0%BC%D0%B5%D0%BD%D0%BA%D0%BB%D0%B0%D1%82%D1%83%D1%80%D0%B0/%D0%90%D1%80%D1%82%D0%B8%D0%BA%D1%83%D0%BB,%D0%9D%D0%BE%D0%BC%D0%B5%D0%BD%D0%BA%D0%BB%D0%B0%D1%82%D1%83%D1%80%D0%B0/Parent/Description,%D0%9A%D0%BE%D0%BB%D0%B8%D1%87%D0%B5%D1%81%D1%82%D0%B2%D0%BEBalance,%D0%A1%D0%B5%D1%80%D0%B8%D1%8F%D0%9D%D0%BE%D0%BC%D0%B5%D0%BD%D0%BA%D0%BB%D0%B0%D1%82%D1%83%D1%80%D1%8B/%D0%94%D0%B0%D1%82%D0%B0%D0%9F%D1%80%D0%BE%D0%B8%D0%B7%D0%B2%D0%BE%D0%B4%D1%81%D1%82%D0%B2%D0%B0,%D0%A1%D0%B5%D1%80%D0%B8%D1%8F%D0%9D%D0%BE%D0%BC%D0%B5%D0%BD%D0%BA%D0%BB%D0%B0%D1%82%D1%83%D1%80%D1%8B/%D0%93%D0%BE%D0%B4%D0%B5%D0%BD%D0%94%D0%BE,%D0%AF%D1%87%D0%B5%D0%B9%D0%BA%D0%B0%D0%A5%D1%80%D0%B0%D0%BD%D0%B5%D0%BD%D0%B8%D1%8F/%D0%A1%D0%BA%D0%BB%D0%B0%D0%B4/Description&$orderby=%D0%9D%D0%BE%D0%BC%D0%B5%D0%BD%D0%BA%D0%BB%D0%B0%D1%82%D1%83%D1%80%D0%B0/%D0%90%D1%80%D1%82%D0%B8%D0%BA%D1%83%D0%BB&$filter=%D0%9D%D0%BE%D0%BC%D0%B5%D0%BD%D0%BA%D0%BB%D0%B0%D1%82%D1%83%D1%80%D0%B0/Parent/Code%20eq%20'304903' HTTP/1.1" 200 182830
2025-03-31 09:37:15,276 urllib3.connectionpool DEBUG    Starting new HTTP connection (1): 172.172.185.67:80
2025-03-31 09:37:18,793 urllib3.connectionpool DEBUG    http://172.172.185.67:80 "GET /krd_itc_wms/odata/standard.odata//AccumulationRegister_%D0%9E%D1%81%D1%82%D0%B0%D1%82%D0%BA%D0%B8%D0%92%D0%9F%D0%BE%D0%BB%D0%BB%D0%B5%D1%82%D0%B0%D1%85/Balance?$format=json&$expand=%D0%9D%D0%BE%D0%BC%D0%B5%D0%BD%D0%BA%D0%BB%D0%B0%D1%82%D1%83%D1%80%D0%B0/Parent,%20%D0%AF%D1%87%D0%B5%D0%B9%D0%BA%D0%B0%D0%A5%D1%80%D0%B0%D0%BD%D0%B5%D0%BD%D0%B8%D1%8F/%D0%A1%D0%BA%D0%BB%D0%B0%D0%B4,%20%D0%A1%D0%B5%D1%80%D0%B8%D1%8F%D0%9D%D0%BE%D0%BC%D0%B5%D0%BD%D0%BA%D0%BB%D0%B0%D1%82%D1%83%D1%80%D1%8B&$select=%D0%9D%D0%BE%D0%BC%D0%B5%D0%BD%D0%BA%D0%BB%D0%B0%D1%82%D1%83%D1%80%D0%B0/Code,%D0%9D%D0%BE%D0%BC%D0%B5%D0%BD%D0%BA%D0%BB%D0%B0%D1%82%D1%83%D1%80%D0%B0/Description,%D0%9D%D0%BE%D0%BC%D0%B5%D0%BD%D0%BA%D0%BB%D0%B0%D1%82%D1%83%D1%80%D0%B0/%D0%90%D1%80%D1%82%D0%B8%D0%BA%D1%83%D0%BB,%D0%9D%D0%BE%D0%BC%D0%B5%D0%BD%D0%BA%D0%BB%D0%B0%D1%82%D1%83%D1%80%D0%B0/Parent/Description,%D0%9A%D0%BE%D0%BB%D0%B8%D1%87%D0%B5%D1%81%D1%82%D0%B2%D0%BEBalance,%D0%A1%D0%B5%D1%80%D0%B8%D1%8F%D0%9D%D0%BE%D0%BC%D0%B5%D0%BD%D0%BA%D0%BB%D0%B0%D1%82%D1%83%D1%80%D1%8B/%D0%94%D0%B0%D1%82%D0%B0%D0%9F%D1%80%D0%BE%D0%B8%D0%B7%D0%B2%D0%BE%D0%B4%D1%81%D1%82%D0%B2%D0%B0,%D0%A1%D0%B5%D1%80%D0%B8%D1%8F%D0%9D%D0%BE%D0%BC%D0%B5%D0%BD%D0%BA%D0%BB%D0%B0%D1%82%D1%83%D1%80%D1%8B/%D0%93%D0%BE%D0%B4%D0%B5%D0%BD%D0%94%D0%BE,%D0%AF%D1%87%D0%B5%D0%B9%D0%BA%D0%B0%D0%A5%D1%80%D0%B0%D0%BD%D0%B5%D0%BD%D0%B8%D1%8F/%D0%A1%D0%BA%D0%BB%D0%B0%D0%B4/Description&$orderby=%D0%9D%D0%BE%D0%BC%D0%B5%D0%BD%D0%BA%D0%BB%D0%B0%D1%82%D1%83%D1%80%D0%B0/%D0%90%D1%80%D1%82%D0%B8%D0%BA%D1%83%D0%BB&$filter=%D0%9D%D0%BE%D0%BC%D0%B5%D0%BD%D0%BA%D0%BB%D0%B0%D1%82%D1%83%D1%80%D0%B0/Parent/Code%20eq%20'391291' HTTP/1.1" 200 721237
2025-03-31 09:47:23,495 django.request WARNING  Not Found: /favicon.ico
2025-03-31 09:57:29,115 django.request WARNING  Not Found: /favicon.ico
2025-03-31 11:06:02,045 urllib3.connectionpool DEBUG    Starting new HTTP connection (1): 172.172.185.67:80
2025-03-31 11:06:05,372 urllib3.connectionpool DEBUG    http://172.172.185.67:80 "GET /itc_wms/odata/standard.odata//AccumulationRegister_%D0%9E%D1%81%D1%82%D0%B0%D1%82%D0%BA%D0%B8%D0%92%D0%9F%D0%BE%D0%BB%D0%BB%D0%B5%D1%82%D0%B0%D1%85/Balance?$format=json&$expand=%D0%9D%D0%BE%D0%BC%D0%B5%D0%BD%D0%BA%D0%BB%D0%B0%D1%82%D1%83%D1%80%D0%B0/Parent,%20%D0%AF%D1%87%D0%B5%D0%B9%D0%BA%D0%B0%D0%A5%D1%80%D0%B0%D0%BD%D0%B5%D0%BD%D0%B8%D1%8F/%D0%A1%D0%BA%D0%BB%D0%B0%D0%B4,%20%D0%A1%D0%B5%D1%80%D0%B8%D1%8F%D0%9D%D0%BE%D0%BC%D0%B5%D0%BD%D0%BA%D0%BB%D0%B0%D1%82%D1%83%D1%80%D1%8B&$select=%D0%9D%D0%BE%D0%BC%D0%B5%D0%BD%D0%BA%D0%BB%D0%B0%D1%82%D1%83%D1%80%D0%B0/Code,%D0%9D%D0%BE%D0%BC%D0%B5%D0%BD%D0%BA%D0%BB%D0%B0%D1%82%D1%83%D1%80%D0%B0/Description,%D0%9D%D0%BE%D0%BC%D0%B5%D0%BD%D0%BA%D0%BB%D0%B0%D1%82%D1%83%D1%80%D0%B0/%D0%90%D1%80%D1%82%D0%B8%D0%BA%D1%83%D0%BB,%D0%9D%D0%BE%D0%BC%D0%B5%D0%BD%D0%BA%D0%BB%D0%B0%D1%82%D1%83%D1%80%D0%B0/Parent/Description,%D0%9A%D0%BE%D0%BB%D0%B8%D1%87%D0%B5%D1%81%D1%82%D0%B2%D0%BEBalance,%D0%A1%D0%B5%D1%80%D0%B8%D1%8F%D0%9D%D0%BE%D0%BC%D0%B5%D0%BD%D0%BA%D0%BB%D0%B0%D1%82%D1%83%D1%80%D1%8B/%D0%94%D0%B0%D1%82%D0%B0%D0%9F%D1%80%D0%BE%D0%B8%D0%B7%D0%B2%D0%BE%D0%B4%D1%81%D1%82%D0%B2%D0%B0,%D0%A1%D0%B5%D1%80%D0%B8%D1%8F%D0%9D%D0%BE%D0%BC%D0%B5%D0%BD%D0%BA%D0%BB%D0%B0%D1%82%D1%83%D1%80%D1%8B/%D0%93%D0%BE%D0%B4%D0%B5%D0%BD%D0%94%D0%BE,%D0%AF%D1%87%D0%B5%D0%B9%D0%BA%D0%B0%D0%A5%D1%80%D0%B0%D0%BD%D0%B5%D0%BD%D0%B8%D1%8F/%D0%A1%D0%BA%D0%BB%D0%B0%D0%B4/Description&$orderby=%D0%9D%D0%BE%D0%BC%D0%B5%D0%BD%D0%BA%D0%BB%D0%B0%D1%82%D1%83%D1%80%D0%B0/%D0%90%D1%80%D1%82%D0%B8%D0%BA%D1%83%D0%BB&$filter=%D0%9D%D0%BE%D0%BC%D0%B5%D0%BD%D0%BA%D0%BB%D0%B0%D1%82%D1%83%D1%80%D0%B0/Parent/Code%20eq%20'304903' HTTP/1.1" 200 118397
2025-03-31 11:07:53,054 urllib3.connectionpool DEBUG    Starting new HTTP connection (1): 172.172.185.67:80
2025-03-31 11:07:56,417 urllib3.connectionpool DEBUG    http://172.172.185.67:80 "GET /itc_wms/odata/standard.odata//AccumulationRegister_%D0%9E%D1%81%D1%82%D0%B0%D1%82%D0%BA%D0%B8%D0%92%D0%9F%D0%BE%D0%BB%D0%BB%D0%B5%D1%82%D0%B0%D1%85/Balance?$format=json&$expand=%D0%9D%D0%BE%D0%BC%D0%B5%D0%BD%D0%BA%D0%BB%D0%B0%D1%82%D1%83%D1%80%D0%B0/Parent,%20%D0%AF%D1%87%D0%B5%D0%B9%D0%BA%D0%B0%D0%A5%D1%80%D0%B0%D0%BD%D0%B5%D0%BD%D0%B8%D1%8F/%D0%A1%D0%BA%D0%BB%D0%B0%D0%B4,%20%D0%A1%D0%B5%D1%80%D0%B8%D1%8F%D0%9D%D0%BE%D0%BC%D0%B5%D0%BD%D0%BA%D0%BB%D0%B0%D1%82%D1%83%D1%80%D1%8B&$select=%D0%9D%D0%BE%D0%BC%D0%B5%D0%BD%D0%BA%D0%BB%D0%B0%D1%82%D1%83%D1%80%D0%B0/Code,%D0%9D%D0%BE%D0%BC%D0%B5%D0%BD%D0%BA%D0%BB%D0%B0%D1%82%D1%83%D1%80%D0%B0/Description,%D0%9D%D0%BE%D0%BC%D0%B5%D0%BD%D0%BA%D0%BB%D0%B0%D1%82%D1%83%D1%80%D0%B0/%D0%90%D1%80%D1%82%D0%B8%D0%BA%D1%83%D0%BB,%D0%9D%D0%BE%D0%BC%D0%B5%D0%BD%D0%BA%D0%BB%D0%B0%D1%82%D1%83%D1%80%D0%B0/Parent/Description,%D0%9A%D0%BE%D0%BB%D0%B8%D1%87%D0%B5%D1%81%D1%82%D0%B2%D0%BEBalance,%D0%A1%D0%B5%D1%80%D0%B8%D1%8F%D0%9D%D0%BE%D0%BC%D0%B5%D0%BD%D0%BA%D0%BB%D0%B0%D1%82%D1%83%D1%80%D1%8B/%D0%94%D0%B0%D1%82%D0%B0%D0%9F%D1%80%D0%BE%D0%B8%D0%B7%D0%B2%D0%BE%D0%B4%D1%81%D1%82%D0%B2%D0%B0,%D0%A1%D0%B5%D1%80%D0%B8%D1%8F%D0%9D%D0%BE%D0%BC%D0%B5%D0%BD%D0%BA%D0%BB%D0%B0%D1%82%D1%83%D1%80%D1%8B/%D0%93%D0%BE%D0%B4%D0%B5%D0%BD%D0%94%D0%BE,%D0%AF%D1%87%D0%B5%D0%B9%D0%BA%D0%B0%D0%A5%D1%80%D0%B0%D0%BD%D0%B5%D0%BD%D0%B8%D1%8F/%D0%A1%D0%BA%D0%BB%D0%B0%D0%B4/Description&$orderby=%D0%9D%D0%BE%D0%BC%D0%B5%D0%BD%D0%BA%D0%BB%D0%B0%D1%82%D1%83%D1%80%D0%B0/%D0%90%D1%80%D1%82%D0%B8%D0%BA%D1%83%D0%BB&$filter=%D0%9D%D0%BE%D0%BC%D0%B5%D0%BD%D0%BA%D0%BB%D0%B0%D1%82%D1%83%D1%80%D0%B0/Parent/Code%20eq%20'304903' HTTP/1.1" 200 118397
2025-03-31 13:48:19,431 django.request WARNING  Not Found: /favicon.ico
2025-03-31 15:46:44,279 django.request WARNING  Not Found: /favicon.ico
2025-03-31 17:27:06,621 urllib3.connectionpool DEBUG    Starting new HTTP connection (1): 172.172.185.67:80
2025-03-31 17:27:14,765 urllib3.connectionpool DEBUG    http://172.172.185.67:80 "POST /krd_itc_wms/ru_RU/hs/PutData HTTP/1.1" 200 371
2025-04-01 08:29:39,596 urllib3.connectionpool DEBUG    Starting new HTTP connection (1): 172.172.185.67:80
2025-04-01 08:29:40,020 urllib3.connectionpool DEBUG    http://172.172.185.67:80 "GET /krd_itc_wms/odata/standard.odata//AccumulationRegister_%D0%9E%D1%81%D1%82%D0%B0%D1%82%D0%BA%D0%B8%D0%92%D0%9F%D0%BE%D0%BB%D0%BB%D0%B5%D1%82%D0%B0%D1%85/Balance?$format=json&$expand=%D0%9D%D0%BE%D0%BC%D0%B5%D0%BD%D0%BA%D0%BB%D0%B0%D1%82%D1%83%D1%80%D0%B0/Parent,%20%D0%AF%D1%87%D0%B5%D0%B9%D0%BA%D0%B0%D0%A5%D1%80%D0%B0%D0%BD%D0%B5%D0%BD%D0%B8%D1%8F/%D0%A1%D0%BA%D0%BB%D0%B0%D0%B4,%20%D0%A1%D0%B5%D1%80%D0%B8%D1%8F%D0%9D%D0%BE%D0%BC%D0%B5%D0%BD%D0%BA%D0%BB%D0%B0%D1%82%D1%83%D1%80%D1%8B&$select=%D0%9D%D0%BE%D0%BC%D0%B5%D0%BD%D0%BA%D0%BB%D0%B0%D1%82%D1%83%D1%80%D0%B0/Code,%D0%9D%D0%BE%D0%BC%D0%B5%D0%BD%D0%BA%D0%BB%D0%B0%D1%82%D1%83%D1%80%D0%B0/Description,%D0%9D%D0%BE%D0%BC%D0%B5%D0%BD%D0%BA%D0%BB%D0%B0%D1%82%D1%83%D1%80%D0%B0/%D0%90%D1%80%D1%82%D0%B8%D0%BA%D1%83%D0%BB,%D0%9D%D0%BE%D0%BC%D0%B5%D0%BD%D0%BA%D0%BB%D0%B0%D1%82%D1%83%D1%80%D0%B0/Parent/Description,%D0%9A%D0%BE%D0%BB%D0%B8%D1%87%D0%B5%D1%81%D1%82%D0%B2%D0%BEBalance,%D0%A1%D0%B5%D1%80%D0%B8%D1%8F%D0%9D%D0%BE%D0%BC%D0%B5%D0%BD%D0%BA%D0%BB%D0%B0%D1%82%D1%83%D1%80%D1%8B/%D0%94%D0%B0%D1%82%D0%B0%D0%9F%D1%80%D0%BE%D0%B8%D0%B7%D0%B2%D0%BE%D0%B4%D1%81%D1%82%D0%B2%D0%B0,%D0%A1%D0%B5%D1%80%D0%B8%D1%8F%D0%9D%D0%BE%D0%BC%D0%B5%D0%BD%D0%BA%D0%BB%D0%B0%D1%82%D1%83%D1%80%D1%8B/%D0%93%D0%BE%D0%B4%D0%B5%D0%BD%D0%94%D0%BE,%D0%AF%D1%87%D0%B5%D0%B9%D0%BA%D0%B0%D0%A5%D1%80%D0%B0%D0%BD%D0%B5%D0%BD%D0%B8%D1%8F/%D0%A1%D0%BA%D0%BB%D0%B0%D0%B4/Description&$orderby=%D0%9D%D0%BE%D0%BC%D0%B5%D0%BD%D0%BA%D0%BB%D0%B0%D1%82%D1%83%D1%80%D0%B0/%D0%90%D1%80%D1%82%D0%B8%D0%BA%D1%83%D0%BB&$filter=%D0%9D%D0%BE%D0%BC%D0%B5%D0%BD%D0%BA%D0%BB%D0%B0%D1%82%D1%83%D1%80%D0%B0/Parent/Code%20eq%20'304903' HTTP/1.1" 200 167652
2025-04-01 08:30:15,321 urllib3.connectionpool DEBUG    Starting new HTTP connection (1): 172.172.185.67:80
2025-04-01 08:30:19,539 urllib3.connectionpool DEBUG    http://172.172.185.67:80 "GET /krd_itc_wms/odata/standard.odata//AccumulationRegister_%D0%9E%D1%81%D1%82%D0%B0%D1%82%D0%BA%D0%B8%D0%92%D0%9F%D0%BE%D0%BB%D0%BB%D0%B5%D1%82%D0%B0%D1%85/Balance?$format=json&$expand=%D0%9D%D0%BE%D0%BC%D0%B5%D0%BD%D0%BA%D0%BB%D0%B0%D1%82%D1%83%D1%80%D0%B0/Parent,%20%D0%AF%D1%87%D0%B5%D0%B9%D0%BA%D0%B0%D0%A5%D1%80%D0%B0%D0%BD%D0%B5%D0%BD%D0%B8%D1%8F/%D0%A1%D0%BA%D0%BB%D0%B0%D0%B4,%20%D0%A1%D0%B5%D1%80%D0%B8%D1%8F%D0%9D%D0%BE%D0%BC%D0%B5%D0%BD%D0%BA%D0%BB%D0%B0%D1%82%D1%83%D1%80%D1%8B&$select=%D0%9D%D0%BE%D0%BC%D0%B5%D0%BD%D0%BA%D0%BB%D0%B0%D1%82%D1%83%D1%80%D0%B0/Code,%D0%9D%D0%BE%D0%BC%D0%B5%D0%BD%D0%BA%D0%BB%D0%B0%D1%82%D1%83%D1%80%D0%B0/Description,%D0%9D%D0%BE%D0%BC%D0%B5%D0%BD%D0%BA%D0%BB%D0%B0%D1%82%D1%83%D1%80%D0%B0/%D0%90%D1%80%D1%82%D0%B8%D0%BA%D1%83%D0%BB,%D0%9D%D0%BE%D0%BC%D0%B5%D0%BD%D0%BA%D0%BB%D0%B0%D1%82%D1%83%D1%80%D0%B0/Parent/Description,%D0%9A%D0%BE%D0%BB%D0%B8%D1%87%D0%B5%D1%81%D1%82%D0%B2%D0%BEBalance,%D0%A1%D0%B5%D1%80%D0%B8%D1%8F%D0%9D%D0%BE%D0%BC%D0%B5%D0%BD%D0%BA%D0%BB%D0%B0%D1%82%D1%83%D1%80%D1%8B/%D0%94%D0%B0%D1%82%D0%B0%D0%9F%D1%80%D0%BE%D0%B8%D0%B7%D0%B2%D0%BE%D0%B4%D1%81%D1%82%D0%B2%D0%B0,%D0%A1%D0%B5%D1%80%D0%B8%D1%8F%D0%9D%D0%BE%D0%BC%D0%B5%D0%BD%D0%BA%D0%BB%D0%B0%D1%82%D1%83%D1%80%D1%8B/%D0%93%D0%BE%D0%B4%D0%B5%D0%BD%D0%94%D0%BE,%D0%AF%D1%87%D0%B5%D0%B9%D0%BA%D0%B0%D0%A5%D1%80%D0%B0%D0%BD%D0%B5%D0%BD%D0%B8%D1%8F/%D0%A1%D0%BA%D0%BB%D0%B0%D0%B4/Description&$orderby=%D0%9D%D0%BE%D0%BC%D0%B5%D0%BD%D0%BA%D0%BB%D0%B0%D1%82%D1%83%D1%80%D0%B0/%D0%90%D1%80%D1%82%D0%B8%D0%BA%D1%83%D0%BB&$filter=%D0%9D%D0%BE%D0%BC%D0%B5%D0%BD%D0%BA%D0%BB%D0%B0%D1%82%D1%83%D1%80%D0%B0/Parent/Code%20eq%20'391291' HTTP/1.1" 200 719304
2025-04-01 08:30:44,629 urllib3.connectionpool DEBUG    Starting new HTTP connection (1): 172.172.185.67:80
2025-04-01 08:30:44,985 urllib3.connectionpool DEBUG    http://172.172.185.67:80 "GET /krd_itc_wms/odata/standard.odata//AccumulationRegister_%D0%9E%D1%81%D1%82%D0%B0%D1%82%D0%BA%D0%B8%D0%92%D0%9F%D0%BE%D0%BB%D0%BB%D0%B5%D1%82%D0%B0%D1%85/Balance?$format=json&$expand=%D0%9D%D0%BE%D0%BC%D0%B5%D0%BD%D0%BA%D0%BB%D0%B0%D1%82%D1%83%D1%80%D0%B0/Parent,%20%D0%AF%D1%87%D0%B5%D0%B9%D0%BA%D0%B0%D0%A5%D1%80%D0%B0%D0%BD%D0%B5%D0%BD%D0%B8%D1%8F/%D0%A1%D0%BA%D0%BB%D0%B0%D0%B4,%20%D0%A1%D0%B5%D1%80%D0%B8%D1%8F%D0%9D%D0%BE%D0%BC%D0%B5%D0%BD%D0%BA%D0%BB%D0%B0%D1%82%D1%83%D1%80%D1%8B&$select=%D0%9D%D0%BE%D0%BC%D0%B5%D0%BD%D0%BA%D0%BB%D0%B0%D1%82%D1%83%D1%80%D0%B0/Code,%D0%9D%D0%BE%D0%BC%D0%B5%D0%BD%D0%BA%D0%BB%D0%B0%D1%82%D1%83%D1%80%D0%B0/Description,%D0%9D%D0%BE%D0%BC%D0%B5%D0%BD%D0%BA%D0%BB%D0%B0%D1%82%D1%83%D1%80%D0%B0/%D0%90%D1%80%D1%82%D0%B8%D0%BA%D1%83%D0%BB,%D0%9D%D0%BE%D0%BC%D0%B5%D0%BD%D0%BA%D0%BB%D0%B0%D1%82%D1%83%D1%80%D0%B0/Parent/Description,%D0%9A%D0%BE%D0%BB%D0%B8%D1%87%D0%B5%D1%81%D1%82%D0%B2%D0%BEBalance,%D0%A1%D0%B5%D1%80%D0%B8%D1%8F%D0%9D%D0%BE%D0%BC%D0%B5%D0%BD%D0%BA%D0%BB%D0%B0%D1%82%D1%83%D1%80%D1%8B/%D0%94%D0%B0%D1%82%D0%B0%D0%9F%D1%80%D0%BE%D0%B8%D0%B7%D0%B2%D0%BE%D0%B4%D1%81%D1%82%D0%B2%D0%B0,%D0%A1%D0%B5%D1%80%D0%B8%D1%8F%D0%9D%D0%BE%D0%BC%D0%B5%D0%BD%D0%BA%D0%BB%D0%B0%D1%82%D1%83%D1%80%D1%8B/%D0%93%D0%BE%D0%B4%D0%B5%D0%BD%D0%94%D0%BE,%D0%AF%D1%87%D0%B5%D0%B9%D0%BA%D0%B0%D0%A5%D1%80%D0%B0%D0%BD%D0%B5%D0%BD%D0%B8%D1%8F/%D0%A1%D0%BA%D0%BB%D0%B0%D0%B4/Description&$orderby=%D0%9D%D0%BE%D0%BC%D0%B5%D0%BD%D0%BA%D0%BB%D0%B0%D1%82%D1%83%D1%80%D0%B0/%D0%90%D1%80%D1%82%D0%B8%D0%BA%D1%83%D0%BB&$filter=%D0%9D%D0%BE%D0%BC%D0%B5%D0%BD%D0%BA%D0%BB%D0%B0%D1%82%D1%83%D1%80%D0%B0/Parent/Code%20eq%20'356959' HTTP/1.1" 200 25926
2025-04-01 08:31:04,840 urllib3.connectionpool DEBUG    Starting new HTTP connection (1): 172.172.185.67:80
2025-04-01 08:31:05,724 urllib3.connectionpool DEBUG    http://172.172.185.67:80 "GET /krd_itc_wms/odata/standard.odata//AccumulationRegister_%D0%9E%D1%81%D1%82%D0%B0%D1%82%D0%BA%D0%B8%D0%92%D0%9F%D0%BE%D0%BB%D0%BB%D0%B5%D1%82%D0%B0%D1%85/Balance?$format=json&$expand=%D0%9D%D0%BE%D0%BC%D0%B5%D0%BD%D0%BA%D0%BB%D0%B0%D1%82%D1%83%D1%80%D0%B0/Parent,%20%D0%AF%D1%87%D0%B5%D0%B9%D0%BA%D0%B0%D0%A5%D1%80%D0%B0%D0%BD%D0%B5%D0%BD%D0%B8%D1%8F/%D0%A1%D0%BA%D0%BB%D0%B0%D0%B4,%20%D0%A1%D0%B5%D1%80%D0%B8%D1%8F%D0%9D%D0%BE%D0%BC%D0%B5%D0%BD%D0%BA%D0%BB%D0%B0%D1%82%D1%83%D1%80%D1%8B&$select=%D0%9D%D0%BE%D0%BC%D0%B5%D0%BD%D0%BA%D0%BB%D0%B0%D1%82%D1%83%D1%80%D0%B0/Code,%D0%9D%D0%BE%D0%BC%D0%B5%D0%BD%D0%BA%D0%BB%D0%B0%D1%82%D1%83%D1%80%D0%B0/Description,%D0%9D%D0%BE%D0%BC%D0%B5%D0%BD%D0%BA%D0%BB%D0%B0%D1%82%D1%83%D1%80%D0%B0/%D0%90%D1%80%D1%82%D0%B8%D0%BA%D1%83%D0%BB,%D0%9D%D0%BE%D0%BC%D0%B5%D0%BD%D0%BA%D0%BB%D0%B0%D1%82%D1%83%D1%80%D0%B0/Parent/Description,%D0%9A%D0%BE%D0%BB%D0%B8%D1%87%D0%B5%D1%81%D1%82%D0%B2%D0%BEBalance,%D0%A1%D0%B5%D1%80%D0%B8%D1%8F%D0%9D%D0%BE%D0%BC%D0%B5%D0%BD%D0%BA%D0%BB%D0%B0%D1%82%D1%83%D1%80%D1%8B/%D0%94%D0%B0%D1%82%D0%B0%D0%9F%D1%80%D0%BE%D0%B8%D0%B7%D0%B2%D0%BE%D0%B4%D1%81%D1%82%D0%B2%D0%B0,%D0%A1%D0%B5%D1%80%D0%B8%D1%8F%D0%9D%D0%BE%D0%BC%D0%B5%D0%BD%D0%BA%D0%BB%D0%B0%D1%82%D1%83%D1%80%D1%8B/%D0%93%D0%BE%D0%B4%D0%B5%D0%BD%D0%94%D0%BE,%D0%AF%D1%87%D0%B5%D0%B9%D0%BA%D0%B0%D0%A5%D1%80%D0%B0%D0%BD%D0%B5%D0%BD%D0%B8%D1%8F/%D0%A1%D0%BA%D0%BB%D0%B0%D0%B4/Description&$orderby=%D0%9D%D0%BE%D0%BC%D0%B5%D0%BD%D0%BA%D0%BB%D0%B0%D1%82%D1%83%D1%80%D0%B0/%D0%90%D1%80%D1%82%D0%B8%D0%BA%D1%83%D0%BB&$filter=%D0%9D%D0%BE%D0%BC%D0%B5%D0%BD%D0%BA%D0%BB%D0%B0%D1%82%D1%83%D1%80%D0%B0/Parent/Code%20eq%20'391226' HTTP/1.1" 200 315685
2025-04-01 08:32:43,579 urllib3.connectionpool DEBUG    Starting new HTTP connection (1): 172.172.185.67:80
2025-04-01 08:32:47,320 urllib3.connectionpool DEBUG    Starting new HTTP connection (1): 172.172.185.67:80
2025-04-01 08:32:47,326 urllib3.connectionpool DEBUG    http://172.172.185.67:80 "GET /krd_itc_wms/odata/standard.odata//AccumulationRegister_%D0%9E%D1%81%D1%82%D0%B0%D1%82%D0%BA%D0%B8%D0%92%D0%9F%D0%BE%D0%BB%D0%BB%D0%B5%D1%82%D0%B0%D1%85/Balance?$format=json&$expand=%D0%9D%D0%BE%D0%BC%D0%B5%D0%BD%D0%BA%D0%BB%D0%B0%D1%82%D1%83%D1%80%D0%B0/Parent,%20%D0%AF%D1%87%D0%B5%D0%B9%D0%BA%D0%B0%D0%A5%D1%80%D0%B0%D0%BD%D0%B5%D0%BD%D0%B8%D1%8F/%D0%A1%D0%BA%D0%BB%D0%B0%D0%B4,%20%D0%A1%D0%B5%D1%80%D0%B8%D1%8F%D0%9D%D0%BE%D0%BC%D0%B5%D0%BD%D0%BA%D0%BB%D0%B0%D1%82%D1%83%D1%80%D1%8B&$select=%D0%9D%D0%BE%D0%BC%D0%B5%D0%BD%D0%BA%D0%BB%D0%B0%D1%82%D1%83%D1%80%D0%B0/Code,%D0%9D%D0%BE%D0%BC%D0%B5%D0%BD%D0%BA%D0%BB%D0%B0%D1%82%D1%83%D1%80%D0%B0/Description,%D0%9D%D0%BE%D0%BC%D0%B5%D0%BD%D0%BA%D0%BB%D0%B0%D1%82%D1%83%D1%80%D0%B0/%D0%90%D1%80%D1%82%D0%B8%D0%BA%D1%83%D0%BB,%D0%9D%D0%BE%D0%BC%D0%B5%D0%BD%D0%BA%D0%BB%D0%B0%D1%82%D1%83%D1%80%D0%B0/Parent/Description,%D0%9A%D0%BE%D0%BB%D0%B8%D1%87%D0%B5%D1%81%D1%82%D0%B2%D0%BEBalance,%D0%A1%D0%B5%D1%80%D0%B8%D1%8F%D0%9D%D0%BE%D0%BC%D0%B5%D0%BD%D0%BA%D0%BB%D0%B0%D1%82%D1%83%D1%80%D1%8B/%D0%94%D0%B0%D1%82%D0%B0%D0%9F%D1%80%D0%BE%D0%B8%D0%B7%D0%B2%D0%BE%D0%B4%D1%81%D1%82%D0%B2%D0%B0,%D0%A1%D0%B5%D1%80%D0%B8%D1%8F%D0%9D%D0%BE%D0%BC%D0%B5%D0%BD%D0%BA%D0%BB%D0%B0%D1%82%D1%83%D1%80%D1%8B/%D0%93%D0%BE%D0%B4%D0%B5%D0%BD%D0%94%D0%BE,%D0%AF%D1%87%D0%B5%D0%B9%D0%BA%D0%B0%D0%A5%D1%80%D0%B0%D0%BD%D0%B5%D0%BD%D0%B8%D1%8F/%D0%A1%D0%BA%D0%BB%D0%B0%D0%B4/Description&$orderby=%D0%9D%D0%BE%D0%BC%D0%B5%D0%BD%D0%BA%D0%BB%D0%B0%D1%82%D1%83%D1%80%D0%B0/%D0%90%D1%80%D1%82%D0%B8%D0%BA%D1%83%D0%BB&$filter=%D0%9D%D0%BE%D0%BC%D0%B5%D0%BD%D0%BA%D0%BB%D0%B0%D1%82%D1%83%D1%80%D0%B0/Parent/Code%20eq%20'391291' HTTP/1.1" 200 719304
2025-04-01 08:32:48,188 urllib3.connectionpool DEBUG    http://172.172.185.67:80 "GET /krd_itc_wms/odata/standard.odata//AccumulationRegister_%D0%9E%D1%81%D1%82%D0%B0%D1%82%D0%BA%D0%B8%D0%92%D0%9F%D0%BE%D0%BB%D0%BB%D0%B5%D1%82%D0%B0%D1%85/Balance?$format=json&$expand=%D0%9D%D0%BE%D0%BC%D0%B5%D0%BD%D0%BA%D0%BB%D0%B0%D1%82%D1%83%D1%80%D0%B0/Parent,%20%D0%AF%D1%87%D0%B5%D0%B9%D0%BA%D0%B0%D0%A5%D1%80%D0%B0%D0%BD%D0%B5%D0%BD%D0%B8%D1%8F/%D0%A1%D0%BA%D0%BB%D0%B0%D0%B4,%20%D0%A1%D0%B5%D1%80%D0%B8%D1%8F%D0%9D%D0%BE%D0%BC%D0%B5%D0%BD%D0%BA%D0%BB%D0%B0%D1%82%D1%83%D1%80%D1%8B&$select=%D0%9D%D0%BE%D0%BC%D0%B5%D0%BD%D0%BA%D0%BB%D0%B0%D1%82%D1%83%D1%80%D0%B0/Code,%D0%9D%D0%BE%D0%BC%D0%B5%D0%BD%D0%BA%D0%BB%D0%B0%D1%82%D1%83%D1%80%D0%B0/Description,%D0%9D%D0%BE%D0%BC%D0%B5%D0%BD%D0%BA%D0%BB%D0%B0%D1%82%D1%83%D1%80%D0%B0/%D0%90%D1%80%D1%82%D0%B8%D0%BA%D1%83%D0%BB,%D0%9D%D0%BE%D0%BC%D0%B5%D0%BD%D0%BA%D0%BB%D0%B0%D1%82%D1%83%D1%80%D0%B0/Parent/Description,%D0%9A%D0%BE%D0%BB%D0%B8%D1%87%D0%B5%D1%81%D1%82%D0%B2%D0%BEBalance,%D0%A1%D0%B5%D1%80%D0%B8%D1%8F%D0%9D%D0%BE%D0%BC%D0%B5%D0%BD%D0%BA%D0%BB%D0%B0%D1%82%D1%83%D1%80%D1%8B/%D0%94%D0%B0%D1%82%D0%B0%D0%9F%D1%80%D0%BE%D0%B8%D0%B7%D0%B2%D0%BE%D0%B4%D1%81%D1%82%D0%B2%D0%B0,%D0%A1%D0%B5%D1%80%D0%B8%D1%8F%D0%9D%D0%BE%D0%BC%D0%B5%D0%BD%D0%BA%D0%BB%D0%B0%D1%82%D1%83%D1%80%D1%8B/%D0%93%D0%BE%D0%B4%D0%B5%D0%BD%D0%94%D0%BE,%D0%AF%D1%87%D0%B5%D0%B9%D0%BA%D0%B0%D0%A5%D1%80%D0%B0%D0%BD%D0%B5%D0%BD%D0%B8%D1%8F/%D0%A1%D0%BA%D0%BB%D0%B0%D0%B4/Description&$orderby=%D0%9D%D0%BE%D0%BC%D0%B5%D0%BD%D0%BA%D0%BB%D0%B0%D1%82%D1%83%D1%80%D0%B0/%D0%90%D1%80%D1%82%D0%B8%D0%BA%D1%83%D0%BB&$filter=%D0%9D%D0%BE%D0%BC%D0%B5%D0%BD%D0%BA%D0%BB%D0%B0%D1%82%D1%83%D1%80%D0%B0/Parent/Code%20eq%20'391291' HTTP/1.1" 200 719304
2025-04-01 08:34:40,164 django.request WARNING  Not Found: /favicon.ico
2025-04-01 10:17:50,585 urllib3.connectionpool DEBUG    Starting new HTTP connection (1): 172.172.185.67:80
2025-04-01 10:17:51,136 urllib3.connectionpool DEBUG    http://172.172.185.67:80 "GET /krd_itc_wms/odata/standard.odata//AccumulationRegister_%D0%9E%D1%81%D1%82%D0%B0%D1%82%D0%BA%D0%B8%D0%92%D0%9F%D0%BE%D0%BB%D0%BB%D0%B5%D1%82%D0%B0%D1%85/Balance?$format=json&$expand=%D0%9D%D0%BE%D0%BC%D0%B5%D0%BD%D0%BA%D0%BB%D0%B0%D1%82%D1%83%D1%80%D0%B0/Parent,%20%D0%AF%D1%87%D0%B5%D0%B9%D0%BA%D0%B0%D0%A5%D1%80%D0%B0%D0%BD%D0%B5%D0%BD%D0%B8%D1%8F/%D0%A1%D0%BA%D0%BB%D0%B0%D0%B4,%20%D0%A1%D0%B5%D1%80%D0%B8%D1%8F%D0%9D%D0%BE%D0%BC%D0%B5%D0%BD%D0%BA%D0%BB%D0%B0%D1%82%D1%83%D1%80%D1%8B&$select=%D0%9D%D0%BE%D0%BC%D0%B5%D0%BD%D0%BA%D0%BB%D0%B0%D1%82%D1%83%D1%80%D0%B0/Code,%D0%9D%D0%BE%D0%BC%D0%B5%D0%BD%D0%BA%D0%BB%D0%B0%D1%82%D1%83%D1%80%D0%B0/Description,%D0%9D%D0%BE%D0%BC%D0%B5%D0%BD%D0%BA%D0%BB%D0%B0%D1%82%D1%83%D1%80%D0%B0/%D0%90%D1%80%D1%82%D0%B8%D0%BA%D1%83%D0%BB,%D0%9D%D0%BE%D0%BC%D0%B5%D0%BD%D0%BA%D0%BB%D0%B0%D1%82%D1%83%D1%80%D0%B0/Parent/Description,%D0%9A%D0%BE%D0%BB%D0%B8%D1%87%D0%B5%D1%81%D1%82%D0%B2%D0%BEBalance,%D0%A1%D0%B5%D1%80%D0%B8%D1%8F%D0%9D%D0%BE%D0%BC%D0%B5%D0%BD%D0%BA%D0%BB%D0%B0%D1%82%D1%83%D1%80%D1%8B/%D0%94%D0%B0%D1%82%D0%B0%D0%9F%D1%80%D0%BE%D0%B8%D0%B7%D0%B2%D0%BE%D0%B4%D1%81%D1%82%D0%B2%D0%B0,%D0%A1%D0%B5%D1%80%D0%B8%D1%8F%D0%9D%D0%BE%D0%BC%D0%B5%D0%BD%D0%BA%D0%BB%D0%B0%D1%82%D1%83%D1%80%D1%8B/%D0%93%D0%BE%D0%B4%D0%B5%D0%BD%D0%94%D0%BE,%D0%AF%D1%87%D0%B5%D0%B9%D0%BA%D0%B0%D0%A5%D1%80%D0%B0%D0%BD%D0%B5%D0%BD%D0%B8%D1%8F/%D0%A1%D0%BA%D0%BB%D0%B0%D0%B4/Description&$orderby=%D0%9D%D0%BE%D0%BC%D0%B5%D0%BD%D0%BA%D0%BB%D0%B0%D1%82%D1%83%D1%80%D0%B0/%D0%90%D1%80%D1%82%D0%B8%D0%BA%D1%83%D0%BB&$filter=%D0%9D%D0%BE%D0%BC%D0%B5%D0%BD%D0%BA%D0%BB%D0%B0%D1%82%D1%83%D1%80%D0%B0/Parent/Code%20eq%20'391291' HTTP/1.1" 200 719304
2025-04-01 11:06:17,369 urllib3.connectionpool DEBUG    Starting new HTTP connection (1): 172.172.185.67:80
2025-04-01 11:06:21,457 urllib3.connectionpool DEBUG    http://172.172.185.67:80 "GET /krd_itc_wms/odata/standard.odata//AccumulationRegister_%D0%9E%D1%81%D1%82%D0%B0%D1%82%D0%BA%D0%B8%D0%92%D0%9F%D0%BE%D0%BB%D0%BB%D0%B5%D1%82%D0%B0%D1%85/Balance?$format=json&$expand=%D0%9D%D0%BE%D0%BC%D0%B5%D0%BD%D0%BA%D0%BB%D0%B0%D1%82%D1%83%D1%80%D0%B0/Parent,%20%D0%AF%D1%87%D0%B5%D0%B9%D0%BA%D0%B0%D0%A5%D1%80%D0%B0%D0%BD%D0%B5%D0%BD%D0%B8%D1%8F/%D0%A1%D0%BA%D0%BB%D0%B0%D0%B4,%20%D0%A1%D0%B5%D1%80%D0%B8%D1%8F%D0%9D%D0%BE%D0%BC%D0%B5%D0%BD%D0%BA%D0%BB%D0%B0%D1%82%D1%83%D1%80%D1%8B&$select=%D0%9D%D0%BE%D0%BC%D0%B5%D0%BD%D0%BA%D0%BB%D0%B0%D1%82%D1%83%D1%80%D0%B0/Code,%D0%9D%D0%BE%D0%BC%D0%B5%D0%BD%D0%BA%D0%BB%D0%B0%D1%82%D1%83%D1%80%D0%B0/Description,%D0%9D%D0%BE%D0%BC%D0%B5%D0%BD%D0%BA%D0%BB%D0%B0%D1%82%D1%83%D1%80%D0%B0/%D0%90%D1%80%D1%82%D0%B8%D0%BA%D1%83%D0%BB,%D0%9D%D0%BE%D0%BC%D0%B5%D0%BD%D0%BA%D0%BB%D0%B0%D1%82%D1%83%D1%80%D0%B0/Parent/Description,%D0%9A%D0%BE%D0%BB%D0%B8%D1%87%D0%B5%D1%81%D1%82%D0%B2%D0%BEBalance,%D0%A1%D0%B5%D1%80%D0%B8%D1%8F%D0%9D%D0%BE%D0%BC%D0%B5%D0%BD%D0%BA%D0%BB%D0%B0%D1%82%D1%83%D1%80%D1%8B/%D0%94%D0%B0%D1%82%D0%B0%D0%9F%D1%80%D0%BE%D0%B8%D0%B7%D0%B2%D0%BE%D0%B4%D1%81%D1%82%D0%B2%D0%B0,%D0%A1%D0%B5%D1%80%D0%B8%D1%8F%D0%9D%D0%BE%D0%BC%D0%B5%D0%BD%D0%BA%D0%BB%D0%B0%D1%82%D1%83%D1%80%D1%8B/%D0%93%D0%BE%D0%B4%D0%B5%D0%BD%D0%94%D0%BE,%D0%AF%D1%87%D0%B5%D0%B9%D0%BA%D0%B0%D0%A5%D1%80%D0%B0%D0%BD%D0%B5%D0%BD%D0%B8%D1%8F/%D0%A1%D0%BA%D0%BB%D0%B0%D0%B4/Description&$orderby=%D0%9D%D0%BE%D0%BC%D0%B5%D0%BD%D0%BA%D0%BB%D0%B0%D1%82%D1%83%D1%80%D0%B0/%D0%90%D1%80%D1%82%D0%B8%D0%BA%D1%83%D0%BB&$filter=%D0%9D%D0%BE%D0%BC%D0%B5%D0%BD%D0%BA%D0%BB%D0%B0%D1%82%D1%83%D1%80%D0%B0/Parent/Code%20eq%20'391291' HTTP/1.1" 200 728708
2025-04-01 11:22:29,467 django.request WARNING  Not Found: /favicon.ico
2025-04-01 13:47:45,014 urllib3.connectionpool DEBUG    Starting new HTTP connection (1): 172.172.185.67:80
2025-04-01 13:47:48,530 urllib3.connectionpool DEBUG    http://172.172.185.67:80 "GET /krd_itc_wms/odata/standard.odata//AccumulationRegister_%D0%9E%D1%81%D1%82%D0%B0%D1%82%D0%BA%D0%B8%D0%92%D0%9F%D0%BE%D0%BB%D0%BB%D0%B5%D1%82%D0%B0%D1%85/Balance?$format=json&$expand=%D0%9D%D0%BE%D0%BC%D0%B5%D0%BD%D0%BA%D0%BB%D0%B0%D1%82%D1%83%D1%80%D0%B0/Parent,%20%D0%AF%D1%87%D0%B5%D0%B9%D0%BA%D0%B0%D0%A5%D1%80%D0%B0%D0%BD%D0%B5%D0%BD%D0%B8%D1%8F/%D0%A1%D0%BA%D0%BB%D0%B0%D0%B4,%20%D0%A1%D0%B5%D1%80%D0%B8%D1%8F%D0%9D%D0%BE%D0%BC%D0%B5%D0%BD%D0%BA%D0%BB%D0%B0%D1%82%D1%83%D1%80%D1%8B&$select=%D0%9D%D0%BE%D0%BC%D0%B5%D0%BD%D0%BA%D0%BB%D0%B0%D1%82%D1%83%D1%80%D0%B0/Code,%D0%9D%D0%BE%D0%BC%D0%B5%D0%BD%D0%BA%D0%BB%D0%B0%D1%82%D1%83%D1%80%D0%B0/Description,%D0%9D%D0%BE%D0%BC%D0%B5%D0%BD%D0%BA%D0%BB%D0%B0%D1%82%D1%83%D1%80%D0%B0/%D0%90%D1%80%D1%82%D0%B8%D0%BA%D1%83%D0%BB,%D0%9D%D0%BE%D0%BC%D0%B5%D0%BD%D0%BA%D0%BB%D0%B0%D1%82%D1%83%D1%80%D0%B0/Parent/Description,%D0%9A%D0%BE%D0%BB%D0%B8%D1%87%D0%B5%D1%81%D1%82%D0%B2%D0%BEBalance,%D0%A1%D0%B5%D1%80%D0%B8%D1%8F%D0%9D%D0%BE%D0%BC%D0%B5%D0%BD%D0%BA%D0%BB%D0%B0%D1%82%D1%83%D1%80%D1%8B/%D0%94%D0%B0%D1%82%D0%B0%D0%9F%D1%80%D0%BE%D0%B8%D0%B7%D0%B2%D0%BE%D0%B4%D1%81%D1%82%D0%B2%D0%B0,%D0%A1%D0%B5%D1%80%D0%B8%D1%8F%D0%9D%D0%BE%D0%BC%D0%B5%D0%BD%D0%BA%D0%BB%D0%B0%D1%82%D1%83%D1%80%D1%8B/%D0%93%D0%BE%D0%B4%D0%B5%D0%BD%D0%94%D0%BE,%D0%AF%D1%87%D0%B5%D0%B9%D0%BA%D0%B0%D0%A5%D1%80%D0%B0%D0%BD%D0%B5%D0%BD%D0%B8%D1%8F/%D0%A1%D0%BA%D0%BB%D0%B0%D0%B4/Description&$orderby=%D0%9D%D0%BE%D0%BC%D0%B5%D0%BD%D0%BA%D0%BB%D0%B0%D1%82%D1%83%D1%80%D0%B0/%D0%90%D1%80%D1%82%D0%B8%D0%BA%D1%83%D0%BB&$filter=%D0%9D%D0%BE%D0%BC%D0%B5%D0%BD%D0%BA%D0%BB%D0%B0%D1%82%D1%83%D1%80%D0%B0/Parent/Code%20eq%20'391291' HTTP/1.1" 200 767625
2025-04-01 14:14:35,584 urllib3.connectionpool DEBUG    Starting new HTTP connection (1): 172.172.185.67:80
2025-04-01 14:14:39,219 urllib3.connectionpool DEBUG    http://172.172.185.67:80 "GET /krd_itc_wms/odata/standard.odata//AccumulationRegister_%D0%9E%D1%81%D1%82%D0%B0%D1%82%D0%BA%D0%B8%D0%92%D0%9F%D0%BE%D0%BB%D0%BB%D0%B5%D1%82%D0%B0%D1%85/Balance?$format=json&$expand=%D0%9D%D0%BE%D0%BC%D0%B5%D0%BD%D0%BA%D0%BB%D0%B0%D1%82%D1%83%D1%80%D0%B0/Parent,%20%D0%AF%D1%87%D0%B5%D0%B9%D0%BA%D0%B0%D0%A5%D1%80%D0%B0%D0%BD%D0%B5%D0%BD%D0%B8%D1%8F/%D0%A1%D0%BA%D0%BB%D0%B0%D0%B4,%20%D0%A1%D0%B5%D1%80%D0%B8%D1%8F%D0%9D%D0%BE%D0%BC%D0%B5%D0%BD%D0%BA%D0%BB%D0%B0%D1%82%D1%83%D1%80%D1%8B&$select=%D0%9D%D0%BE%D0%BC%D0%B5%D0%BD%D0%BA%D0%BB%D0%B0%D1%82%D1%83%D1%80%D0%B0/Code,%D0%9D%D0%BE%D0%BC%D0%B5%D0%BD%D0%BA%D0%BB%D0%B0%D1%82%D1%83%D1%80%D0%B0/Description,%D0%9D%D0%BE%D0%BC%D0%B5%D0%BD%D0%BA%D0%BB%D0%B0%D1%82%D1%83%D1%80%D0%B0/%D0%90%D1%80%D1%82%D0%B8%D0%BA%D1%83%D0%BB,%D0%9D%D0%BE%D0%BC%D0%B5%D0%BD%D0%BA%D0%BB%D0%B0%D1%82%D1%83%D1%80%D0%B0/Parent/Description,%D0%9A%D0%BE%D0%BB%D0%B8%D1%87%D0%B5%D1%81%D1%82%D0%B2%D0%BEBalance,%D0%A1%D0%B5%D1%80%D0%B8%D1%8F%D0%9D%D0%BE%D0%BC%D0%B5%D0%BD%D0%BA%D0%BB%D0%B0%D1%82%D1%83%D1%80%D1%8B/%D0%94%D0%B0%D1%82%D0%B0%D0%9F%D1%80%D0%BE%D0%B8%D0%B7%D0%B2%D0%BE%D0%B4%D1%81%D1%82%D0%B2%D0%B0,%D0%A1%D0%B5%D1%80%D0%B8%D1%8F%D0%9D%D0%BE%D0%BC%D0%B5%D0%BD%D0%BA%D0%BB%D0%B0%D1%82%D1%83%D1%80%D1%8B/%D0%93%D0%BE%D0%B4%D0%B5%D0%BD%D0%94%D0%BE,%D0%AF%D1%87%D0%B5%D0%B9%D0%BA%D0%B0%D0%A5%D1%80%D0%B0%D0%BD%D0%B5%D0%BD%D0%B8%D1%8F/%D0%A1%D0%BA%D0%BB%D0%B0%D0%B4/Description&$orderby=%D0%9D%D0%BE%D0%BC%D0%B5%D0%BD%D0%BA%D0%BB%D0%B0%D1%82%D1%83%D1%80%D0%B0/%D0%90%D1%80%D1%82%D0%B8%D0%BA%D1%83%D0%BB&$filter=%D0%9D%D0%BE%D0%BC%D0%B5%D0%BD%D0%BA%D0%BB%D0%B0%D1%82%D1%83%D1%80%D0%B0/Parent/Code%20eq%20'391291' HTTP/1.1" 200 767625
2025-04-01 14:58:28,371 urllib3.connectionpool DEBUG    Starting new HTTP connection (1): 172.172.185.67:80
2025-04-01 14:58:32,417 urllib3.connectionpool DEBUG    http://172.172.185.67:80 "GET /krd_itc_wms/odata/standard.odata//AccumulationRegister_%D0%9E%D1%81%D1%82%D0%B0%D1%82%D0%BA%D0%B8%D0%92%D0%9F%D0%BE%D0%BB%D0%BB%D0%B5%D1%82%D0%B0%D1%85/Balance?$format=json&$expand=%D0%9D%D0%BE%D0%BC%D0%B5%D0%BD%D0%BA%D0%BB%D0%B0%D1%82%D1%83%D1%80%D0%B0/Parent,%20%D0%AF%D1%87%D0%B5%D0%B9%D0%BA%D0%B0%D0%A5%D1%80%D0%B0%D0%BD%D0%B5%D0%BD%D0%B8%D1%8F/%D0%A1%D0%BA%D0%BB%D0%B0%D0%B4,%20%D0%A1%D0%B5%D1%80%D0%B8%D1%8F%D0%9D%D0%BE%D0%BC%D0%B5%D0%BD%D0%BA%D0%BB%D0%B0%D1%82%D1%83%D1%80%D1%8B&$select=%D0%9D%D0%BE%D0%BC%D0%B5%D0%BD%D0%BA%D0%BB%D0%B0%D1%82%D1%83%D1%80%D0%B0/Code,%D0%9D%D0%BE%D0%BC%D0%B5%D0%BD%D0%BA%D0%BB%D0%B0%D1%82%D1%83%D1%80%D0%B0/Description,%D0%9D%D0%BE%D0%BC%D0%B5%D0%BD%D0%BA%D0%BB%D0%B0%D1%82%D1%83%D1%80%D0%B0/%D0%90%D1%80%D1%82%D0%B8%D0%BA%D1%83%D0%BB,%D0%9D%D0%BE%D0%BC%D0%B5%D0%BD%D0%BA%D0%BB%D0%B0%D1%82%D1%83%D1%80%D0%B0/Parent/Description,%D0%9A%D0%BE%D0%BB%D0%B8%D1%87%D0%B5%D1%81%D1%82%D0%B2%D0%BEBalance,%D0%A1%D0%B5%D1%80%D0%B8%D1%8F%D0%9D%D0%BE%D0%BC%D0%B5%D0%BD%D0%BA%D0%BB%D0%B0%D1%82%D1%83%D1%80%D1%8B/%D0%94%D0%B0%D1%82%D0%B0%D0%9F%D1%80%D0%BE%D0%B8%D0%B7%D0%B2%D0%BE%D0%B4%D1%81%D1%82%D0%B2%D0%B0,%D0%A1%D0%B5%D1%80%D0%B8%D1%8F%D0%9D%D0%BE%D0%BC%D0%B5%D0%BD%D0%BA%D0%BB%D0%B0%D1%82%D1%83%D1%80%D1%8B/%D0%93%D0%BE%D0%B4%D0%B5%D0%BD%D0%94%D0%BE,%D0%AF%D1%87%D0%B5%D0%B9%D0%BA%D0%B0%D0%A5%D1%80%D0%B0%D0%BD%D0%B5%D0%BD%D0%B8%D1%8F/%D0%A1%D0%BA%D0%BB%D0%B0%D0%B4/Description&$orderby=%D0%9D%D0%BE%D0%BC%D0%B5%D0%BD%D0%BA%D0%BB%D0%B0%D1%82%D1%83%D1%80%D0%B0/%D0%90%D1%80%D1%82%D0%B8%D0%BA%D1%83%D0%BB&$filter=%D0%9D%D0%BE%D0%BC%D0%B5%D0%BD%D0%BA%D0%BB%D0%B0%D1%82%D1%83%D1%80%D0%B0/Parent/Code%20eq%20'391291' HTTP/1.1" 200 790361
2025-04-01 15:11:11,613 django.request WARNING  Not Found: /favicon.ico
2025-04-01 15:12:08,082 urllib3.connectionpool DEBUG    Starting new HTTP connection (1): 172.172.185.67:80
2025-04-01 15:12:11,829 urllib3.connectionpool DEBUG    http://172.172.185.67:80 "GET /krd_itc_wms/odata/standard.odata//AccumulationRegister_%D0%9E%D1%81%D1%82%D0%B0%D1%82%D0%BA%D0%B8%D0%92%D0%9F%D0%BE%D0%BB%D0%BB%D0%B5%D1%82%D0%B0%D1%85/Balance?$format=json&$expand=%D0%9D%D0%BE%D0%BC%D0%B5%D0%BD%D0%BA%D0%BB%D0%B0%D1%82%D1%83%D1%80%D0%B0/Parent,%20%D0%AF%D1%87%D0%B5%D0%B9%D0%BA%D0%B0%D0%A5%D1%80%D0%B0%D0%BD%D0%B5%D0%BD%D0%B8%D1%8F/%D0%A1%D0%BA%D0%BB%D0%B0%D0%B4,%20%D0%A1%D0%B5%D1%80%D0%B8%D1%8F%D0%9D%D0%BE%D0%BC%D0%B5%D0%BD%D0%BA%D0%BB%D0%B0%D1%82%D1%83%D1%80%D1%8B&$select=%D0%9D%D0%BE%D0%BC%D0%B5%D0%BD%D0%BA%D0%BB%D0%B0%D1%82%D1%83%D1%80%D0%B0/Code,%D0%9D%D0%BE%D0%BC%D0%B5%D0%BD%D0%BA%D0%BB%D0%B0%D1%82%D1%83%D1%80%D0%B0/Description,%D0%9D%D0%BE%D0%BC%D0%B5%D0%BD%D0%BA%D0%BB%D0%B0%D1%82%D1%83%D1%80%D0%B0/%D0%90%D1%80%D1%82%D0%B8%D0%BA%D1%83%D0%BB,%D0%9D%D0%BE%D0%BC%D0%B5%D0%BD%D0%BA%D0%BB%D0%B0%D1%82%D1%83%D1%80%D0%B0/Parent/Description,%D0%9A%D0%BE%D0%BB%D0%B8%D1%87%D0%B5%D1%81%D1%82%D0%B2%D0%BEBalance,%D0%A1%D0%B5%D1%80%D0%B8%D1%8F%D0%9D%D0%BE%D0%BC%D0%B5%D0%BD%D0%BA%D0%BB%D0%B0%D1%82%D1%83%D1%80%D1%8B/%D0%94%D0%B0%D1%82%D0%B0%D0%9F%D1%80%D0%BE%D0%B8%D0%B7%D0%B2%D0%BE%D0%B4%D1%81%D1%82%D0%B2%D0%B0,%D0%A1%D0%B5%D1%80%D0%B8%D1%8F%D0%9D%D0%BE%D0%BC%D0%B5%D0%BD%D0%BA%D0%BB%D0%B0%D1%82%D1%83%D1%80%D1%8B/%D0%93%D0%BE%D0%B4%D0%B5%D0%BD%D0%94%D0%BE,%D0%AF%D1%87%D0%B5%D0%B9%D0%BA%D0%B0%D0%A5%D1%80%D0%B0%D0%BD%D0%B5%D0%BD%D0%B8%D1%8F/%D0%A1%D0%BA%D0%BB%D0%B0%D0%B4/Description&$orderby=%D0%9D%D0%BE%D0%BC%D0%B5%D0%BD%D0%BA%D0%BB%D0%B0%D1%82%D1%83%D1%80%D0%B0/%D0%90%D1%80%D1%82%D0%B8%D0%BA%D1%83%D0%BB&$filter=%D0%9D%D0%BE%D0%BC%D0%B5%D0%BD%D0%BA%D0%BB%D0%B0%D1%82%D1%83%D1%80%D0%B0/Parent/Code%20eq%20'304903' HTTP/1.1" 200 206535
2025-04-01 15:12:27,066 urllib3.connectionpool DEBUG    Starting new HTTP connection (1): 172.172.185.67:80
2025-04-01 15:12:27,409 urllib3.connectionpool DEBUG    http://172.172.185.67:80 "GET /krd_itc_wms/odata/standard.odata//AccumulationRegister_%D0%9E%D1%81%D1%82%D0%B0%D1%82%D0%BA%D0%B8%D0%92%D0%9F%D0%BE%D0%BB%D0%BB%D0%B5%D1%82%D0%B0%D1%85/Balance?$format=json&$expand=%D0%9D%D0%BE%D0%BC%D0%B5%D0%BD%D0%BA%D0%BB%D0%B0%D1%82%D1%83%D1%80%D0%B0/Parent,%20%D0%AF%D1%87%D0%B5%D0%B9%D0%BA%D0%B0%D0%A5%D1%80%D0%B0%D0%BD%D0%B5%D0%BD%D0%B8%D1%8F/%D0%A1%D0%BA%D0%BB%D0%B0%D0%B4,%20%D0%A1%D0%B5%D1%80%D0%B8%D1%8F%D0%9D%D0%BE%D0%BC%D0%B5%D0%BD%D0%BA%D0%BB%D0%B0%D1%82%D1%83%D1%80%D1%8B&$select=%D0%9D%D0%BE%D0%BC%D0%B5%D0%BD%D0%BA%D0%BB%D0%B0%D1%82%D1%83%D1%80%D0%B0/Code,%D0%9D%D0%BE%D0%BC%D0%B5%D0%BD%D0%BA%D0%BB%D0%B0%D1%82%D1%83%D1%80%D0%B0/Description,%D0%9D%D0%BE%D0%BC%D0%B5%D0%BD%D0%BA%D0%BB%D0%B0%D1%82%D1%83%D1%80%D0%B0/%D0%90%D1%80%D1%82%D0%B8%D0%BA%D1%83%D0%BB,%D0%9D%D0%BE%D0%BC%D0%B5%D0%BD%D0%BA%D0%BB%D0%B0%D1%82%D1%83%D1%80%D0%B0/Parent/Description,%D0%9A%D0%BE%D0%BB%D0%B8%D1%87%D0%B5%D1%81%D1%82%D0%B2%D0%BEBalance,%D0%A1%D0%B5%D1%80%D0%B8%D1%8F%D0%9D%D0%BE%D0%BC%D0%B5%D0%BD%D0%BA%D0%BB%D0%B0%D1%82%D1%83%D1%80%D1%8B/%D0%94%D0%B0%D1%82%D0%B0%D0%9F%D1%80%D0%BE%D0%B8%D0%B7%D0%B2%D0%BE%D0%B4%D1%81%D1%82%D0%B2%D0%B0,%D0%A1%D0%B5%D1%80%D0%B8%D1%8F%D0%9D%D0%BE%D0%BC%D0%B5%D0%BD%D0%BA%D0%BB%D0%B0%D1%82%D1%83%D1%80%D1%8B/%D0%93%D0%BE%D0%B4%D0%B5%D0%BD%D0%94%D0%BE,%D0%AF%D1%87%D0%B5%D0%B9%D0%BA%D0%B0%D0%A5%D1%80%D0%B0%D0%BD%D0%B5%D0%BD%D0%B8%D1%8F/%D0%A1%D0%BA%D0%BB%D0%B0%D0%B4/Description&$orderby=%D0%9D%D0%BE%D0%BC%D0%B5%D0%BD%D0%BA%D0%BB%D0%B0%D1%82%D1%83%D1%80%D0%B0/%D0%90%D1%80%D1%82%D0%B8%D0%BA%D1%83%D0%BB&$filter=%D0%9D%D0%BE%D0%BC%D0%B5%D0%BD%D0%BA%D0%BB%D0%B0%D1%82%D1%83%D1%80%D0%B0/Parent/Code%20eq%20'304903' HTTP/1.1" 200 206535
2025-04-01 16:45:52,714 django.request WARNING  Not Found: /favicon.ico
2025-04-01 16:46:47,280 urllib3.connectionpool DEBUG    Starting new HTTP connection (1): 172.172.185.67:80
2025-04-01 16:46:55,357 urllib3.connectionpool DEBUG    http://172.172.185.67:80 "POST /krd_itc_wms/ru_RU/hs/PutData HTTP/1.1" 200 262
2025-04-01 16:55:51,011 urllib3.connectionpool DEBUG    Starting new HTTP connection (1): 172.172.185.67:80
2025-04-01 16:55:55,313 urllib3.connectionpool DEBUG    http://172.172.185.67:80 "GET /krd_itc_wms/odata/standard.odata//AccumulationRegister_%D0%9E%D1%81%D1%82%D0%B0%D1%82%D0%BA%D0%B8%D0%92%D0%9F%D0%BE%D0%BB%D0%BB%D0%B5%D1%82%D0%B0%D1%85/Balance?$format=json&$expand=%D0%9D%D0%BE%D0%BC%D0%B5%D0%BD%D0%BA%D0%BB%D0%B0%D1%82%D1%83%D1%80%D0%B0/Parent,%20%D0%AF%D1%87%D0%B5%D0%B9%D0%BA%D0%B0%D0%A5%D1%80%D0%B0%D0%BD%D0%B5%D0%BD%D0%B8%D1%8F/%D0%A1%D0%BA%D0%BB%D0%B0%D0%B4,%20%D0%A1%D0%B5%D1%80%D0%B8%D1%8F%D0%9D%D0%BE%D0%BC%D0%B5%D0%BD%D0%BA%D0%BB%D0%B0%D1%82%D1%83%D1%80%D1%8B&$select=%D0%9D%D0%BE%D0%BC%D0%B5%D0%BD%D0%BA%D0%BB%D0%B0%D1%82%D1%83%D1%80%D0%B0/Code,%D0%9D%D0%BE%D0%BC%D0%B5%D0%BD%D0%BA%D0%BB%D0%B0%D1%82%D1%83%D1%80%D0%B0/Description,%D0%9D%D0%BE%D0%BC%D0%B5%D0%BD%D0%BA%D0%BB%D0%B0%D1%82%D1%83%D1%80%D0%B0/%D0%90%D1%80%D1%82%D0%B8%D0%BA%D1%83%D0%BB,%D0%9D%D0%BE%D0%BC%D0%B5%D0%BD%D0%BA%D0%BB%D0%B0%D1%82%D1%83%D1%80%D0%B0/Parent/Description,%D0%9A%D0%BE%D0%BB%D0%B8%D1%87%D0%B5%D1%81%D1%82%D0%B2%D0%BEBalance,%D0%A1%D0%B5%D1%80%D0%B8%D1%8F%D0%9D%D0%BE%D0%BC%D0%B5%D0%BD%D0%BA%D0%BB%D0%B0%D1%82%D1%83%D1%80%D1%8B/%D0%94%D0%B0%D1%82%D0%B0%D0%9F%D1%80%D0%BE%D0%B8%D0%B7%D0%B2%D0%BE%D0%B4%D1%81%D1%82%D0%B2%D0%B0,%D0%A1%D0%B5%D1%80%D0%B8%D1%8F%D0%9D%D0%BE%D0%BC%D0%B5%D0%BD%D0%BA%D0%BB%D0%B0%D1%82%D1%83%D1%80%D1%8B/%D0%93%D0%BE%D0%B4%D0%B5%D0%BD%D0%94%D0%BE,%D0%AF%D1%87%D0%B5%D0%B9%D0%BA%D0%B0%D0%A5%D1%80%D0%B0%D0%BD%D0%B5%D0%BD%D0%B8%D1%8F/%D0%A1%D0%BA%D0%BB%D0%B0%D0%B4/Description&$orderby=%D0%9D%D0%BE%D0%BC%D0%B5%D0%BD%D0%BA%D0%BB%D0%B0%D1%82%D1%83%D1%80%D0%B0/%D0%90%D1%80%D1%82%D0%B8%D0%BA%D1%83%D0%BB&$filter=%D0%9D%D0%BE%D0%BC%D0%B5%D0%BD%D0%BA%D0%BB%D0%B0%D1%82%D1%83%D1%80%D0%B0/Parent/Code%20eq%20'391291' HTTP/1.1" 200 806387
2025-04-01 18:35:12,387 django.request WARNING  Not Found: /favicon.ico
2025-04-02 08:10:02,815 urllib3.connectionpool DEBUG    Starting new HTTP connection (1): 172.172.185.67:80
2025-04-02 08:10:06,250 urllib3.connectionpool DEBUG    http://172.172.185.67:80 "GET /krd_itc_wms/odata/standard.odata//AccumulationRegister_%D0%9E%D1%81%D1%82%D0%B0%D1%82%D0%BA%D0%B8%D0%92%D0%9F%D0%BE%D0%BB%D0%BB%D0%B5%D1%82%D0%B0%D1%85/Balance?$format=json&$expand=%D0%9D%D0%BE%D0%BC%D0%B5%D0%BD%D0%BA%D0%BB%D0%B0%D1%82%D1%83%D1%80%D0%B0/Parent,%20%D0%AF%D1%87%D0%B5%D0%B9%D0%BA%D0%B0%D0%A5%D1%80%D0%B0%D0%BD%D0%B5%D0%BD%D0%B8%D1%8F/%D0%A1%D0%BA%D0%BB%D0%B0%D0%B4,%20%D0%A1%D0%B5%D1%80%D0%B8%D1%8F%D0%9D%D0%BE%D0%BC%D0%B5%D0%BD%D0%BA%D0%BB%D0%B0%D1%82%D1%83%D1%80%D1%8B&$select=%D0%9D%D0%BE%D0%BC%D0%B5%D0%BD%D0%BA%D0%BB%D0%B0%D1%82%D1%83%D1%80%D0%B0/Code,%D0%9D%D0%BE%D0%BC%D0%B5%D0%BD%D0%BA%D0%BB%D0%B0%D1%82%D1%83%D1%80%D0%B0/Description,%D0%9D%D0%BE%D0%BC%D0%B5%D0%BD%D0%BA%D0%BB%D0%B0%D1%82%D1%83%D1%80%D0%B0/%D0%90%D1%80%D1%82%D0%B8%D0%BA%D1%83%D0%BB,%D0%9D%D0%BE%D0%BC%D0%B5%D0%BD%D0%BA%D0%BB%D0%B0%D1%82%D1%83%D1%80%D0%B0/Parent/Description,%D0%9A%D0%BE%D0%BB%D0%B8%D1%87%D0%B5%D1%81%D1%82%D0%B2%D0%BEBalance,%D0%A1%D0%B5%D1%80%D0%B8%D1%8F%D0%9D%D0%BE%D0%BC%D0%B5%D0%BD%D0%BA%D0%BB%D0%B0%D1%82%D1%83%D1%80%D1%8B/%D0%94%D0%B0%D1%82%D0%B0%D0%9F%D1%80%D0%BE%D0%B8%D0%B7%D0%B2%D0%BE%D0%B4%D1%81%D1%82%D0%B2%D0%B0,%D0%A1%D0%B5%D1%80%D0%B8%D1%8F%D0%9D%D0%BE%D0%BC%D0%B5%D0%BD%D0%BA%D0%BB%D0%B0%D1%82%D1%83%D1%80%D1%8B/%D0%93%D0%BE%D0%B4%D0%B5%D0%BD%D0%94%D0%BE,%D0%AF%D1%87%D0%B5%D0%B9%D0%BA%D0%B0%D0%A5%D1%80%D0%B0%D0%BD%D0%B5%D0%BD%D0%B8%D1%8F/%D0%A1%D0%BA%D0%BB%D0%B0%D0%B4/Description&$orderby=%D0%9D%D0%BE%D0%BC%D0%B5%D0%BD%D0%BA%D0%BB%D0%B0%D1%82%D1%83%D1%80%D0%B0/%D0%90%D1%80%D1%82%D0%B8%D0%BA%D1%83%D0%BB&$filter=%D0%9D%D0%BE%D0%BC%D0%B5%D0%BD%D0%BA%D0%BB%D0%B0%D1%82%D1%83%D1%80%D0%B0/Parent/Code%20eq%20'304903' HTTP/1.1" 200 201445
2025-04-02 08:10:27,547 urllib3.connectionpool DEBUG    Starting new HTTP connection (1): 172.172.185.67:80
2025-04-02 08:10:30,855 urllib3.connectionpool DEBUG    http://172.172.185.67:80 "GET /krd_itc_wms/odata/standard.odata//AccumulationRegister_%D0%9E%D1%81%D1%82%D0%B0%D1%82%D0%BA%D0%B8%D0%92%D0%9F%D0%BE%D0%BB%D0%BB%D0%B5%D1%82%D0%B0%D1%85/Balance?$format=json&$expand=%D0%9D%D0%BE%D0%BC%D0%B5%D0%BD%D0%BA%D0%BB%D0%B0%D1%82%D1%83%D1%80%D0%B0/Parent,%20%D0%AF%D1%87%D0%B5%D0%B9%D0%BA%D0%B0%D0%A5%D1%80%D0%B0%D0%BD%D0%B5%D0%BD%D0%B8%D1%8F/%D0%A1%D0%BA%D0%BB%D0%B0%D0%B4,%20%D0%A1%D0%B5%D1%80%D0%B8%D1%8F%D0%9D%D0%BE%D0%BC%D0%B5%D0%BD%D0%BA%D0%BB%D0%B0%D1%82%D1%83%D1%80%D1%8B&$select=%D0%9D%D0%BE%D0%BC%D0%B5%D0%BD%D0%BA%D0%BB%D0%B0%D1%82%D1%83%D1%80%D0%B0/Code,%D0%9D%D0%BE%D0%BC%D0%B5%D0%BD%D0%BA%D0%BB%D0%B0%D1%82%D1%83%D1%80%D0%B0/Description,%D0%9D%D0%BE%D0%BC%D0%B5%D0%BD%D0%BA%D0%BB%D0%B0%D1%82%D1%83%D1%80%D0%B0/%D0%90%D1%80%D1%82%D0%B8%D0%BA%D1%83%D0%BB,%D0%9D%D0%BE%D0%BC%D0%B5%D0%BD%D0%BA%D0%BB%D0%B0%D1%82%D1%83%D1%80%D0%B0/Parent/Description,%D0%9A%D0%BE%D0%BB%D0%B8%D1%87%D0%B5%D1%81%D1%82%D0%B2%D0%BEBalance,%D0%A1%D0%B5%D1%80%D0%B8%D1%8F%D0%9D%D0%BE%D0%BC%D0%B5%D0%BD%D0%BA%D0%BB%D0%B0%D1%82%D1%83%D1%80%D1%8B/%D0%94%D0%B0%D1%82%D0%B0%D0%9F%D1%80%D0%BE%D0%B8%D0%B7%D0%B2%D0%BE%D0%B4%D1%81%D1%82%D0%B2%D0%B0,%D0%A1%D0%B5%D1%80%D0%B8%D1%8F%D0%9D%D0%BE%D0%BC%D0%B5%D0%BD%D0%BA%D0%BB%D0%B0%D1%82%D1%83%D1%80%D1%8B/%D0%93%D0%BE%D0%B4%D0%B5%D0%BD%D0%94%D0%BE,%D0%AF%D1%87%D0%B5%D0%B9%D0%BA%D0%B0%D0%A5%D1%80%D0%B0%D0%BD%D0%B5%D0%BD%D0%B8%D1%8F/%D0%A1%D0%BA%D0%BB%D0%B0%D0%B4/Description&$orderby=%D0%9D%D0%BE%D0%BC%D0%B5%D0%BD%D0%BA%D0%BB%D0%B0%D1%82%D1%83%D1%80%D0%B0/%D0%90%D1%80%D1%82%D0%B8%D0%BA%D1%83%D0%BB&$filter=%D0%9D%D0%BE%D0%BC%D0%B5%D0%BD%D0%BA%D0%BB%D0%B0%D1%82%D1%83%D1%80%D0%B0/Parent/Code%20eq%20'356959' HTTP/1.1" 200 25179
2025-04-02 08:10:48,250 urllib3.connectionpool DEBUG    Starting new HTTP connection (1): 172.172.185.67:80
2025-04-02 08:10:51,707 urllib3.connectionpool DEBUG    http://172.172.185.67:80 "GET /krd_itc_wms/odata/standard.odata//AccumulationRegister_%D0%9E%D1%81%D1%82%D0%B0%D1%82%D0%BA%D0%B8%D0%92%D0%9F%D0%BE%D0%BB%D0%BB%D0%B5%D1%82%D0%B0%D1%85/Balance?$format=json&$expand=%D0%9D%D0%BE%D0%BC%D0%B5%D0%BD%D0%BA%D0%BB%D0%B0%D1%82%D1%83%D1%80%D0%B0/Parent,%20%D0%AF%D1%87%D0%B5%D0%B9%D0%BA%D0%B0%D0%A5%D1%80%D0%B0%D0%BD%D0%B5%D0%BD%D0%B8%D1%8F/%D0%A1%D0%BA%D0%BB%D0%B0%D0%B4,%20%D0%A1%D0%B5%D1%80%D0%B8%D1%8F%D0%9D%D0%BE%D0%BC%D0%B5%D0%BD%D0%BA%D0%BB%D0%B0%D1%82%D1%83%D1%80%D1%8B&$select=%D0%9D%D0%BE%D0%BC%D0%B5%D0%BD%D0%BA%D0%BB%D0%B0%D1%82%D1%83%D1%80%D0%B0/Code,%D0%9D%D0%BE%D0%BC%D0%B5%D0%BD%D0%BA%D0%BB%D0%B0%D1%82%D1%83%D1%80%D0%B0/Description,%D0%9D%D0%BE%D0%BC%D0%B5%D0%BD%D0%BA%D0%BB%D0%B0%D1%82%D1%83%D1%80%D0%B0/%D0%90%D1%80%D1%82%D0%B8%D0%BA%D1%83%D0%BB,%D0%9D%D0%BE%D0%BC%D0%B5%D0%BD%D0%BA%D0%BB%D0%B0%D1%82%D1%83%D1%80%D0%B0/Parent/Description,%D0%9A%D0%BE%D0%BB%D0%B8%D1%87%D0%B5%D1%81%D1%82%D0%B2%D0%BEBalance,%D0%A1%D0%B5%D1%80%D0%B8%D1%8F%D0%9D%D0%BE%D0%BC%D0%B5%D0%BD%D0%BA%D0%BB%D0%B0%D1%82%D1%83%D1%80%D1%8B/%D0%94%D0%B0%D1%82%D0%B0%D0%9F%D1%80%D0%BE%D0%B8%D0%B7%D0%B2%D0%BE%D0%B4%D1%81%D1%82%D0%B2%D0%B0,%D0%A1%D0%B5%D1%80%D0%B8%D1%8F%D0%9D%D0%BE%D0%BC%D0%B5%D0%BD%D0%BA%D0%BB%D0%B0%D1%82%D1%83%D1%80%D1%8B/%D0%93%D0%BE%D0%B4%D0%B5%D0%BD%D0%94%D0%BE,%D0%AF%D1%87%D0%B5%D0%B9%D0%BA%D0%B0%D0%A5%D1%80%D0%B0%D0%BD%D0%B5%D0%BD%D0%B8%D1%8F/%D0%A1%D0%BA%D0%BB%D0%B0%D0%B4/Description&$orderby=%D0%9D%D0%BE%D0%BC%D0%B5%D0%BD%D0%BA%D0%BB%D0%B0%D1%82%D1%83%D1%80%D0%B0/%D0%90%D1%80%D1%82%D0%B8%D0%BA%D1%83%D0%BB&$filter=%D0%9D%D0%BE%D0%BC%D0%B5%D0%BD%D0%BA%D0%BB%D0%B0%D1%82%D1%83%D1%80%D0%B0/Parent/Code%20eq%20'391226' HTTP/1.1" 200 315685
2025-04-02 08:11:13,174 urllib3.connectionpool DEBUG    Starting new HTTP connection (1): 172.172.185.67:80
2025-04-02 08:11:16,920 urllib3.connectionpool DEBUG    http://172.172.185.67:80 "GET /krd_itc_wms/odata/standard.odata//AccumulationRegister_%D0%9E%D1%81%D1%82%D0%B0%D1%82%D0%BA%D0%B8%D0%92%D0%9F%D0%BE%D0%BB%D0%BB%D0%B5%D1%82%D0%B0%D1%85/Balance?$format=json&$expand=%D0%9D%D0%BE%D0%BC%D0%B5%D0%BD%D0%BA%D0%BB%D0%B0%D1%82%D1%83%D1%80%D0%B0/Parent,%20%D0%AF%D1%87%D0%B5%D0%B9%D0%BA%D0%B0%D0%A5%D1%80%D0%B0%D0%BD%D0%B5%D0%BD%D0%B8%D1%8F/%D0%A1%D0%BA%D0%BB%D0%B0%D0%B4,%20%D0%A1%D0%B5%D1%80%D0%B8%D1%8F%D0%9D%D0%BE%D0%BC%D0%B5%D0%BD%D0%BA%D0%BB%D0%B0%D1%82%D1%83%D1%80%D1%8B&$select=%D0%9D%D0%BE%D0%BC%D0%B5%D0%BD%D0%BA%D0%BB%D0%B0%D1%82%D1%83%D1%80%D0%B0/Code,%D0%9D%D0%BE%D0%BC%D0%B5%D0%BD%D0%BA%D0%BB%D0%B0%D1%82%D1%83%D1%80%D0%B0/Description,%D0%9D%D0%BE%D0%BC%D0%B5%D0%BD%D0%BA%D0%BB%D0%B0%D1%82%D1%83%D1%80%D0%B0/%D0%90%D1%80%D1%82%D0%B8%D0%BA%D1%83%D0%BB,%D0%9D%D0%BE%D0%BC%D0%B5%D0%BD%D0%BA%D0%BB%D0%B0%D1%82%D1%83%D1%80%D0%B0/Parent/Description,%D0%9A%D0%BE%D0%BB%D0%B8%D1%87%D0%B5%D1%81%D1%82%D0%B2%D0%BEBalance,%D0%A1%D0%B5%D1%80%D0%B8%D1%8F%D0%9D%D0%BE%D0%BC%D0%B5%D0%BD%D0%BA%D0%BB%D0%B0%D1%82%D1%83%D1%80%D1%8B/%D0%94%D0%B0%D1%82%D0%B0%D0%9F%D1%80%D0%BE%D0%B8%D0%B7%D0%B2%D0%BE%D0%B4%D1%81%D1%82%D0%B2%D0%B0,%D0%A1%D0%B5%D1%80%D0%B8%D1%8F%D0%9D%D0%BE%D0%BC%D0%B5%D0%BD%D0%BA%D0%BB%D0%B0%D1%82%D1%83%D1%80%D1%8B/%D0%93%D0%BE%D0%B4%D0%B5%D0%BD%D0%94%D0%BE,%D0%AF%D1%87%D0%B5%D0%B9%D0%BA%D0%B0%D0%A5%D1%80%D0%B0%D0%BD%D0%B5%D0%BD%D0%B8%D1%8F/%D0%A1%D0%BA%D0%BB%D0%B0%D0%B4/Description&$orderby=%D0%9D%D0%BE%D0%BC%D0%B5%D0%BD%D0%BA%D0%BB%D0%B0%D1%82%D1%83%D1%80%D0%B0/%D0%90%D1%80%D1%82%D0%B8%D0%BA%D1%83%D0%BB&$filter=%D0%9D%D0%BE%D0%BC%D0%B5%D0%BD%D0%BA%D0%BB%D0%B0%D1%82%D1%83%D1%80%D0%B0/Parent/Code%20eq%20'391291' HTTP/1.1" 200 795444
2025-04-02 09:15:33,174 django.request WARNING  Not Found: /favicon.ico
2025-04-02 10:06:33,284 django.request WARNING  Not Found: /favicon.ico
2025-04-02 10:31:45,348 django.request WARNING  Not Found: /favicon.ico
2025-04-02 11:24:22,343 django.request WARNING  Not Found: /favicon.ico
2025-04-02 11:55:39,379 django.request WARNING  Not Found: /favicon.ico
2025-04-02 12:01:07,199 urllib3.connectionpool DEBUG    Starting new HTTP connection (1): 172.172.185.67:80
2025-04-02 12:01:11,146 urllib3.connectionpool DEBUG    http://172.172.185.67:80 "GET /krd_itc_wms/odata/standard.odata//AccumulationRegister_%D0%9E%D1%81%D1%82%D0%B0%D1%82%D0%BA%D0%B8%D0%92%D0%9F%D0%BE%D0%BB%D0%BB%D0%B5%D1%82%D0%B0%D1%85/Balance?$format=json&$expand=%D0%9D%D0%BE%D0%BC%D0%B5%D0%BD%D0%BA%D0%BB%D0%B0%D1%82%D1%83%D1%80%D0%B0/Parent,%20%D0%AF%D1%87%D0%B5%D0%B9%D0%BA%D0%B0%D0%A5%D1%80%D0%B0%D0%BD%D0%B5%D0%BD%D0%B8%D1%8F/%D0%A1%D0%BA%D0%BB%D0%B0%D0%B4,%20%D0%A1%D0%B5%D1%80%D0%B8%D1%8F%D0%9D%D0%BE%D0%BC%D0%B5%D0%BD%D0%BA%D0%BB%D0%B0%D1%82%D1%83%D1%80%D1%8B&$select=%D0%9D%D0%BE%D0%BC%D0%B5%D0%BD%D0%BA%D0%BB%D0%B0%D1%82%D1%83%D1%80%D0%B0/Code,%D0%9D%D0%BE%D0%BC%D0%B5%D0%BD%D0%BA%D0%BB%D0%B0%D1%82%D1%83%D1%80%D0%B0/Description,%D0%9D%D0%BE%D0%BC%D0%B5%D0%BD%D0%BA%D0%BB%D0%B0%D1%82%D1%83%D1%80%D0%B0/%D0%90%D1%80%D1%82%D0%B8%D0%BA%D1%83%D0%BB,%D0%9D%D0%BE%D0%BC%D0%B5%D0%BD%D0%BA%D0%BB%D0%B0%D1%82%D1%83%D1%80%D0%B0/Parent/Description,%D0%9A%D0%BE%D0%BB%D0%B8%D1%87%D0%B5%D1%81%D1%82%D0%B2%D0%BEBalance,%D0%A1%D0%B5%D1%80%D0%B8%D1%8F%D0%9D%D0%BE%D0%BC%D0%B5%D0%BD%D0%BA%D0%BB%D0%B0%D1%82%D1%83%D1%80%D1%8B/%D0%94%D0%B0%D1%82%D0%B0%D0%9F%D1%80%D0%BE%D0%B8%D0%B7%D0%B2%D0%BE%D0%B4%D1%81%D1%82%D0%B2%D0%B0,%D0%A1%D0%B5%D1%80%D0%B8%D1%8F%D0%9D%D0%BE%D0%BC%D0%B5%D0%BD%D0%BA%D0%BB%D0%B0%D1%82%D1%83%D1%80%D1%8B/%D0%93%D0%BE%D0%B4%D0%B5%D0%BD%D0%94%D0%BE,%D0%AF%D1%87%D0%B5%D0%B9%D0%BA%D0%B0%D0%A5%D1%80%D0%B0%D0%BD%D0%B5%D0%BD%D0%B8%D1%8F/%D0%A1%D0%BA%D0%BB%D0%B0%D0%B4/Description&$orderby=%D0%9D%D0%BE%D0%BC%D0%B5%D0%BD%D0%BA%D0%BB%D0%B0%D1%82%D1%83%D1%80%D0%B0/%D0%90%D1%80%D1%82%D0%B8%D0%BA%D1%83%D0%BB&$filter=%D0%9D%D0%BE%D0%BC%D0%B5%D0%BD%D0%BA%D0%BB%D0%B0%D1%82%D1%83%D1%80%D0%B0/Parent/Code%20eq%20'391291' HTTP/1.1" 200 826119
2025-04-02 15:09:32,596 django.request WARNING  Not Found: /favicon.ico
2025-04-02 17:30:31,314 urllib3.connectionpool DEBUG    Starting new HTTP connection (1): 172.172.185.67:80
2025-04-02 17:30:42,437 urllib3.connectionpool DEBUG    http://172.172.185.67:80 "POST /krd_itc_wms/ru_RU/hs/PutData HTTP/1.1" 200 399
2025-04-03 07:48:06,571 urllib3.connectionpool DEBUG    Starting new HTTP connection (1): 172.172.185.67:80
2025-04-03 07:48:09,911 urllib3.connectionpool DEBUG    http://172.172.185.67:80 "GET /krd_itc_wms/odata/standard.odata//AccumulationRegister_%D0%9E%D1%81%D1%82%D0%B0%D1%82%D0%BA%D0%B8%D0%92%D0%9F%D0%BE%D0%BB%D0%BB%D0%B5%D1%82%D0%B0%D1%85/Balance?$format=json&$expand=%D0%9D%D0%BE%D0%BC%D0%B5%D0%BD%D0%BA%D0%BB%D0%B0%D1%82%D1%83%D1%80%D0%B0/Parent,%20%D0%AF%D1%87%D0%B5%D0%B9%D0%BA%D0%B0%D0%A5%D1%80%D0%B0%D0%BD%D0%B5%D0%BD%D0%B8%D1%8F/%D0%A1%D0%BA%D0%BB%D0%B0%D0%B4,%20%D0%A1%D0%B5%D1%80%D0%B8%D1%8F%D0%9D%D0%BE%D0%BC%D0%B5%D0%BD%D0%BA%D0%BB%D0%B0%D1%82%D1%83%D1%80%D1%8B&$select=%D0%9D%D0%BE%D0%BC%D0%B5%D0%BD%D0%BA%D0%BB%D0%B0%D1%82%D1%83%D1%80%D0%B0/Code,%D0%9D%D0%BE%D0%BC%D0%B5%D0%BD%D0%BA%D0%BB%D0%B0%D1%82%D1%83%D1%80%D0%B0/Description,%D0%9D%D0%BE%D0%BC%D0%B5%D0%BD%D0%BA%D0%BB%D0%B0%D1%82%D1%83%D1%80%D0%B0/%D0%90%D1%80%D1%82%D0%B8%D0%BA%D1%83%D0%BB,%D0%9D%D0%BE%D0%BC%D0%B5%D0%BD%D0%BA%D0%BB%D0%B0%D1%82%D1%83%D1%80%D0%B0/Parent/Description,%D0%9A%D0%BE%D0%BB%D0%B8%D1%87%D0%B5%D1%81%D1%82%D0%B2%D0%BEBalance,%D0%A1%D0%B5%D1%80%D0%B8%D1%8F%D0%9D%D0%BE%D0%BC%D0%B5%D0%BD%D0%BA%D0%BB%D0%B0%D1%82%D1%83%D1%80%D1%8B/%D0%94%D0%B0%D1%82%D0%B0%D0%9F%D1%80%D0%BE%D0%B8%D0%B7%D0%B2%D0%BE%D0%B4%D1%81%D1%82%D0%B2%D0%B0,%D0%A1%D0%B5%D1%80%D0%B8%D1%8F%D0%9D%D0%BE%D0%BC%D0%B5%D0%BD%D0%BA%D0%BB%D0%B0%D1%82%D1%83%D1%80%D1%8B/%D0%93%D0%BE%D0%B4%D0%B5%D0%BD%D0%94%D0%BE,%D0%AF%D1%87%D0%B5%D0%B9%D0%BA%D0%B0%D0%A5%D1%80%D0%B0%D0%BD%D0%B5%D0%BD%D0%B8%D1%8F/%D0%A1%D0%BA%D0%BB%D0%B0%D0%B4/Description&$orderby=%D0%9D%D0%BE%D0%BC%D0%B5%D0%BD%D0%BA%D0%BB%D0%B0%D1%82%D1%83%D1%80%D0%B0/%D0%90%D1%80%D1%82%D0%B8%D0%BA%D1%83%D0%BB&$filter=%D0%9D%D0%BE%D0%BC%D0%B5%D0%BD%D0%BA%D0%BB%D0%B0%D1%82%D1%83%D1%80%D0%B0/Parent/Code%20eq%20'356959' HTTP/1.1" 200 22874
2025-04-03 07:48:32,198 urllib3.connectionpool DEBUG    Starting new HTTP connection (1): 172.172.185.67:80
2025-04-03 07:48:36,282 urllib3.connectionpool DEBUG    http://172.172.185.67:80 "GET /krd_itc_wms/odata/standard.odata//AccumulationRegister_%D0%9E%D1%81%D1%82%D0%B0%D1%82%D0%BA%D0%B8%D0%92%D0%9F%D0%BE%D0%BB%D0%BB%D0%B5%D1%82%D0%B0%D1%85/Balance?$format=json&$expand=%D0%9D%D0%BE%D0%BC%D0%B5%D0%BD%D0%BA%D0%BB%D0%B0%D1%82%D1%83%D1%80%D0%B0/Parent,%20%D0%AF%D1%87%D0%B5%D0%B9%D0%BA%D0%B0%D0%A5%D1%80%D0%B0%D0%BD%D0%B5%D0%BD%D0%B8%D1%8F/%D0%A1%D0%BA%D0%BB%D0%B0%D0%B4,%20%D0%A1%D0%B5%D1%80%D0%B8%D1%8F%D0%9D%D0%BE%D0%BC%D0%B5%D0%BD%D0%BA%D0%BB%D0%B0%D1%82%D1%83%D1%80%D1%8B&$select=%D0%9D%D0%BE%D0%BC%D0%B5%D0%BD%D0%BA%D0%BB%D0%B0%D1%82%D1%83%D1%80%D0%B0/Code,%D0%9D%D0%BE%D0%BC%D0%B5%D0%BD%D0%BA%D0%BB%D0%B0%D1%82%D1%83%D1%80%D0%B0/Description,%D0%9D%D0%BE%D0%BC%D0%B5%D0%BD%D0%BA%D0%BB%D0%B0%D1%82%D1%83%D1%80%D0%B0/%D0%90%D1%80%D1%82%D0%B8%D0%BA%D1%83%D0%BB,%D0%9D%D0%BE%D0%BC%D0%B5%D0%BD%D0%BA%D0%BB%D0%B0%D1%82%D1%83%D1%80%D0%B0/Parent/Description,%D0%9A%D0%BE%D0%BB%D0%B8%D1%87%D0%B5%D1%81%D1%82%D0%B2%D0%BEBalance,%D0%A1%D0%B5%D1%80%D0%B8%D1%8F%D0%9D%D0%BE%D0%BC%D0%B5%D0%BD%D0%BA%D0%BB%D0%B0%D1%82%D1%83%D1%80%D1%8B/%D0%94%D0%B0%D1%82%D0%B0%D0%9F%D1%80%D0%BE%D0%B8%D0%B7%D0%B2%D0%BE%D0%B4%D1%81%D1%82%D0%B2%D0%B0,%D0%A1%D0%B5%D1%80%D0%B8%D1%8F%D0%9D%D0%BE%D0%BC%D0%B5%D0%BD%D0%BA%D0%BB%D0%B0%D1%82%D1%83%D1%80%D1%8B/%D0%93%D0%BE%D0%B4%D0%B5%D0%BD%D0%94%D0%BE,%D0%AF%D1%87%D0%B5%D0%B9%D0%BA%D0%B0%D0%A5%D1%80%D0%B0%D0%BD%D0%B5%D0%BD%D0%B8%D1%8F/%D0%A1%D0%BA%D0%BB%D0%B0%D0%B4/Description&$orderby=%D0%9D%D0%BE%D0%BC%D0%B5%D0%BD%D0%BA%D0%BB%D0%B0%D1%82%D1%83%D1%80%D0%B0/%D0%90%D1%80%D1%82%D0%B8%D0%BA%D1%83%D0%BB&$filter=%D0%9D%D0%BE%D0%BC%D0%B5%D0%BD%D0%BA%D0%BB%D0%B0%D1%82%D1%83%D1%80%D0%B0/Parent/Code%20eq%20'391291' HTTP/1.1" 200 841195
2025-04-03 07:49:04,523 urllib3.connectionpool DEBUG    Starting new HTTP connection (1): 172.172.185.67:80
2025-04-03 07:49:08,342 urllib3.connectionpool DEBUG    http://172.172.185.67:80 "GET /krd_itc_wms/odata/standard.odata//AccumulationRegister_%D0%9E%D1%81%D1%82%D0%B0%D1%82%D0%BA%D0%B8%D0%92%D0%9F%D0%BE%D0%BB%D0%BB%D0%B5%D1%82%D0%B0%D1%85/Balance?$format=json&$expand=%D0%9D%D0%BE%D0%BC%D0%B5%D0%BD%D0%BA%D0%BB%D0%B0%D1%82%D1%83%D1%80%D0%B0/Parent,%20%D0%AF%D1%87%D0%B5%D0%B9%D0%BA%D0%B0%D0%A5%D1%80%D0%B0%D0%BD%D0%B5%D0%BD%D0%B8%D1%8F/%D0%A1%D0%BA%D0%BB%D0%B0%D0%B4,%20%D0%A1%D0%B5%D1%80%D0%B8%D1%8F%D0%9D%D0%BE%D0%BC%D0%B5%D0%BD%D0%BA%D0%BB%D0%B0%D1%82%D1%83%D1%80%D1%8B&$select=%D0%9D%D0%BE%D0%BC%D0%B5%D0%BD%D0%BA%D0%BB%D0%B0%D1%82%D1%83%D1%80%D0%B0/Code,%D0%9D%D0%BE%D0%BC%D0%B5%D0%BD%D0%BA%D0%BB%D0%B0%D1%82%D1%83%D1%80%D0%B0/Description,%D0%9D%D0%BE%D0%BC%D0%B5%D0%BD%D0%BA%D0%BB%D0%B0%D1%82%D1%83%D1%80%D0%B0/%D0%90%D1%80%D1%82%D0%B8%D0%BA%D1%83%D0%BB,%D0%9D%D0%BE%D0%BC%D0%B5%D0%BD%D0%BA%D0%BB%D0%B0%D1%82%D1%83%D1%80%D0%B0/Parent/Description,%D0%9A%D0%BE%D0%BB%D0%B8%D1%87%D0%B5%D1%81%D1%82%D0%B2%D0%BEBalance,%D0%A1%D0%B5%D1%80%D0%B8%D1%8F%D0%9D%D0%BE%D0%BC%D0%B5%D0%BD%D0%BA%D0%BB%D0%B0%D1%82%D1%83%D1%80%D1%8B/%D0%94%D0%B0%D1%82%D0%B0%D0%9F%D1%80%D0%BE%D0%B8%D0%B7%D0%B2%D0%BE%D0%B4%D1%81%D1%82%D0%B2%D0%B0,%D0%A1%D0%B5%D1%80%D0%B8%D1%8F%D0%9D%D0%BE%D0%BC%D0%B5%D0%BD%D0%BA%D0%BB%D0%B0%D1%82%D1%83%D1%80%D1%8B/%D0%93%D0%BE%D0%B4%D0%B5%D0%BD%D0%94%D0%BE,%D0%AF%D1%87%D0%B5%D0%B9%D0%BA%D0%B0%D0%A5%D1%80%D0%B0%D0%BD%D0%B5%D0%BD%D0%B8%D1%8F/%D0%A1%D0%BA%D0%BB%D0%B0%D0%B4/Description&$orderby=%D0%9D%D0%BE%D0%BC%D0%B5%D0%BD%D0%BA%D0%BB%D0%B0%D1%82%D1%83%D1%80%D0%B0/%D0%90%D1%80%D1%82%D0%B8%D0%BA%D1%83%D0%BB&$filter=%D0%9D%D0%BE%D0%BC%D0%B5%D0%BD%D0%BA%D0%BB%D0%B0%D1%82%D1%83%D1%80%D0%B0/Parent/Code%20eq%20'391226' HTTP/1.1" 200 315685
2025-04-03 07:49:25,154 urllib3.connectionpool DEBUG    Starting new HTTP connection (1): 172.172.185.67:80
2025-04-03 07:49:25,493 urllib3.connectionpool DEBUG    http://172.172.185.67:80 "GET /krd_itc_wms/odata/standard.odata//AccumulationRegister_%D0%9E%D1%81%D1%82%D0%B0%D1%82%D0%BA%D0%B8%D0%92%D0%9F%D0%BE%D0%BB%D0%BB%D0%B5%D1%82%D0%B0%D1%85/Balance?$format=json&$expand=%D0%9D%D0%BE%D0%BC%D0%B5%D0%BD%D0%BA%D0%BB%D0%B0%D1%82%D1%83%D1%80%D0%B0/Parent,%20%D0%AF%D1%87%D0%B5%D0%B9%D0%BA%D0%B0%D0%A5%D1%80%D0%B0%D0%BD%D0%B5%D0%BD%D0%B8%D1%8F/%D0%A1%D0%BA%D0%BB%D0%B0%D0%B4,%20%D0%A1%D0%B5%D1%80%D0%B8%D1%8F%D0%9D%D0%BE%D0%BC%D0%B5%D0%BD%D0%BA%D0%BB%D0%B0%D1%82%D1%83%D1%80%D1%8B&$select=%D0%9D%D0%BE%D0%BC%D0%B5%D0%BD%D0%BA%D0%BB%D0%B0%D1%82%D1%83%D1%80%D0%B0/Code,%D0%9D%D0%BE%D0%BC%D0%B5%D0%BD%D0%BA%D0%BB%D0%B0%D1%82%D1%83%D1%80%D0%B0/Description,%D0%9D%D0%BE%D0%BC%D0%B5%D0%BD%D0%BA%D0%BB%D0%B0%D1%82%D1%83%D1%80%D0%B0/%D0%90%D1%80%D1%82%D0%B8%D0%BA%D1%83%D0%BB,%D0%9D%D0%BE%D0%BC%D0%B5%D0%BD%D0%BA%D0%BB%D0%B0%D1%82%D1%83%D1%80%D0%B0/Parent/Description,%D0%9A%D0%BE%D0%BB%D0%B8%D1%87%D0%B5%D1%81%D1%82%D0%B2%D0%BEBalance,%D0%A1%D0%B5%D1%80%D0%B8%D1%8F%D0%9D%D0%BE%D0%BC%D0%B5%D0%BD%D0%BA%D0%BB%D0%B0%D1%82%D1%83%D1%80%D1%8B/%D0%94%D0%B0%D1%82%D0%B0%D0%9F%D1%80%D0%BE%D0%B8%D0%B7%D0%B2%D0%BE%D0%B4%D1%81%D1%82%D0%B2%D0%B0,%D0%A1%D0%B5%D1%80%D0%B8%D1%8F%D0%9D%D0%BE%D0%BC%D0%B5%D0%BD%D0%BA%D0%BB%D0%B0%D1%82%D1%83%D1%80%D1%8B/%D0%93%D0%BE%D0%B4%D0%B5%D0%BD%D0%94%D0%BE,%D0%AF%D1%87%D0%B5%D0%B9%D0%BA%D0%B0%D0%A5%D1%80%D0%B0%D0%BD%D0%B5%D0%BD%D0%B8%D1%8F/%D0%A1%D0%BA%D0%BB%D0%B0%D0%B4/Description&$orderby=%D0%9D%D0%BE%D0%BC%D0%B5%D0%BD%D0%BA%D0%BB%D0%B0%D1%82%D1%83%D1%80%D0%B0/%D0%90%D1%80%D1%82%D0%B8%D0%BA%D1%83%D0%BB&$filter=%D0%9D%D0%BE%D0%BC%D0%B5%D0%BD%D0%BA%D0%BB%D0%B0%D1%82%D1%83%D1%80%D0%B0/Parent/Code%20eq%20'304903' HTTP/1.1" 200 188381
2025-04-03 09:46:22,090 django.request WARNING  Not Found: /favicon.ico
2025-04-03 13:09:42,290 django.request WARNING  Not Found: /favicon.ico
2025-04-03 14:31:10,061 django.request WARNING  Not Found: /favicon.ico
2025-04-03 15:56:57,466 django.request WARNING  Not Found: /favicon.ico
2025-04-03 16:08:39,785 django.request WARNING  Not Found: /favicon.ico
2025-04-03 16:49:16,150 django.request WARNING  Not Found: /favicon.ico
2025-04-03 16:49:30,729 urllib3.connectionpool DEBUG    Starting new HTTP connection (1): 172.172.185.67:80
2025-04-03 16:49:42,025 urllib3.connectionpool DEBUG    http://172.172.185.67:80 "POST /krd_itc_wms/ru_RU/hs/PutData HTTP/1.1" 200 316
2025-04-03 18:09:52,205 django.request WARNING  Not Found: /favicon.ico
2025-04-03 18:51:04,968 django.request WARNING  Not Found: /favicon.ico
2025-04-04 08:00:28,242 urllib3.connectionpool DEBUG    Starting new HTTP connection (1): 172.172.185.67:80
2025-04-04 08:00:28,729 urllib3.connectionpool DEBUG    http://172.172.185.67:80 "GET /krd_itc_wms/odata/standard.odata//AccumulationRegister_%D0%9E%D1%81%D1%82%D0%B0%D1%82%D0%BA%D0%B8%D0%92%D0%9F%D0%BE%D0%BB%D0%BB%D0%B5%D1%82%D0%B0%D1%85/Balance?$format=json&$expand=%D0%9D%D0%BE%D0%BC%D0%B5%D0%BD%D0%BA%D0%BB%D0%B0%D1%82%D1%83%D1%80%D0%B0/Parent,%20%D0%AF%D1%87%D0%B5%D0%B9%D0%BA%D0%B0%D0%A5%D1%80%D0%B0%D0%BD%D0%B5%D0%BD%D0%B8%D1%8F/%D0%A1%D0%BA%D0%BB%D0%B0%D0%B4,%20%D0%A1%D0%B5%D1%80%D0%B8%D1%8F%D0%9D%D0%BE%D0%BC%D0%B5%D0%BD%D0%BA%D0%BB%D0%B0%D1%82%D1%83%D1%80%D1%8B&$select=%D0%9D%D0%BE%D0%BC%D0%B5%D0%BD%D0%BA%D0%BB%D0%B0%D1%82%D1%83%D1%80%D0%B0/Code,%D0%9D%D0%BE%D0%BC%D0%B5%D0%BD%D0%BA%D0%BB%D0%B0%D1%82%D1%83%D1%80%D0%B0/Description,%D0%9D%D0%BE%D0%BC%D0%B5%D0%BD%D0%BA%D0%BB%D0%B0%D1%82%D1%83%D1%80%D0%B0/%D0%90%D1%80%D1%82%D0%B8%D0%BA%D1%83%D0%BB,%D0%9D%D0%BE%D0%BC%D0%B5%D0%BD%D0%BA%D0%BB%D0%B0%D1%82%D1%83%D1%80%D0%B0/Parent/Description,%D0%9A%D0%BE%D0%BB%D0%B8%D1%87%D0%B5%D1%81%D1%82%D0%B2%D0%BEBalance,%D0%A1%D0%B5%D1%80%D0%B8%D1%8F%D0%9D%D0%BE%D0%BC%D0%B5%D0%BD%D0%BA%D0%BB%D0%B0%D1%82%D1%83%D1%80%D1%8B/%D0%94%D0%B0%D1%82%D0%B0%D0%9F%D1%80%D0%BE%D0%B8%D0%B7%D0%B2%D0%BE%D0%B4%D1%81%D1%82%D0%B2%D0%B0,%D0%A1%D0%B5%D1%80%D0%B8%D1%8F%D0%9D%D0%BE%D0%BC%D0%B5%D0%BD%D0%BA%D0%BB%D0%B0%D1%82%D1%83%D1%80%D1%8B/%D0%93%D0%BE%D0%B4%D0%B5%D0%BD%D0%94%D0%BE,%D0%AF%D1%87%D0%B5%D0%B9%D0%BA%D0%B0%D0%A5%D1%80%D0%B0%D0%BD%D0%B5%D0%BD%D0%B8%D1%8F/%D0%A1%D0%BA%D0%BB%D0%B0%D0%B4/Description&$orderby=%D0%9D%D0%BE%D0%BC%D0%B5%D0%BD%D0%BA%D0%BB%D0%B0%D1%82%D1%83%D1%80%D0%B0/%D0%90%D1%80%D1%82%D0%B8%D0%BA%D1%83%D0%BB&$filter=%D0%9D%D0%BE%D0%BC%D0%B5%D0%BD%D0%BA%D0%BB%D0%B0%D1%82%D1%83%D1%80%D0%B0/Parent/Code%20eq%20'304903' HTTP/1.1" 200 176195
2025-04-04 08:00:52,088 urllib3.connectionpool DEBUG    Starting new HTTP connection (1): 172.172.185.67:80
2025-04-04 08:00:55,599 urllib3.connectionpool DEBUG    http://172.172.185.67:80 "GET /krd_itc_wms/odata/standard.odata//AccumulationRegister_%D0%9E%D1%81%D1%82%D0%B0%D1%82%D0%BA%D0%B8%D0%92%D0%9F%D0%BE%D0%BB%D0%BB%D0%B5%D1%82%D0%B0%D1%85/Balance?$format=json&$expand=%D0%9D%D0%BE%D0%BC%D0%B5%D0%BD%D0%BA%D0%BB%D0%B0%D1%82%D1%83%D1%80%D0%B0/Parent,%20%D0%AF%D1%87%D0%B5%D0%B9%D0%BA%D0%B0%D0%A5%D1%80%D0%B0%D0%BD%D0%B5%D0%BD%D0%B8%D1%8F/%D0%A1%D0%BA%D0%BB%D0%B0%D0%B4,%20%D0%A1%D0%B5%D1%80%D0%B8%D1%8F%D0%9D%D0%BE%D0%BC%D0%B5%D0%BD%D0%BA%D0%BB%D0%B0%D1%82%D1%83%D1%80%D1%8B&$select=%D0%9D%D0%BE%D0%BC%D0%B5%D0%BD%D0%BA%D0%BB%D0%B0%D1%82%D1%83%D1%80%D0%B0/Code,%D0%9D%D0%BE%D0%BC%D0%B5%D0%BD%D0%BA%D0%BB%D0%B0%D1%82%D1%83%D1%80%D0%B0/Description,%D0%9D%D0%BE%D0%BC%D0%B5%D0%BD%D0%BA%D0%BB%D0%B0%D1%82%D1%83%D1%80%D0%B0/%D0%90%D1%80%D1%82%D0%B8%D0%BA%D1%83%D0%BB,%D0%9D%D0%BE%D0%BC%D0%B5%D0%BD%D0%BA%D0%BB%D0%B0%D1%82%D1%83%D1%80%D0%B0/Parent/Description,%D0%9A%D0%BE%D0%BB%D0%B8%D1%87%D0%B5%D1%81%D1%82%D0%B2%D0%BEBalance,%D0%A1%D0%B5%D1%80%D0%B8%D1%8F%D0%9D%D0%BE%D0%BC%D0%B5%D0%BD%D0%BA%D0%BB%D0%B0%D1%82%D1%83%D1%80%D1%8B/%D0%94%D0%B0%D1%82%D0%B0%D0%9F%D1%80%D0%BE%D0%B8%D0%B7%D0%B2%D0%BE%D0%B4%D1%81%D1%82%D0%B2%D0%B0,%D0%A1%D0%B5%D1%80%D0%B8%D1%8F%D0%9D%D0%BE%D0%BC%D0%B5%D0%BD%D0%BA%D0%BB%D0%B0%D1%82%D1%83%D1%80%D1%8B/%D0%93%D0%BE%D0%B4%D0%B5%D0%BD%D0%94%D0%BE,%D0%AF%D1%87%D0%B5%D0%B9%D0%BA%D0%B0%D0%A5%D1%80%D0%B0%D0%BD%D0%B5%D0%BD%D0%B8%D1%8F/%D0%A1%D0%BA%D0%BB%D0%B0%D0%B4/Description&$orderby=%D0%9D%D0%BE%D0%BC%D0%B5%D0%BD%D0%BA%D0%BB%D0%B0%D1%82%D1%83%D1%80%D0%B0/%D0%90%D1%80%D1%82%D0%B8%D0%BA%D1%83%D0%BB&$filter=%D0%9D%D0%BE%D0%BC%D0%B5%D0%BD%D0%BA%D0%BB%D0%B0%D1%82%D1%83%D1%80%D0%B0/Parent/Code%20eq%20'391226' HTTP/1.1" 200 315685
2025-04-04 08:01:10,613 urllib3.connectionpool DEBUG    Starting new HTTP connection (1): 172.172.185.67:80
2025-04-04 08:01:10,895 urllib3.connectionpool DEBUG    http://172.172.185.67:80 "GET /krd_itc_wms/odata/standard.odata//AccumulationRegister_%D0%9E%D1%81%D1%82%D0%B0%D1%82%D0%BA%D0%B8%D0%92%D0%9F%D0%BE%D0%BB%D0%BB%D0%B5%D1%82%D0%B0%D1%85/Balance?$format=json&$expand=%D0%9D%D0%BE%D0%BC%D0%B5%D0%BD%D0%BA%D0%BB%D0%B0%D1%82%D1%83%D1%80%D0%B0/Parent,%20%D0%AF%D1%87%D0%B5%D0%B9%D0%BA%D0%B0%D0%A5%D1%80%D0%B0%D0%BD%D0%B5%D0%BD%D0%B8%D1%8F/%D0%A1%D0%BA%D0%BB%D0%B0%D0%B4,%20%D0%A1%D0%B5%D1%80%D0%B8%D1%8F%D0%9D%D0%BE%D0%BC%D0%B5%D0%BD%D0%BA%D0%BB%D0%B0%D1%82%D1%83%D1%80%D1%8B&$select=%D0%9D%D0%BE%D0%BC%D0%B5%D0%BD%D0%BA%D0%BB%D0%B0%D1%82%D1%83%D1%80%D0%B0/Code,%D0%9D%D0%BE%D0%BC%D0%B5%D0%BD%D0%BA%D0%BB%D0%B0%D1%82%D1%83%D1%80%D0%B0/Description,%D0%9D%D0%BE%D0%BC%D0%B5%D0%BD%D0%BA%D0%BB%D0%B0%D1%82%D1%83%D1%80%D0%B0/%D0%90%D1%80%D1%82%D0%B8%D0%BA%D1%83%D0%BB,%D0%9D%D0%BE%D0%BC%D0%B5%D0%BD%D0%BA%D0%BB%D0%B0%D1%82%D1%83%D1%80%D0%B0/Parent/Description,%D0%9A%D0%BE%D0%BB%D0%B8%D1%87%D0%B5%D1%81%D1%82%D0%B2%D0%BEBalance,%D0%A1%D0%B5%D1%80%D0%B8%D1%8F%D0%9D%D0%BE%D0%BC%D0%B5%D0%BD%D0%BA%D0%BB%D0%B0%D1%82%D1%83%D1%80%D1%8B/%D0%94%D0%B0%D1%82%D0%B0%D0%9F%D1%80%D0%BE%D0%B8%D0%B7%D0%B2%D0%BE%D0%B4%D1%81%D1%82%D0%B2%D0%B0,%D0%A1%D0%B5%D1%80%D0%B8%D1%8F%D0%9D%D0%BE%D0%BC%D0%B5%D0%BD%D0%BA%D0%BB%D0%B0%D1%82%D1%83%D1%80%D1%8B/%D0%93%D0%BE%D0%B4%D0%B5%D0%BD%D0%94%D0%BE,%D0%AF%D1%87%D0%B5%D0%B9%D0%BA%D0%B0%D0%A5%D1%80%D0%B0%D0%BD%D0%B5%D0%BD%D0%B8%D1%8F/%D0%A1%D0%BA%D0%BB%D0%B0%D0%B4/Description&$orderby=%D0%9D%D0%BE%D0%BC%D0%B5%D0%BD%D0%BA%D0%BB%D0%B0%D1%82%D1%83%D1%80%D0%B0/%D0%90%D1%80%D1%82%D0%B8%D0%BA%D1%83%D0%BB&$filter=%D0%9D%D0%BE%D0%BC%D0%B5%D0%BD%D0%BA%D0%BB%D0%B0%D1%82%D1%83%D1%80%D0%B0/Parent/Code%20eq%20'356959' HTTP/1.1" 200 22048
2025-04-04 08:01:24,403 urllib3.connectionpool DEBUG    Starting new HTTP connection (1): 172.172.185.67:80
2025-04-04 08:01:25,068 urllib3.connectionpool DEBUG    http://172.172.185.67:80 "GET /krd_itc_wms/odata/standard.odata//AccumulationRegister_%D0%9E%D1%81%D1%82%D0%B0%D1%82%D0%BA%D0%B8%D0%92%D0%9F%D0%BE%D0%BB%D0%BB%D0%B5%D1%82%D0%B0%D1%85/Balance?$format=json&$expand=%D0%9D%D0%BE%D0%BC%D0%B5%D0%BD%D0%BA%D0%BB%D0%B0%D1%82%D1%83%D1%80%D0%B0/Parent,%20%D0%AF%D1%87%D0%B5%D0%B9%D0%BA%D0%B0%D0%A5%D1%80%D0%B0%D0%BD%D0%B5%D0%BD%D0%B8%D1%8F/%D0%A1%D0%BA%D0%BB%D0%B0%D0%B4,%20%D0%A1%D0%B5%D1%80%D0%B8%D1%8F%D0%9D%D0%BE%D0%BC%D0%B5%D0%BD%D0%BA%D0%BB%D0%B0%D1%82%D1%83%D1%80%D1%8B&$select=%D0%9D%D0%BE%D0%BC%D0%B5%D0%BD%D0%BA%D0%BB%D0%B0%D1%82%D1%83%D1%80%D0%B0/Code,%D0%9D%D0%BE%D0%BC%D0%B5%D0%BD%D0%BA%D0%BB%D0%B0%D1%82%D1%83%D1%80%D0%B0/Description,%D0%9D%D0%BE%D0%BC%D0%B5%D0%BD%D0%BA%D0%BB%D0%B0%D1%82%D1%83%D1%80%D0%B0/%D0%90%D1%80%D1%82%D0%B8%D0%BA%D1%83%D0%BB,%D0%9D%D0%BE%D0%BC%D0%B5%D0%BD%D0%BA%D0%BB%D0%B0%D1%82%D1%83%D1%80%D0%B0/Parent/Description,%D0%9A%D0%BE%D0%BB%D0%B8%D1%87%D0%B5%D1%81%D1%82%D0%B2%D0%BEBalance,%D0%A1%D0%B5%D1%80%D0%B8%D1%8F%D0%9D%D0%BE%D0%BC%D0%B5%D0%BD%D0%BA%D0%BB%D0%B0%D1%82%D1%83%D1%80%D1%8B/%D0%94%D0%B0%D1%82%D0%B0%D0%9F%D1%80%D0%BE%D0%B8%D0%B7%D0%B2%D0%BE%D0%B4%D1%81%D1%82%D0%B2%D0%B0,%D0%A1%D0%B5%D1%80%D0%B8%D1%8F%D0%9D%D0%BE%D0%BC%D0%B5%D0%BD%D0%BA%D0%BB%D0%B0%D1%82%D1%83%D1%80%D1%8B/%D0%93%D0%BE%D0%B4%D0%B5%D0%BD%D0%94%D0%BE,%D0%AF%D1%87%D0%B5%D0%B9%D0%BA%D0%B0%D0%A5%D1%80%D0%B0%D0%BD%D0%B5%D0%BD%D0%B8%D1%8F/%D0%A1%D0%BA%D0%BB%D0%B0%D0%B4/Description&$orderby=%D0%9D%D0%BE%D0%BC%D0%B5%D0%BD%D0%BA%D0%BB%D0%B0%D1%82%D1%83%D1%80%D0%B0/%D0%90%D1%80%D1%82%D0%B8%D0%BA%D1%83%D0%BB&$filter=%D0%9D%D0%BE%D0%BC%D0%B5%D0%BD%D0%BA%D0%BB%D0%B0%D1%82%D1%83%D1%80%D0%B0/Parent/Code%20eq%20'391291' HTTP/1.1" 200 907160
2025-04-04 08:01:31,076 urllib3.connectionpool DEBUG    Starting new HTTP connection (1): 172.172.185.67:80
2025-04-04 08:01:31,702 urllib3.connectionpool DEBUG    http://172.172.185.67:80 "GET /krd_itc_wms/odata/standard.odata//AccumulationRegister_%D0%9E%D1%81%D1%82%D0%B0%D1%82%D0%BA%D0%B8%D0%92%D0%9F%D0%BE%D0%BB%D0%BB%D0%B5%D1%82%D0%B0%D1%85/Balance?$format=json&$expand=%D0%9D%D0%BE%D0%BC%D0%B5%D0%BD%D0%BA%D0%BB%D0%B0%D1%82%D1%83%D1%80%D0%B0/Parent,%20%D0%AF%D1%87%D0%B5%D0%B9%D0%BA%D0%B0%D0%A5%D1%80%D0%B0%D0%BD%D0%B5%D0%BD%D0%B8%D1%8F/%D0%A1%D0%BA%D0%BB%D0%B0%D0%B4,%20%D0%A1%D0%B5%D1%80%D0%B8%D1%8F%D0%9D%D0%BE%D0%BC%D0%B5%D0%BD%D0%BA%D0%BB%D0%B0%D1%82%D1%83%D1%80%D1%8B&$select=%D0%9D%D0%BE%D0%BC%D0%B5%D0%BD%D0%BA%D0%BB%D0%B0%D1%82%D1%83%D1%80%D0%B0/Code,%D0%9D%D0%BE%D0%BC%D0%B5%D0%BD%D0%BA%D0%BB%D0%B0%D1%82%D1%83%D1%80%D0%B0/Description,%D0%9D%D0%BE%D0%BC%D0%B5%D0%BD%D0%BA%D0%BB%D0%B0%D1%82%D1%83%D1%80%D0%B0/%D0%90%D1%80%D1%82%D0%B8%D0%BA%D1%83%D0%BB,%D0%9D%D0%BE%D0%BC%D0%B5%D0%BD%D0%BA%D0%BB%D0%B0%D1%82%D1%83%D1%80%D0%B0/Parent/Description,%D0%9A%D0%BE%D0%BB%D0%B8%D1%87%D0%B5%D1%81%D1%82%D0%B2%D0%BEBalance,%D0%A1%D0%B5%D1%80%D0%B8%D1%8F%D0%9D%D0%BE%D0%BC%D0%B5%D0%BD%D0%BA%D0%BB%D0%B0%D1%82%D1%83%D1%80%D1%8B/%D0%94%D0%B0%D1%82%D0%B0%D0%9F%D1%80%D0%BE%D0%B8%D0%B7%D0%B2%D0%BE%D0%B4%D1%81%D1%82%D0%B2%D0%B0,%D0%A1%D0%B5%D1%80%D0%B8%D1%8F%D0%9D%D0%BE%D0%BC%D0%B5%D0%BD%D0%BA%D0%BB%D0%B0%D1%82%D1%83%D1%80%D1%8B/%D0%93%D0%BE%D0%B4%D0%B5%D0%BD%D0%94%D0%BE,%D0%AF%D1%87%D0%B5%D0%B9%D0%BA%D0%B0%D0%A5%D1%80%D0%B0%D0%BD%D0%B5%D0%BD%D0%B8%D1%8F/%D0%A1%D0%BA%D0%BB%D0%B0%D0%B4/Description&$orderby=%D0%9D%D0%BE%D0%BC%D0%B5%D0%BD%D0%BA%D0%BB%D0%B0%D1%82%D1%83%D1%80%D0%B0/%D0%90%D1%80%D1%82%D0%B8%D0%BA%D1%83%D0%BB&$filter=%D0%9D%D0%BE%D0%BC%D0%B5%D0%BD%D0%BA%D0%BB%D0%B0%D1%82%D1%83%D1%80%D0%B0/Parent/Code%20eq%20'391291' HTTP/1.1" 200 907160
2025-04-04 08:38:00,278 django.request WARNING  Not Found: /favicon.ico
2025-04-04 09:01:38,818 django.request WARNING  Not Found: /favicon.ico
2025-04-04 09:04:58,570 urllib3.connectionpool DEBUG    Starting new HTTP connection (1): 172.172.185.67:80
2025-04-04 09:05:02,926 urllib3.connectionpool DEBUG    http://172.172.185.67:80 "GET /krd_itc_wms/odata/standard.odata//AccumulationRegister_%D0%9E%D1%81%D1%82%D0%B0%D1%82%D0%BA%D0%B8%D0%92%D0%9F%D0%BE%D0%BB%D0%BB%D0%B5%D1%82%D0%B0%D1%85/Balance?$format=json&$expand=%D0%9D%D0%BE%D0%BC%D0%B5%D0%BD%D0%BA%D0%BB%D0%B0%D1%82%D1%83%D1%80%D0%B0/Parent,%20%D0%AF%D1%87%D0%B5%D0%B9%D0%BA%D0%B0%D0%A5%D1%80%D0%B0%D0%BD%D0%B5%D0%BD%D0%B8%D1%8F/%D0%A1%D0%BA%D0%BB%D0%B0%D0%B4,%20%D0%A1%D0%B5%D1%80%D0%B8%D1%8F%D0%9D%D0%BE%D0%BC%D0%B5%D0%BD%D0%BA%D0%BB%D0%B0%D1%82%D1%83%D1%80%D1%8B&$select=%D0%9D%D0%BE%D0%BC%D0%B5%D0%BD%D0%BA%D0%BB%D0%B0%D1%82%D1%83%D1%80%D0%B0/Code,%D0%9D%D0%BE%D0%BC%D0%B5%D0%BD%D0%BA%D0%BB%D0%B0%D1%82%D1%83%D1%80%D0%B0/Description,%D0%9D%D0%BE%D0%BC%D0%B5%D0%BD%D0%BA%D0%BB%D0%B0%D1%82%D1%83%D1%80%D0%B0/%D0%90%D1%80%D1%82%D0%B8%D0%BA%D1%83%D0%BB,%D0%9D%D0%BE%D0%BC%D0%B5%D0%BD%D0%BA%D0%BB%D0%B0%D1%82%D1%83%D1%80%D0%B0/Parent/Description,%D0%9A%D0%BE%D0%BB%D0%B8%D1%87%D0%B5%D1%81%D1%82%D0%B2%D0%BEBalance,%D0%A1%D0%B5%D1%80%D0%B8%D1%8F%D0%9D%D0%BE%D0%BC%D0%B5%D0%BD%D0%BA%D0%BB%D0%B0%D1%82%D1%83%D1%80%D1%8B/%D0%94%D0%B0%D1%82%D0%B0%D0%9F%D1%80%D0%BE%D0%B8%D0%B7%D0%B2%D0%BE%D0%B4%D1%81%D1%82%D0%B2%D0%B0,%D0%A1%D0%B5%D1%80%D0%B8%D1%8F%D0%9D%D0%BE%D0%BC%D0%B5%D0%BD%D0%BA%D0%BB%D0%B0%D1%82%D1%83%D1%80%D1%8B/%D0%93%D0%BE%D0%B4%D0%B5%D0%BD%D0%94%D0%BE,%D0%AF%D1%87%D0%B5%D0%B9%D0%BA%D0%B0%D0%A5%D1%80%D0%B0%D0%BD%D0%B5%D0%BD%D0%B8%D1%8F/%D0%A1%D0%BA%D0%BB%D0%B0%D0%B4/Description&$orderby=%D0%9D%D0%BE%D0%BC%D0%B5%D0%BD%D0%BA%D0%BB%D0%B0%D1%82%D1%83%D1%80%D0%B0/%D0%90%D1%80%D1%82%D0%B8%D0%BA%D1%83%D0%BB&$filter=%D0%9D%D0%BE%D0%BC%D0%B5%D0%BD%D0%BA%D0%BB%D0%B0%D1%82%D1%83%D1%80%D0%B0/Parent/Code%20eq%20'289363' HTTP/1.1" 200 1913018
2025-04-04 09:05:13,354 urllib3.connectionpool DEBUG    Starting new HTTP connection (1): 172.172.185.67:80
2025-04-04 09:05:14,281 urllib3.connectionpool DEBUG    http://172.172.185.67:80 "GET /krd_itc_wms/odata/standard.odata//AccumulationRegister_%D0%9E%D1%81%D1%82%D0%B0%D1%82%D0%BA%D0%B8%D0%92%D0%9F%D0%BE%D0%BB%D0%BB%D0%B5%D1%82%D0%B0%D1%85/Balance?$format=json&$expand=%D0%9D%D0%BE%D0%BC%D0%B5%D0%BD%D0%BA%D0%BB%D0%B0%D1%82%D1%83%D1%80%D0%B0/Parent,%20%D0%AF%D1%87%D0%B5%D0%B9%D0%BA%D0%B0%D0%A5%D1%80%D0%B0%D0%BD%D0%B5%D0%BD%D0%B8%D1%8F/%D0%A1%D0%BA%D0%BB%D0%B0%D0%B4,%20%D0%A1%D0%B5%D1%80%D0%B8%D1%8F%D0%9D%D0%BE%D0%BC%D0%B5%D0%BD%D0%BA%D0%BB%D0%B0%D1%82%D1%83%D1%80%D1%8B&$select=%D0%9D%D0%BE%D0%BC%D0%B5%D0%BD%D0%BA%D0%BB%D0%B0%D1%82%D1%83%D1%80%D0%B0/Code,%D0%9D%D0%BE%D0%BC%D0%B5%D0%BD%D0%BA%D0%BB%D0%B0%D1%82%D1%83%D1%80%D0%B0/Description,%D0%9D%D0%BE%D0%BC%D0%B5%D0%BD%D0%BA%D0%BB%D0%B0%D1%82%D1%83%D1%80%D0%B0/%D0%90%D1%80%D1%82%D0%B8%D0%BA%D1%83%D0%BB,%D0%9D%D0%BE%D0%BC%D0%B5%D0%BD%D0%BA%D0%BB%D0%B0%D1%82%D1%83%D1%80%D0%B0/Parent/Description,%D0%9A%D0%BE%D0%BB%D0%B8%D1%87%D0%B5%D1%81%D1%82%D0%B2%D0%BEBalance,%D0%A1%D0%B5%D1%80%D0%B8%D1%8F%D0%9D%D0%BE%D0%BC%D0%B5%D0%BD%D0%BA%D0%BB%D0%B0%D1%82%D1%83%D1%80%D1%8B/%D0%94%D0%B0%D1%82%D0%B0%D0%9F%D1%80%D0%BE%D0%B8%D0%B7%D0%B2%D0%BE%D0%B4%D1%81%D1%82%D0%B2%D0%B0,%D0%A1%D0%B5%D1%80%D0%B8%D1%8F%D0%9D%D0%BE%D0%BC%D0%B5%D0%BD%D0%BA%D0%BB%D0%B0%D1%82%D1%83%D1%80%D1%8B/%D0%93%D0%BE%D0%B4%D0%B5%D0%BD%D0%94%D0%BE,%D0%AF%D1%87%D0%B5%D0%B9%D0%BA%D0%B0%D0%A5%D1%80%D0%B0%D0%BD%D0%B5%D0%BD%D0%B8%D1%8F/%D0%A1%D0%BA%D0%BB%D0%B0%D0%B4/Description&$orderby=%D0%9D%D0%BE%D0%BC%D0%B5%D0%BD%D0%BA%D0%BB%D0%B0%D1%82%D1%83%D1%80%D0%B0/%D0%90%D1%80%D1%82%D0%B8%D0%BA%D1%83%D0%BB&$filter=%D0%9D%D0%BE%D0%BC%D0%B5%D0%BD%D0%BA%D0%BB%D0%B0%D1%82%D1%83%D1%80%D0%B0/Parent/Code%20eq%20'391291' HTTP/1.1" 200 903751
2025-04-04 09:05:24,775 urllib3.connectionpool DEBUG    Starting new HTTP connection (1): 172.172.185.67:80
2025-04-04 09:05:26,201 urllib3.connectionpool DEBUG    http://172.172.185.67:80 "GET /krd_itc_wms/odata/standard.odata//AccumulationRegister_%D0%9E%D1%81%D1%82%D0%B0%D1%82%D0%BA%D0%B8%D0%92%D0%9F%D0%BE%D0%BB%D0%BB%D0%B5%D1%82%D0%B0%D1%85/Balance?$format=json&$expand=%D0%9D%D0%BE%D0%BC%D0%B5%D0%BD%D0%BA%D0%BB%D0%B0%D1%82%D1%83%D1%80%D0%B0/Parent,%20%D0%AF%D1%87%D0%B5%D0%B9%D0%BA%D0%B0%D0%A5%D1%80%D0%B0%D0%BD%D0%B5%D0%BD%D0%B8%D1%8F/%D0%A1%D0%BA%D0%BB%D0%B0%D0%B4,%20%D0%A1%D0%B5%D1%80%D0%B8%D1%8F%D0%9D%D0%BE%D0%BC%D0%B5%D0%BD%D0%BA%D0%BB%D0%B0%D1%82%D1%83%D1%80%D1%8B&$select=%D0%9D%D0%BE%D0%BC%D0%B5%D0%BD%D0%BA%D0%BB%D0%B0%D1%82%D1%83%D1%80%D0%B0/Code,%D0%9D%D0%BE%D0%BC%D0%B5%D0%BD%D0%BA%D0%BB%D0%B0%D1%82%D1%83%D1%80%D0%B0/Description,%D0%9D%D0%BE%D0%BC%D0%B5%D0%BD%D0%BA%D0%BB%D0%B0%D1%82%D1%83%D1%80%D0%B0/%D0%90%D1%80%D1%82%D0%B8%D0%BA%D1%83%D0%BB,%D0%9D%D0%BE%D0%BC%D0%B5%D0%BD%D0%BA%D0%BB%D0%B0%D1%82%D1%83%D1%80%D0%B0/Parent/Description,%D0%9A%D0%BE%D0%BB%D0%B8%D1%87%D0%B5%D1%81%D1%82%D0%B2%D0%BEBalance,%D0%A1%D0%B5%D1%80%D0%B8%D1%8F%D0%9D%D0%BE%D0%BC%D0%B5%D0%BD%D0%BA%D0%BB%D0%B0%D1%82%D1%83%D1%80%D1%8B/%D0%94%D0%B0%D1%82%D0%B0%D0%9F%D1%80%D0%BE%D0%B8%D0%B7%D0%B2%D0%BE%D0%B4%D1%81%D1%82%D0%B2%D0%B0,%D0%A1%D0%B5%D1%80%D0%B8%D1%8F%D0%9D%D0%BE%D0%BC%D0%B5%D0%BD%D0%BA%D0%BB%D0%B0%D1%82%D1%83%D1%80%D1%8B/%D0%93%D0%BE%D0%B4%D0%B5%D0%BD%D0%94%D0%BE,%D0%AF%D1%87%D0%B5%D0%B9%D0%BA%D0%B0%D0%A5%D1%80%D0%B0%D0%BD%D0%B5%D0%BD%D0%B8%D1%8F/%D0%A1%D0%BA%D0%BB%D0%B0%D0%B4/Description&$orderby=%D0%9D%D0%BE%D0%BC%D0%B5%D0%BD%D0%BA%D0%BB%D0%B0%D1%82%D1%83%D1%80%D0%B0/%D0%90%D1%80%D1%82%D0%B8%D0%BA%D1%83%D0%BB&$filter=%D0%9D%D0%BE%D0%BC%D0%B5%D0%BD%D0%BA%D0%BB%D0%B0%D1%82%D1%83%D1%80%D0%B0/Parent/Code%20eq%20'391291' HTTP/1.1" 200 903751
2025-04-04 09:06:29,874 django.request WARNING  Not Found: /favicon.ico
2025-04-04 09:10:38,787 django.request WARNING  Not Found: /favicon.ico
2025-04-04 09:45:28,113 django.request WARNING  Not Found: /favicon.ico
2025-04-04 09:45:37,780 django.request WARNING  Not Found: /favicon.ico
2025-04-04 11:07:40,053 django.request WARNING  Not Found: /favicon.ico
2025-04-04 11:09:11,311 django.request WARNING  Not Found: /favicon.ico
2025-04-04 11:19:09,316 django.request ERROR    Internal Server Error: /krd/sverki
Traceback (most recent call last):
  File "C:\Users\rhashhanok\PycharmProjects\SLEX_02\.venv\Lib\site-packages\django\core\handlers\exception.py", line 55, in inner
    response = get_response(request)
               ^^^^^^^^^^^^^^^^^^^^^
  File "C:\Users\rhashhanok\PycharmProjects\SLEX_02\.venv\Lib\site-packages\django\core\handlers\base.py", line 197, in _get_response
    response = wrapped_callback(request, *callback_args, **callback_kwargs)
               ^^^^^^^^^^^^^^^^^^^^^^^^^^^^^^^^^^^^^^^^^^^^^^^^^^^^^^^^^^^^
  File "C:\Users\rhashhanok\PycharmProjects\SLEX_02\base_app\views.py", line 228, in show_reports_operation
    context['form'] = SverkiForm()
                      ^^^^^^^^^^^^
TypeError: SverkiForm.__init__() missing 1 required positional argument: 'choice_contracts'
2025-04-04 11:19:12,789 django.request ERROR    Internal Server Error: /krd/skud
Traceback (most recent call last):
  File "C:\Users\rhashhanok\PycharmProjects\SLEX_02\.venv\Lib\site-packages\django\core\handlers\exception.py", line 55, in inner
    response = get_response(request)
               ^^^^^^^^^^^^^^^^^^^^^
  File "C:\Users\rhashhanok\PycharmProjects\SLEX_02\.venv\Lib\site-packages\django\core\handlers\base.py", line 197, in _get_response
    response = wrapped_callback(request, *callback_args, **callback_kwargs)
               ^^^^^^^^^^^^^^^^^^^^^^^^^^^^^^^^^^^^^^^^^^^^^^^^^^^^^^^^^^^^
  File "C:\Users\rhashhanok\PycharmProjects\SLEX_02\base_app\views.py", line 228, in show_reports_operation
    context['form'] = SverkiForm()
                      ^^^^^^^^^^^^
TypeError: SverkiForm.__init__() missing 1 required positional argument: 'choice_contracts'
2025-04-04 11:50:32,446 urllib3.connectionpool DEBUG    Starting new HTTP connection (1): 172.172.185.67:80
2025-04-04 11:50:36,170 urllib3.connectionpool DEBUG    http://172.172.185.67:80 "GET /krd_itc_wms/odata/standard.odata//AccumulationRegister_%D0%9E%D1%81%D1%82%D0%B0%D1%82%D0%BA%D0%B8%D0%92%D0%9F%D0%BE%D0%BB%D0%BB%D0%B5%D1%82%D0%B0%D1%85/Balance?$format=json&$expand=%D0%9D%D0%BE%D0%BC%D0%B5%D0%BD%D0%BA%D0%BB%D0%B0%D1%82%D1%83%D1%80%D0%B0/Parent,%20%D0%AF%D1%87%D0%B5%D0%B9%D0%BA%D0%B0%D0%A5%D1%80%D0%B0%D0%BD%D0%B5%D0%BD%D0%B8%D1%8F/%D0%A1%D0%BA%D0%BB%D0%B0%D0%B4,%20%D0%A1%D0%B5%D1%80%D0%B8%D1%8F%D0%9D%D0%BE%D0%BC%D0%B5%D0%BD%D0%BA%D0%BB%D0%B0%D1%82%D1%83%D1%80%D1%8B&$select=%D0%9D%D0%BE%D0%BC%D0%B5%D0%BD%D0%BA%D0%BB%D0%B0%D1%82%D1%83%D1%80%D0%B0/Code,%D0%9D%D0%BE%D0%BC%D0%B5%D0%BD%D0%BA%D0%BB%D0%B0%D1%82%D1%83%D1%80%D0%B0/Description,%D0%9D%D0%BE%D0%BC%D0%B5%D0%BD%D0%BA%D0%BB%D0%B0%D1%82%D1%83%D1%80%D0%B0/%D0%90%D1%80%D1%82%D0%B8%D0%BA%D1%83%D0%BB,%D0%9D%D0%BE%D0%BC%D0%B5%D0%BD%D0%BA%D0%BB%D0%B0%D1%82%D1%83%D1%80%D0%B0/Parent/Description,%D0%9A%D0%BE%D0%BB%D0%B8%D1%87%D0%B5%D1%81%D1%82%D0%B2%D0%BEBalance,%D0%A1%D0%B5%D1%80%D0%B8%D1%8F%D0%9D%D0%BE%D0%BC%D0%B5%D0%BD%D0%BA%D0%BB%D0%B0%D1%82%D1%83%D1%80%D1%8B/%D0%94%D0%B0%D1%82%D0%B0%D0%9F%D1%80%D0%BE%D0%B8%D0%B7%D0%B2%D0%BE%D0%B4%D1%81%D1%82%D0%B2%D0%B0,%D0%A1%D0%B5%D1%80%D0%B8%D1%8F%D0%9D%D0%BE%D0%BC%D0%B5%D0%BD%D0%BA%D0%BB%D0%B0%D1%82%D1%83%D1%80%D1%8B/%D0%93%D0%BE%D0%B4%D0%B5%D0%BD%D0%94%D0%BE,%D0%AF%D1%87%D0%B5%D0%B9%D0%BA%D0%B0%D0%A5%D1%80%D0%B0%D0%BD%D0%B5%D0%BD%D0%B8%D1%8F/%D0%A1%D0%BA%D0%BB%D0%B0%D0%B4/Description&$orderby=%D0%9D%D0%BE%D0%BC%D0%B5%D0%BD%D0%BA%D0%BB%D0%B0%D1%82%D1%83%D1%80%D0%B0/%D0%90%D1%80%D1%82%D0%B8%D0%BA%D1%83%D0%BB&$filter=%D0%9D%D0%BE%D0%BC%D0%B5%D0%BD%D0%BA%D0%BB%D0%B0%D1%82%D1%83%D1%80%D0%B0/Parent/Code%20eq%20'391291' HTTP/1.1" 200 913886
2025-04-04 12:59:00,678 django.request WARNING  Not Found: /favicon.ico
2025-04-04 13:11:15,888 django.request WARNING  Not Found: /favicon.ico
2025-04-04 15:51:56,250 urllib3.connectionpool DEBUG    Starting new HTTP connection (1): 172.172.185.67:80
2025-04-04 15:51:59,529 urllib3.connectionpool DEBUG    http://172.172.185.67:80 "GET /vlg_itc_wms/odata/standard.odata//AccumulationRegister_%D0%9E%D1%81%D1%82%D0%B0%D1%82%D0%BA%D0%B8%D0%92%D0%9F%D0%BE%D0%BB%D0%BB%D0%B5%D1%82%D0%B0%D1%85/Balance?$format=json&$expand=%D0%9D%D0%BE%D0%BC%D0%B5%D0%BD%D0%BA%D0%BB%D0%B0%D1%82%D1%83%D1%80%D0%B0/Parent,%20%D0%AF%D1%87%D0%B5%D0%B9%D0%BA%D0%B0%D0%A5%D1%80%D0%B0%D0%BD%D0%B5%D0%BD%D0%B8%D1%8F/%D0%A1%D0%BA%D0%BB%D0%B0%D0%B4,%20%D0%A1%D0%B5%D1%80%D0%B8%D1%8F%D0%9D%D0%BE%D0%BC%D0%B5%D0%BD%D0%BA%D0%BB%D0%B0%D1%82%D1%83%D1%80%D1%8B&$select=%D0%9D%D0%BE%D0%BC%D0%B5%D0%BD%D0%BA%D0%BB%D0%B0%D1%82%D1%83%D1%80%D0%B0/Code,%D0%9D%D0%BE%D0%BC%D0%B5%D0%BD%D0%BA%D0%BB%D0%B0%D1%82%D1%83%D1%80%D0%B0/Description,%D0%9D%D0%BE%D0%BC%D0%B5%D0%BD%D0%BA%D0%BB%D0%B0%D1%82%D1%83%D1%80%D0%B0/%D0%90%D1%80%D1%82%D0%B8%D0%BA%D1%83%D0%BB,%D0%9D%D0%BE%D0%BC%D0%B5%D0%BD%D0%BA%D0%BB%D0%B0%D1%82%D1%83%D1%80%D0%B0/Parent/Description,%D0%9A%D0%BE%D0%BB%D0%B8%D1%87%D0%B5%D1%81%D1%82%D0%B2%D0%BEBalance,%D0%A1%D0%B5%D1%80%D0%B8%D1%8F%D0%9D%D0%BE%D0%BC%D0%B5%D0%BD%D0%BA%D0%BB%D0%B0%D1%82%D1%83%D1%80%D1%8B/%D0%94%D0%B0%D1%82%D0%B0%D0%9F%D1%80%D0%BE%D0%B8%D0%B7%D0%B2%D0%BE%D0%B4%D1%81%D1%82%D0%B2%D0%B0,%D0%A1%D0%B5%D1%80%D0%B8%D1%8F%D0%9D%D0%BE%D0%BC%D0%B5%D0%BD%D0%BA%D0%BB%D0%B0%D1%82%D1%83%D1%80%D1%8B/%D0%93%D0%BE%D0%B4%D0%B5%D0%BD%D0%94%D0%BE,%D0%AF%D1%87%D0%B5%D0%B9%D0%BA%D0%B0%D0%A5%D1%80%D0%B0%D0%BD%D0%B5%D0%BD%D0%B8%D1%8F/%D0%A1%D0%BA%D0%BB%D0%B0%D0%B4/Description&$orderby=%D0%9D%D0%BE%D0%BC%D0%B5%D0%BD%D0%BA%D0%BB%D0%B0%D1%82%D1%83%D1%80%D0%B0/%D0%90%D1%80%D1%82%D0%B8%D0%BA%D1%83%D0%BB&$filter=%D0%9D%D0%BE%D0%BC%D0%B5%D0%BD%D0%BA%D0%BB%D0%B0%D1%82%D1%83%D1%80%D0%B0/Parent/Code%20eq%20'304903' HTTP/1.1" 200 97511
2025-04-04 16:12:26,817 django.request WARNING  Not Found: /favicon.ico
2025-04-04 17:33:03,710 django.request WARNING  Not Found: /favicon.ico
2025-04-04 17:33:56,564 urllib3.connectionpool DEBUG    Starting new HTTP connection (1): 172.172.185.67:80
2025-04-04 17:34:13,382 urllib3.connectionpool DEBUG    http://172.172.185.67:80 "POST /krd_itc_wms/ru_RU/hs/PutData HTTP/1.1" 200 343
2025-04-07 09:41:30,666 django.request WARNING  Not Found: /favicon.ico
2025-04-07 09:43:07,580 django.request WARNING  Not Found: /favicon.ico
2025-04-07 10:30:52,851 django.request WARNING  Not Found: /favicon.ico
2025-04-07 10:31:12,808 urllib3.connectionpool DEBUG    Starting new HTTP connection (1): 172.172.185.67:80
2025-04-07 10:31:16,285 urllib3.connectionpool DEBUG    http://172.172.185.67:80 "GET /krd_itc_wms/odata/standard.odata//AccumulationRegister_%D0%9E%D1%81%D1%82%D0%B0%D1%82%D0%BA%D0%B8%D0%92%D0%9F%D0%BE%D0%BB%D0%BB%D0%B5%D1%82%D0%B0%D1%85/Balance?$format=json&$expand=%D0%9D%D0%BE%D0%BC%D0%B5%D0%BD%D0%BA%D0%BB%D0%B0%D1%82%D1%83%D1%80%D0%B0/Parent,%20%D0%AF%D1%87%D0%B5%D0%B9%D0%BA%D0%B0%D0%A5%D1%80%D0%B0%D0%BD%D0%B5%D0%BD%D0%B8%D1%8F/%D0%A1%D0%BA%D0%BB%D0%B0%D0%B4,%20%D0%A1%D0%B5%D1%80%D0%B8%D1%8F%D0%9D%D0%BE%D0%BC%D0%B5%D0%BD%D0%BA%D0%BB%D0%B0%D1%82%D1%83%D1%80%D1%8B&$select=%D0%9D%D0%BE%D0%BC%D0%B5%D0%BD%D0%BA%D0%BB%D0%B0%D1%82%D1%83%D1%80%D0%B0/Code,%D0%9D%D0%BE%D0%BC%D0%B5%D0%BD%D0%BA%D0%BB%D0%B0%D1%82%D1%83%D1%80%D0%B0/Description,%D0%9D%D0%BE%D0%BC%D0%B5%D0%BD%D0%BA%D0%BB%D0%B0%D1%82%D1%83%D1%80%D0%B0/%D0%90%D1%80%D1%82%D0%B8%D0%BA%D1%83%D0%BB,%D0%9D%D0%BE%D0%BC%D0%B5%D0%BD%D0%BA%D0%BB%D0%B0%D1%82%D1%83%D1%80%D0%B0/Parent/Description,%D0%9A%D0%BE%D0%BB%D0%B8%D1%87%D0%B5%D1%81%D1%82%D0%B2%D0%BEBalance,%D0%A1%D0%B5%D1%80%D0%B8%D1%8F%D0%9D%D0%BE%D0%BC%D0%B5%D0%BD%D0%BA%D0%BB%D0%B0%D1%82%D1%83%D1%80%D1%8B/%D0%94%D0%B0%D1%82%D0%B0%D0%9F%D1%80%D0%BE%D0%B8%D0%B7%D0%B2%D0%BE%D0%B4%D1%81%D1%82%D0%B2%D0%B0,%D0%A1%D0%B5%D1%80%D0%B8%D1%8F%D0%9D%D0%BE%D0%BC%D0%B5%D0%BD%D0%BA%D0%BB%D0%B0%D1%82%D1%83%D1%80%D1%8B/%D0%93%D0%BE%D0%B4%D0%B5%D0%BD%D0%94%D0%BE,%D0%AF%D1%87%D0%B5%D0%B9%D0%BA%D0%B0%D0%A5%D1%80%D0%B0%D0%BD%D0%B5%D0%BD%D0%B8%D1%8F/%D0%A1%D0%BA%D0%BB%D0%B0%D0%B4/Description&$orderby=%D0%9D%D0%BE%D0%BC%D0%B5%D0%BD%D0%BA%D0%BB%D0%B0%D1%82%D1%83%D1%80%D0%B0/%D0%90%D1%80%D1%82%D0%B8%D0%BA%D1%83%D0%BB&$filter=%D0%9D%D0%BE%D0%BC%D0%B5%D0%BD%D0%BA%D0%BB%D0%B0%D1%82%D1%83%D1%80%D0%B0/Parent/Code%20eq%20'304903' HTTP/1.1" 200 178557
2025-04-07 10:32:11,470 urllib3.connectionpool DEBUG    Starting new HTTP connection (1): 172.172.185.67:80
2025-04-07 10:32:13,980 urllib3.connectionpool DEBUG    Starting new HTTP connection (1): 172.172.185.67:80
2025-04-07 10:32:14,884 urllib3.connectionpool DEBUG    http://172.172.185.67:80 "GET /krd_itc_wms/odata/standard.odata//AccumulationRegister_%D0%9E%D1%81%D1%82%D0%B0%D1%82%D0%BA%D0%B8%D0%92%D0%9F%D0%BE%D0%BB%D0%BB%D0%B5%D1%82%D0%B0%D1%85/Balance?$format=json&$expand=%D0%9D%D0%BE%D0%BC%D0%B5%D0%BD%D0%BA%D0%BB%D0%B0%D1%82%D1%83%D1%80%D0%B0/Parent,%20%D0%AF%D1%87%D0%B5%D0%B9%D0%BA%D0%B0%D0%A5%D1%80%D0%B0%D0%BD%D0%B5%D0%BD%D0%B8%D1%8F/%D0%A1%D0%BA%D0%BB%D0%B0%D0%B4,%20%D0%A1%D0%B5%D1%80%D0%B8%D1%8F%D0%9D%D0%BE%D0%BC%D0%B5%D0%BD%D0%BA%D0%BB%D0%B0%D1%82%D1%83%D1%80%D1%8B&$select=%D0%9D%D0%BE%D0%BC%D0%B5%D0%BD%D0%BA%D0%BB%D0%B0%D1%82%D1%83%D1%80%D0%B0/Code,%D0%9D%D0%BE%D0%BC%D0%B5%D0%BD%D0%BA%D0%BB%D0%B0%D1%82%D1%83%D1%80%D0%B0/Description,%D0%9D%D0%BE%D0%BC%D0%B5%D0%BD%D0%BA%D0%BB%D0%B0%D1%82%D1%83%D1%80%D0%B0/%D0%90%D1%80%D1%82%D0%B8%D0%BA%D1%83%D0%BB,%D0%9D%D0%BE%D0%BC%D0%B5%D0%BD%D0%BA%D0%BB%D0%B0%D1%82%D1%83%D1%80%D0%B0/Parent/Description,%D0%9A%D0%BE%D0%BB%D0%B8%D1%87%D0%B5%D1%81%D1%82%D0%B2%D0%BEBalance,%D0%A1%D0%B5%D1%80%D0%B8%D1%8F%D0%9D%D0%BE%D0%BC%D0%B5%D0%BD%D0%BA%D0%BB%D0%B0%D1%82%D1%83%D1%80%D1%8B/%D0%94%D0%B0%D1%82%D0%B0%D0%9F%D1%80%D0%BE%D0%B8%D0%B7%D0%B2%D0%BE%D0%B4%D1%81%D1%82%D0%B2%D0%B0,%D0%A1%D0%B5%D1%80%D0%B8%D1%8F%D0%9D%D0%BE%D0%BC%D0%B5%D0%BD%D0%BA%D0%BB%D0%B0%D1%82%D1%83%D1%80%D1%8B/%D0%93%D0%BE%D0%B4%D0%B5%D0%BD%D0%94%D0%BE,%D0%AF%D1%87%D0%B5%D0%B9%D0%BA%D0%B0%D0%A5%D1%80%D0%B0%D0%BD%D0%B5%D0%BD%D0%B8%D1%8F/%D0%A1%D0%BA%D0%BB%D0%B0%D0%B4/Description&$orderby=%D0%9D%D0%BE%D0%BC%D0%B5%D0%BD%D0%BA%D0%BB%D0%B0%D1%82%D1%83%D1%80%D0%B0/%D0%90%D1%80%D1%82%D0%B8%D0%BA%D1%83%D0%BB&$filter=%D0%9D%D0%BE%D0%BC%D0%B5%D0%BD%D0%BA%D0%BB%D0%B0%D1%82%D1%83%D1%80%D0%B0/Parent/Code%20eq%20'391226' HTTP/1.1" 200 334099
2025-04-07 10:32:17,797 urllib3.connectionpool DEBUG    http://172.172.185.67:80 "GET /krd_itc_wms/odata/standard.odata//AccumulationRegister_%D0%9E%D1%81%D1%82%D0%B0%D1%82%D0%BA%D0%B8%D0%92%D0%9F%D0%BE%D0%BB%D0%BB%D0%B5%D1%82%D0%B0%D1%85/Balance?$format=json&$expand=%D0%9D%D0%BE%D0%BC%D0%B5%D0%BD%D0%BA%D0%BB%D0%B0%D1%82%D1%83%D1%80%D0%B0/Parent,%20%D0%AF%D1%87%D0%B5%D0%B9%D0%BA%D0%B0%D0%A5%D1%80%D0%B0%D0%BD%D0%B5%D0%BD%D0%B8%D1%8F/%D0%A1%D0%BA%D0%BB%D0%B0%D0%B4,%20%D0%A1%D0%B5%D1%80%D0%B8%D1%8F%D0%9D%D0%BE%D0%BC%D0%B5%D0%BD%D0%BA%D0%BB%D0%B0%D1%82%D1%83%D1%80%D1%8B&$select=%D0%9D%D0%BE%D0%BC%D0%B5%D0%BD%D0%BA%D0%BB%D0%B0%D1%82%D1%83%D1%80%D0%B0/Code,%D0%9D%D0%BE%D0%BC%D0%B5%D0%BD%D0%BA%D0%BB%D0%B0%D1%82%D1%83%D1%80%D0%B0/Description,%D0%9D%D0%BE%D0%BC%D0%B5%D0%BD%D0%BA%D0%BB%D0%B0%D1%82%D1%83%D1%80%D0%B0/%D0%90%D1%80%D1%82%D0%B8%D0%BA%D1%83%D0%BB,%D0%9D%D0%BE%D0%BC%D0%B5%D0%BD%D0%BA%D0%BB%D0%B0%D1%82%D1%83%D1%80%D0%B0/Parent/Description,%D0%9A%D0%BE%D0%BB%D0%B8%D1%87%D0%B5%D1%81%D1%82%D0%B2%D0%BEBalance,%D0%A1%D0%B5%D1%80%D0%B8%D1%8F%D0%9D%D0%BE%D0%BC%D0%B5%D0%BD%D0%BA%D0%BB%D0%B0%D1%82%D1%83%D1%80%D1%8B/%D0%94%D0%B0%D1%82%D0%B0%D0%9F%D1%80%D0%BE%D0%B8%D0%B7%D0%B2%D0%BE%D0%B4%D1%81%D1%82%D0%B2%D0%B0,%D0%A1%D0%B5%D1%80%D0%B8%D1%8F%D0%9D%D0%BE%D0%BC%D0%B5%D0%BD%D0%BA%D0%BB%D0%B0%D1%82%D1%83%D1%80%D1%8B/%D0%93%D0%BE%D0%B4%D0%B5%D0%BD%D0%94%D0%BE,%D0%AF%D1%87%D0%B5%D0%B9%D0%BA%D0%B0%D0%A5%D1%80%D0%B0%D0%BD%D0%B5%D0%BD%D0%B8%D1%8F/%D0%A1%D0%BA%D0%BB%D0%B0%D0%B4/Description&$orderby=%D0%9D%D0%BE%D0%BC%D0%B5%D0%BD%D0%BA%D0%BB%D0%B0%D1%82%D1%83%D1%80%D0%B0/%D0%90%D1%80%D1%82%D0%B8%D0%BA%D1%83%D0%BB&$filter=%D0%9D%D0%BE%D0%BC%D0%B5%D0%BD%D0%BA%D0%BB%D0%B0%D1%82%D1%83%D1%80%D0%B0/Parent/Code%20eq%20'391226' HTTP/1.1" 200 334099
2025-04-07 10:32:41,805 urllib3.connectionpool DEBUG    Starting new HTTP connection (1): 172.172.185.67:80
2025-04-07 10:32:45,071 urllib3.connectionpool DEBUG    http://172.172.185.67:80 "GET /krd_itc_wms/odata/standard.odata//AccumulationRegister_%D0%9E%D1%81%D1%82%D0%B0%D1%82%D0%BA%D0%B8%D0%92%D0%9F%D0%BE%D0%BB%D0%BB%D0%B5%D1%82%D0%B0%D1%85/Balance?$format=json&$expand=%D0%9D%D0%BE%D0%BC%D0%B5%D0%BD%D0%BA%D0%BB%D0%B0%D1%82%D1%83%D1%80%D0%B0/Parent,%20%D0%AF%D1%87%D0%B5%D0%B9%D0%BA%D0%B0%D0%A5%D1%80%D0%B0%D0%BD%D0%B5%D0%BD%D0%B8%D1%8F/%D0%A1%D0%BA%D0%BB%D0%B0%D0%B4,%20%D0%A1%D0%B5%D1%80%D0%B8%D1%8F%D0%9D%D0%BE%D0%BC%D0%B5%D0%BD%D0%BA%D0%BB%D0%B0%D1%82%D1%83%D1%80%D1%8B&$select=%D0%9D%D0%BE%D0%BC%D0%B5%D0%BD%D0%BA%D0%BB%D0%B0%D1%82%D1%83%D1%80%D0%B0/Code,%D0%9D%D0%BE%D0%BC%D0%B5%D0%BD%D0%BA%D0%BB%D0%B0%D1%82%D1%83%D1%80%D0%B0/Description,%D0%9D%D0%BE%D0%BC%D0%B5%D0%BD%D0%BA%D0%BB%D0%B0%D1%82%D1%83%D1%80%D0%B0/%D0%90%D1%80%D1%82%D0%B8%D0%BA%D1%83%D0%BB,%D0%9D%D0%BE%D0%BC%D0%B5%D0%BD%D0%BA%D0%BB%D0%B0%D1%82%D1%83%D1%80%D0%B0/Parent/Description,%D0%9A%D0%BE%D0%BB%D0%B8%D1%87%D0%B5%D1%81%D1%82%D0%B2%D0%BEBalance,%D0%A1%D0%B5%D1%80%D0%B8%D1%8F%D0%9D%D0%BE%D0%BC%D0%B5%D0%BD%D0%BA%D0%BB%D0%B0%D1%82%D1%83%D1%80%D1%8B/%D0%94%D0%B0%D1%82%D0%B0%D0%9F%D1%80%D0%BE%D0%B8%D0%B7%D0%B2%D0%BE%D0%B4%D1%81%D1%82%D0%B2%D0%B0,%D0%A1%D0%B5%D1%80%D0%B8%D1%8F%D0%9D%D0%BE%D0%BC%D0%B5%D0%BD%D0%BA%D0%BB%D0%B0%D1%82%D1%83%D1%80%D1%8B/%D0%93%D0%BE%D0%B4%D0%B5%D0%BD%D0%94%D0%BE,%D0%AF%D1%87%D0%B5%D0%B9%D0%BA%D0%B0%D0%A5%D1%80%D0%B0%D0%BD%D0%B5%D0%BD%D0%B8%D1%8F/%D0%A1%D0%BA%D0%BB%D0%B0%D0%B4/Description&$orderby=%D0%9D%D0%BE%D0%BC%D0%B5%D0%BD%D0%BA%D0%BB%D0%B0%D1%82%D1%83%D1%80%D0%B0/%D0%90%D1%80%D1%82%D0%B8%D0%BA%D1%83%D0%BB&$filter=%D0%9D%D0%BE%D0%BC%D0%B5%D0%BD%D0%BA%D0%BB%D0%B0%D1%82%D1%83%D1%80%D0%B0/Parent/Code%20eq%20'356959' HTTP/1.1" 200 22048
2025-04-07 10:33:01,035 urllib3.connectionpool DEBUG    Starting new HTTP connection (1): 172.172.185.67:80
2025-04-07 10:33:01,614 urllib3.connectionpool DEBUG    http://172.172.185.67:80 "GET /krd_itc_wms/odata/standard.odata//AccumulationRegister_%D0%9E%D1%81%D1%82%D0%B0%D1%82%D0%BA%D0%B8%D0%92%D0%9F%D0%BE%D0%BB%D0%BB%D0%B5%D1%82%D0%B0%D1%85/Balance?$format=json&$expand=%D0%9D%D0%BE%D0%BC%D0%B5%D0%BD%D0%BA%D0%BB%D0%B0%D1%82%D1%83%D1%80%D0%B0/Parent,%20%D0%AF%D1%87%D0%B5%D0%B9%D0%BA%D0%B0%D0%A5%D1%80%D0%B0%D0%BD%D0%B5%D0%BD%D0%B8%D1%8F/%D0%A1%D0%BA%D0%BB%D0%B0%D0%B4,%20%D0%A1%D0%B5%D1%80%D0%B8%D1%8F%D0%9D%D0%BE%D0%BC%D0%B5%D0%BD%D0%BA%D0%BB%D0%B0%D1%82%D1%83%D1%80%D1%8B&$select=%D0%9D%D0%BE%D0%BC%D0%B5%D0%BD%D0%BA%D0%BB%D0%B0%D1%82%D1%83%D1%80%D0%B0/Code,%D0%9D%D0%BE%D0%BC%D0%B5%D0%BD%D0%BA%D0%BB%D0%B0%D1%82%D1%83%D1%80%D0%B0/Description,%D0%9D%D0%BE%D0%BC%D0%B5%D0%BD%D0%BA%D0%BB%D0%B0%D1%82%D1%83%D1%80%D0%B0/%D0%90%D1%80%D1%82%D0%B8%D0%BA%D1%83%D0%BB,%D0%9D%D0%BE%D0%BC%D0%B5%D0%BD%D0%BA%D0%BB%D0%B0%D1%82%D1%83%D1%80%D0%B0/Parent/Description,%D0%9A%D0%BE%D0%BB%D0%B8%D1%87%D0%B5%D1%81%D1%82%D0%B2%D0%BEBalance,%D0%A1%D0%B5%D1%80%D0%B8%D1%8F%D0%9D%D0%BE%D0%BC%D0%B5%D0%BD%D0%BA%D0%BB%D0%B0%D1%82%D1%83%D1%80%D1%8B/%D0%94%D0%B0%D1%82%D0%B0%D0%9F%D1%80%D0%BE%D0%B8%D0%B7%D0%B2%D0%BE%D0%B4%D1%81%D1%82%D0%B2%D0%B0,%D0%A1%D0%B5%D1%80%D0%B8%D1%8F%D0%9D%D0%BE%D0%BC%D0%B5%D0%BD%D0%BA%D0%BB%D0%B0%D1%82%D1%83%D1%80%D1%8B/%D0%93%D0%BE%D0%B4%D0%B5%D0%BD%D0%94%D0%BE,%D0%AF%D1%87%D0%B5%D0%B9%D0%BA%D0%B0%D0%A5%D1%80%D0%B0%D0%BD%D0%B5%D0%BD%D0%B8%D1%8F/%D0%A1%D0%BA%D0%BB%D0%B0%D0%B4/Description&$orderby=%D0%9D%D0%BE%D0%BC%D0%B5%D0%BD%D0%BA%D0%BB%D0%B0%D1%82%D1%83%D1%80%D0%B0/%D0%90%D1%80%D1%82%D0%B8%D0%BA%D1%83%D0%BB&$filter=%D0%9D%D0%BE%D0%BC%D0%B5%D0%BD%D0%BA%D0%BB%D0%B0%D1%82%D1%83%D1%80%D0%B0/Parent/Code%20eq%20'391291' HTTP/1.1" 200 917911
2025-04-07 10:33:01,733 django.request ERROR    Internal Server Error: /krd/contracts/agrokompleks/comparison-stock/load_stocks
Traceback (most recent call last):
  File "strptime.pyx", line 415, in pandas._libs.tslibs.strptime.array_strptime
OverflowError: Overflow occurred in npy_datetimestruct_to_datetime

The above exception was the direct cause of the following exception:

Traceback (most recent call last):
  File "C:\Users\rhashhanok\PycharmProjects\SLEX_02\.venv\Lib\site-packages\django\core\handlers\exception.py", line 55, in inner
    response = get_response(request)
               ^^^^^^^^^^^^^^^^^^^^^
  File "C:\Users\rhashhanok\PycharmProjects\SLEX_02\.venv\Lib\site-packages\django\core\handlers\base.py", line 197, in _get_response
    response = wrapped_callback(request, *callback_args, **callback_kwargs)
               ^^^^^^^^^^^^^^^^^^^^^^^^^^^^^^^^^^^^^^^^^^^^^^^^^^^^^^^^^^^^
  File "C:\Users\rhashhanok\PycharmProjects\SLEX_02\base_app\views.py", line 187, in event_load_stock
    __file_wms_stock = WmsStocks(_contract=context['contract']).get_goods_by_guid_group(
                       ^^^^^^^^^^^^^^^^^^^^^^^^^^^^^^^^^^^^^^^^^^^^^^^^^^^^^^^^^^^^^^^^^
  File "C:\Users\rhashhanok\PycharmProjects\SLEX_02\wms_app\models.py", line 141, in get_goods_by_guid_group
    _file_name = self.save_reports_stock()
                 ^^^^^^^^^^^^^^^^^^^^^^^^^
  File "C:\Users\rhashhanok\PycharmProjects\SLEX_02\wms_app\models.py", line 23, in save_reports_stock
    _df = self.__date_reformat(_df)
          ^^^^^^^^^^^^^^^^^^^^^^^^^
  File "C:\Users\rhashhanok\PycharmProjects\SLEX_02\wms_app\models.py", line 31, in __date_reformat
    _df[col] = pd.to_datetime(_df[col])
               ^^^^^^^^^^^^^^^^^^^^^^^^
  File "C:\Users\rhashhanok\PycharmProjects\SLEX_02\.venv\Lib\site-packages\pandas\core\tools\datetimes.py", line 1063, in to_datetime
    cache_array = _maybe_cache(arg, format, cache, convert_listlike)
                  ^^^^^^^^^^^^^^^^^^^^^^^^^^^^^^^^^^^^^^^^^^^^^^^^^^
  File "C:\Users\rhashhanok\PycharmProjects\SLEX_02\.venv\Lib\site-packages\pandas\core\tools\datetimes.py", line 247, in _maybe_cache
    cache_dates = convert_listlike(unique_dates, format)
                  ^^^^^^^^^^^^^^^^^^^^^^^^^^^^^^^^^^^^^^
  File "C:\Users\rhashhanok\PycharmProjects\SLEX_02\.venv\Lib\site-packages\pandas\core\tools\datetimes.py", line 433, in _convert_listlike_datetimes
    return _array_strptime_with_fallback(arg, name, utc, format, exact, errors)
           ^^^^^^^^^^^^^^^^^^^^^^^^^^^^^^^^^^^^^^^^^^^^^^^^^^^^^^^^^^^^^^^^^^^^
  File "C:\Users\rhashhanok\PycharmProjects\SLEX_02\.venv\Lib\site-packages\pandas\core\tools\datetimes.py", line 467, in _array_strptime_with_fallback
    result, tz_out = array_strptime(arg, fmt, exact=exact, errors=errors, utc=utc)
                     ^^^^^^^^^^^^^^^^^^^^^^^^^^^^^^^^^^^^^^^^^^^^^^^^^^^^^^^^^^^^^
  File "strptime.pyx", line 501, in pandas._libs.tslibs.strptime.array_strptime
  File "strptime.pyx", line 418, in pandas._libs.tslibs.strptime.array_strptime
pandas._libs.tslibs.np_datetime.OutOfBoundsDatetime: Out of bounds nanosecond timestamp: 0001-01-01T00:00:00, at position 252. You might want to try:
    - passing `format` if your strings have a consistent format;
    - passing `format='ISO8601'` if your strings are all ISO8601 but not necessarily in exactly the same format;
    - passing `format='mixed'`, and the format will be inferred for each element individually. You might want to use `dayfirst` alongside this.
2025-04-07 10:33:13,323 urllib3.connectionpool DEBUG    Starting new HTTP connection (1): 172.172.185.67:80
2025-04-07 10:33:14,018 urllib3.connectionpool DEBUG    http://172.172.185.67:80 "GET /krd_itc_wms/odata/standard.odata//AccumulationRegister_%D0%9E%D1%81%D1%82%D0%B0%D1%82%D0%BA%D0%B8%D0%92%D0%9F%D0%BE%D0%BB%D0%BB%D0%B5%D1%82%D0%B0%D1%85/Balance?$format=json&$expand=%D0%9D%D0%BE%D0%BC%D0%B5%D0%BD%D0%BA%D0%BB%D0%B0%D1%82%D1%83%D1%80%D0%B0/Parent,%20%D0%AF%D1%87%D0%B5%D0%B9%D0%BA%D0%B0%D0%A5%D1%80%D0%B0%D0%BD%D0%B5%D0%BD%D0%B8%D1%8F/%D0%A1%D0%BA%D0%BB%D0%B0%D0%B4,%20%D0%A1%D0%B5%D1%80%D0%B8%D1%8F%D0%9D%D0%BE%D0%BC%D0%B5%D0%BD%D0%BA%D0%BB%D0%B0%D1%82%D1%83%D1%80%D1%8B&$select=%D0%9D%D0%BE%D0%BC%D0%B5%D0%BD%D0%BA%D0%BB%D0%B0%D1%82%D1%83%D1%80%D0%B0/Code,%D0%9D%D0%BE%D0%BC%D0%B5%D0%BD%D0%BA%D0%BB%D0%B0%D1%82%D1%83%D1%80%D0%B0/Description,%D0%9D%D0%BE%D0%BC%D0%B5%D0%BD%D0%BA%D0%BB%D0%B0%D1%82%D1%83%D1%80%D0%B0/%D0%90%D1%80%D1%82%D0%B8%D0%BA%D1%83%D0%BB,%D0%9D%D0%BE%D0%BC%D0%B5%D0%BD%D0%BA%D0%BB%D0%B0%D1%82%D1%83%D1%80%D0%B0/Parent/Description,%D0%9A%D0%BE%D0%BB%D0%B8%D1%87%D0%B5%D1%81%D1%82%D0%B2%D0%BEBalance,%D0%A1%D0%B5%D1%80%D0%B8%D1%8F%D0%9D%D0%BE%D0%BC%D0%B5%D0%BD%D0%BA%D0%BB%D0%B0%D1%82%D1%83%D1%80%D1%8B/%D0%94%D0%B0%D1%82%D0%B0%D0%9F%D1%80%D0%BE%D0%B8%D0%B7%D0%B2%D0%BE%D0%B4%D1%81%D1%82%D0%B2%D0%B0,%D0%A1%D0%B5%D1%80%D0%B8%D1%8F%D0%9D%D0%BE%D0%BC%D0%B5%D0%BD%D0%BA%D0%BB%D0%B0%D1%82%D1%83%D1%80%D1%8B/%D0%93%D0%BE%D0%B4%D0%B5%D0%BD%D0%94%D0%BE,%D0%AF%D1%87%D0%B5%D0%B9%D0%BA%D0%B0%D0%A5%D1%80%D0%B0%D0%BD%D0%B5%D0%BD%D0%B8%D1%8F/%D0%A1%D0%BA%D0%BB%D0%B0%D0%B4/Description&$orderby=%D0%9D%D0%BE%D0%BC%D0%B5%D0%BD%D0%BA%D0%BB%D0%B0%D1%82%D1%83%D1%80%D0%B0/%D0%90%D1%80%D1%82%D0%B8%D0%BA%D1%83%D0%BB&$filter=%D0%9D%D0%BE%D0%BC%D0%B5%D0%BD%D0%BA%D0%BB%D0%B0%D1%82%D1%83%D1%80%D0%B0/Parent/Code%20eq%20'391291' HTTP/1.1" 200 917911
2025-04-07 10:33:14,112 django.request ERROR    Internal Server Error: /krd/contracts/agrokompleks/comparison-stock/load_stocks
Traceback (most recent call last):
  File "strptime.pyx", line 415, in pandas._libs.tslibs.strptime.array_strptime
OverflowError: Overflow occurred in npy_datetimestruct_to_datetime

The above exception was the direct cause of the following exception:

Traceback (most recent call last):
  File "C:\Users\rhashhanok\PycharmProjects\SLEX_02\.venv\Lib\site-packages\django\core\handlers\exception.py", line 55, in inner
    response = get_response(request)
               ^^^^^^^^^^^^^^^^^^^^^
  File "C:\Users\rhashhanok\PycharmProjects\SLEX_02\.venv\Lib\site-packages\django\core\handlers\base.py", line 197, in _get_response
    response = wrapped_callback(request, *callback_args, **callback_kwargs)
               ^^^^^^^^^^^^^^^^^^^^^^^^^^^^^^^^^^^^^^^^^^^^^^^^^^^^^^^^^^^^
  File "C:\Users\rhashhanok\PycharmProjects\SLEX_02\base_app\views.py", line 187, in event_load_stock
    __file_wms_stock = WmsStocks(_contract=context['contract']).get_goods_by_guid_group(
                       ^^^^^^^^^^^^^^^^^^^^^^^^^^^^^^^^^^^^^^^^^^^^^^^^^^^^^^^^^^^^^^^^^
  File "C:\Users\rhashhanok\PycharmProjects\SLEX_02\wms_app\models.py", line 141, in get_goods_by_guid_group
    _file_name = self.save_reports_stock()
                 ^^^^^^^^^^^^^^^^^^^^^^^^^
  File "C:\Users\rhashhanok\PycharmProjects\SLEX_02\wms_app\models.py", line 23, in save_reports_stock
    _df = self.__date_reformat(_df)
          ^^^^^^^^^^^^^^^^^^^^^^^^^
  File "C:\Users\rhashhanok\PycharmProjects\SLEX_02\wms_app\models.py", line 31, in __date_reformat
    _df[col] = pd.to_datetime(_df[col])
               ^^^^^^^^^^^^^^^^^^^^^^^^
  File "C:\Users\rhashhanok\PycharmProjects\SLEX_02\.venv\Lib\site-packages\pandas\core\tools\datetimes.py", line 1063, in to_datetime
    cache_array = _maybe_cache(arg, format, cache, convert_listlike)
                  ^^^^^^^^^^^^^^^^^^^^^^^^^^^^^^^^^^^^^^^^^^^^^^^^^^
  File "C:\Users\rhashhanok\PycharmProjects\SLEX_02\.venv\Lib\site-packages\pandas\core\tools\datetimes.py", line 247, in _maybe_cache
    cache_dates = convert_listlike(unique_dates, format)
                  ^^^^^^^^^^^^^^^^^^^^^^^^^^^^^^^^^^^^^^
  File "C:\Users\rhashhanok\PycharmProjects\SLEX_02\.venv\Lib\site-packages\pandas\core\tools\datetimes.py", line 433, in _convert_listlike_datetimes
    return _array_strptime_with_fallback(arg, name, utc, format, exact, errors)
           ^^^^^^^^^^^^^^^^^^^^^^^^^^^^^^^^^^^^^^^^^^^^^^^^^^^^^^^^^^^^^^^^^^^^
  File "C:\Users\rhashhanok\PycharmProjects\SLEX_02\.venv\Lib\site-packages\pandas\core\tools\datetimes.py", line 467, in _array_strptime_with_fallback
    result, tz_out = array_strptime(arg, fmt, exact=exact, errors=errors, utc=utc)
                     ^^^^^^^^^^^^^^^^^^^^^^^^^^^^^^^^^^^^^^^^^^^^^^^^^^^^^^^^^^^^^
  File "strptime.pyx", line 501, in pandas._libs.tslibs.strptime.array_strptime
  File "strptime.pyx", line 418, in pandas._libs.tslibs.strptime.array_strptime
pandas._libs.tslibs.np_datetime.OutOfBoundsDatetime: Out of bounds nanosecond timestamp: 0001-01-01T00:00:00, at position 252. You might want to try:
    - passing `format` if your strings have a consistent format;
    - passing `format='ISO8601'` if your strings are all ISO8601 but not necessarily in exactly the same format;
    - passing `format='mixed'`, and the format will be inferred for each element individually. You might want to use `dayfirst` alongside this.
2025-04-07 13:35:17,347 django.request WARNING  Not Found: /favicon.ico
2025-04-07 13:35:19,018 django.request ERROR    Internal Server Error: /vlg/contracts/obedinennye-konditery-volgograd
Traceback (most recent call last):
  File "C:\Users\rhashhanok\PycharmProjects\SLEX_02\.venv\Lib\site-packages\django\core\handlers\exception.py", line 55, in inner
    response = get_response(request)
               ^^^^^^^^^^^^^^^^^^^^^
  File "C:\Users\rhashhanok\PycharmProjects\SLEX_02\.venv\Lib\site-packages\django\core\handlers\base.py", line 197, in _get_response
    response = wrapped_callback(request, *callback_args, **callback_kwargs)
               ^^^^^^^^^^^^^^^^^^^^^^^^^^^^^^^^^^^^^^^^^^^^^^^^^^^^^^^^^^^^
  File "C:\Users\rhashhanok\PycharmProjects\SLEX_02\base_app\views.py", line 91, in show_operations
    context['contract'] = Contracts.objects.get(filial__slug=context['filial'].slug, slug=kwargs['_contract_slug'])
                                                             ~~~~~~~^^^^^^^^^^
KeyError: 'filial'
2025-04-07 13:35:19,092 django.request WARNING  Not Found: /favicon.ico
2025-04-07 13:35:23,921 django.request ERROR    Internal Server Error: /krd/contracts/toshev-rf/process_applications
Traceback (most recent call last):
  File "C:\Users\rhashhanok\PycharmProjects\SLEX_02\.venv\Lib\site-packages\django\core\handlers\exception.py", line 55, in inner
    response = get_response(request)
               ^^^^^^^^^^^^^^^^^^^^^
  File "C:\Users\rhashhanok\PycharmProjects\SLEX_02\.venv\Lib\site-packages\django\core\handlers\base.py", line 197, in _get_response
    response = wrapped_callback(request, *callback_args, **callback_kwargs)
               ^^^^^^^^^^^^^^^^^^^^^^^^^^^^^^^^^^^^^^^^^^^^^^^^^^^^^^^^^^^^
  File "C:\Users\rhashhanok\PycharmProjects\SLEX_02\base_app\views.py", line 99, in show_choice_operation
    return render(request, f'base_app/operations.html', context=context)
           ^^^^^^^^^^^^^^^^^^^^^^^^^^^^^^^^^^^^^^^^^^^^^^^^^^^^^^^^^^^^^
  File "C:\Users\rhashhanok\PycharmProjects\SLEX_02\.venv\Lib\site-packages\django\shortcuts.py", line 25, in render
    content = loader.render_to_string(template_name, context, request, using=using)
              ^^^^^^^^^^^^^^^^^^^^^^^^^^^^^^^^^^^^^^^^^^^^^^^^^^^^^^^^^^^^^^^^^^^^^
  File "C:\Users\rhashhanok\PycharmProjects\SLEX_02\.venv\Lib\site-packages\django\template\loader.py", line 62, in render_to_string
    return template.render(context, request)
           ^^^^^^^^^^^^^^^^^^^^^^^^^^^^^^^^^
  File "C:\Users\rhashhanok\PycharmProjects\SLEX_02\.venv\Lib\site-packages\django\template\backends\django.py", line 61, in render
    return self.template.render(context)
           ^^^^^^^^^^^^^^^^^^^^^^^^^^^^^
  File "C:\Users\rhashhanok\PycharmProjects\SLEX_02\.venv\Lib\site-packages\django\template\base.py", line 171, in render
    return self._render(context)
           ^^^^^^^^^^^^^^^^^^^^^
  File "C:\Users\rhashhanok\PycharmProjects\SLEX_02\.venv\Lib\site-packages\django\template\base.py", line 163, in _render
    return self.nodelist.render(context)
           ^^^^^^^^^^^^^^^^^^^^^^^^^^^^^
  File "C:\Users\rhashhanok\PycharmProjects\SLEX_02\.venv\Lib\site-packages\django\template\base.py", line 1000, in render
    return SafeString("".join([node.render_annotated(context) for node in self]))
                               ^^^^^^^^^^^^^^^^^^^^^^^^^^^^^^
  File "C:\Users\rhashhanok\PycharmProjects\SLEX_02\.venv\Lib\site-packages\django\template\base.py", line 961, in render_annotated
    return self.render(context)
           ^^^^^^^^^^^^^^^^^^^^
  File "C:\Users\rhashhanok\PycharmProjects\SLEX_02\.venv\Lib\site-packages\django\template\loader_tags.py", line 159, in render
    return compiled_parent._render(context)
           ^^^^^^^^^^^^^^^^^^^^^^^^^^^^^^^^
  File "C:\Users\rhashhanok\PycharmProjects\SLEX_02\.venv\Lib\site-packages\django\template\base.py", line 163, in _render
    return self.nodelist.render(context)
           ^^^^^^^^^^^^^^^^^^^^^^^^^^^^^
  File "C:\Users\rhashhanok\PycharmProjects\SLEX_02\.venv\Lib\site-packages\django\template\base.py", line 1000, in render
    return SafeString("".join([node.render_annotated(context) for node in self]))
                               ^^^^^^^^^^^^^^^^^^^^^^^^^^^^^^
  File "C:\Users\rhashhanok\PycharmProjects\SLEX_02\.venv\Lib\site-packages\django\template\base.py", line 961, in render_annotated
    return self.render(context)
           ^^^^^^^^^^^^^^^^^^^^
  File "C:\Users\rhashhanok\PycharmProjects\SLEX_02\.venv\Lib\site-packages\django\template\loader_tags.py", line 65, in render
    result = block.nodelist.render(context)
             ^^^^^^^^^^^^^^^^^^^^^^^^^^^^^^
  File "C:\Users\rhashhanok\PycharmProjects\SLEX_02\.venv\Lib\site-packages\django\template\base.py", line 1000, in render
    return SafeString("".join([node.render_annotated(context) for node in self]))
                               ^^^^^^^^^^^^^^^^^^^^^^^^^^^^^^
  File "C:\Users\rhashhanok\PycharmProjects\SLEX_02\.venv\Lib\site-packages\django\template\base.py", line 961, in render_annotated
    return self.render(context)
           ^^^^^^^^^^^^^^^^^^^^
  File "C:\Users\rhashhanok\PycharmProjects\SLEX_02\.venv\Lib\site-packages\django\template\defaulttags.py", line 326, in render
    return nodelist.render(context)
           ^^^^^^^^^^^^^^^^^^^^^^^^
  File "C:\Users\rhashhanok\PycharmProjects\SLEX_02\.venv\Lib\site-packages\django\template\base.py", line 1000, in render
    return SafeString("".join([node.render_annotated(context) for node in self]))
                               ^^^^^^^^^^^^^^^^^^^^^^^^^^^^^^
  File "C:\Users\rhashhanok\PycharmProjects\SLEX_02\.venv\Lib\site-packages\django\template\base.py", line 961, in render_annotated
    return self.render(context)
           ^^^^^^^^^^^^^^^^^^^^
  File "C:\Users\rhashhanok\PycharmProjects\SLEX_02\.venv\Lib\site-packages\django\template\defaulttags.py", line 326, in render
    return nodelist.render(context)
           ^^^^^^^^^^^^^^^^^^^^^^^^
  File "C:\Users\rhashhanok\PycharmProjects\SLEX_02\.venv\Lib\site-packages\django\template\base.py", line 1000, in render
    return SafeString("".join([node.render_annotated(context) for node in self]))
                               ^^^^^^^^^^^^^^^^^^^^^^^^^^^^^^
  File "C:\Users\rhashhanok\PycharmProjects\SLEX_02\.venv\Lib\site-packages\django\template\base.py", line 961, in render_annotated
    return self.render(context)
           ^^^^^^^^^^^^^^^^^^^^
  File "C:\Users\rhashhanok\PycharmProjects\SLEX_02\.venv\Lib\site-packages\django\template\defaulttags.py", line 479, in render
    url = reverse(view_name, args=args, kwargs=kwargs, current_app=current_app)
          ^^^^^^^^^^^^^^^^^^^^^^^^^^^^^^^^^^^^^^^^^^^^^^^^^^^^^^^^^^^^^^^^^^^^^
  File "C:\Users\rhashhanok\PycharmProjects\SLEX_02\.venv\Lib\site-packages\django\urls\base.py", line 88, in reverse
    return resolver._reverse_with_prefix(view, prefix, *args, **kwargs)
           ^^^^^^^^^^^^^^^^^^^^^^^^^^^^^^^^^^^^^^^^^^^^^^^^^^^^^^^^^^^^
  File "C:\Users\rhashhanok\PycharmProjects\SLEX_02\.venv\Lib\site-packages\django\urls\resolvers.py", line 851, in _reverse_with_prefix
    raise NoReverseMatch(msg)
django.urls.exceptions.NoReverseMatch: Reverse for 'event_load_file' with keyword arguments '{'_filial_slug': '', '_contract_slug': '', '_operation_slug': 'process_applications'}' not found. 1 pattern(s) tried: ['(?P<_filial_slug>[-a-zA-Z0-9_]+)/contracts/(?P<_contract_slug>[-a-zA-Z0-9_]+)/(?P<_operation_slug>[-a-zA-Z0-9_]+)/load_file\\Z']
2025-04-07 13:35:43,359 django.request ERROR    Internal Server Error: /krd/contracts/toshev-rf/process_applications/load_file
Traceback (most recent call last):
  File "C:\Users\rhashhanok\PycharmProjects\SLEX_02\.venv\Lib\site-packages\django\core\handlers\exception.py", line 55, in inner
    response = get_response(request)
               ^^^^^^^^^^^^^^^^^^^^^
  File "C:\Users\rhashhanok\PycharmProjects\SLEX_02\.venv\Lib\site-packages\django\core\handlers\base.py", line 197, in _get_response
    response = wrapped_callback(request, *callback_args, **callback_kwargs)
               ^^^^^^^^^^^^^^^^^^^^^^^^^^^^^^^^^^^^^^^^^^^^^^^^^^^^^^^^^^^^
  File "C:\Users\rhashhanok\PycharmProjects\SLEX_02\base_app\views.py", line 154, in event_load_file
    res, error_valid = dict_module[context['contract'].slug].start(file, context['contract'])
                       ~~~~~~~~~~~^^^^^^^^^^^^^^^^^^^^^^^^^^
KeyError: 'obedinennye-konditery-volgograd'
2025-04-07 13:59:43,100 urllib3.connectionpool DEBUG    Starting new HTTP connection (1): 172.172.185.67:80
2025-04-07 13:59:43,487 urllib3.connectionpool DEBUG    http://172.172.185.67:80 "GET /krd_itc_wms/odata/standard.odata//AccumulationRegister_%D0%9E%D1%81%D1%82%D0%B0%D1%82%D0%BA%D0%B8%D0%92%D0%9F%D0%BE%D0%BB%D0%BB%D0%B5%D1%82%D0%B0%D1%85/Balance?$format=json&$expand=%D0%9D%D0%BE%D0%BC%D0%B5%D0%BD%D0%BA%D0%BB%D0%B0%D1%82%D1%83%D1%80%D0%B0/Parent,%20%D0%AF%D1%87%D0%B5%D0%B9%D0%BA%D0%B0%D0%A5%D1%80%D0%B0%D0%BD%D0%B5%D0%BD%D0%B8%D1%8F/%D0%A1%D0%BA%D0%BB%D0%B0%D0%B4,%20%D0%A1%D0%B5%D1%80%D0%B8%D1%8F%D0%9D%D0%BE%D0%BC%D0%B5%D0%BD%D0%BA%D0%BB%D0%B0%D1%82%D1%83%D1%80%D1%8B&$select=%D0%9D%D0%BE%D0%BC%D0%B5%D0%BD%D0%BA%D0%BB%D0%B0%D1%82%D1%83%D1%80%D0%B0/Code,%D0%9D%D0%BE%D0%BC%D0%B5%D0%BD%D0%BA%D0%BB%D0%B0%D1%82%D1%83%D1%80%D0%B0/Description,%D0%9D%D0%BE%D0%BC%D0%B5%D0%BD%D0%BA%D0%BB%D0%B0%D1%82%D1%83%D1%80%D0%B0/%D0%90%D1%80%D1%82%D0%B8%D0%BA%D1%83%D0%BB,%D0%9D%D0%BE%D0%BC%D0%B5%D0%BD%D0%BA%D0%BB%D0%B0%D1%82%D1%83%D1%80%D0%B0/Parent/Description,%D0%9A%D0%BE%D0%BB%D0%B8%D1%87%D0%B5%D1%81%D1%82%D0%B2%D0%BEBalance,%D0%A1%D0%B5%D1%80%D0%B8%D1%8F%D0%9D%D0%BE%D0%BC%D0%B5%D0%BD%D0%BA%D0%BB%D0%B0%D1%82%D1%83%D1%80%D1%8B/%D0%94%D0%B0%D1%82%D0%B0%D0%9F%D1%80%D0%BE%D0%B8%D0%B7%D0%B2%D0%BE%D0%B4%D1%81%D1%82%D0%B2%D0%B0,%D0%A1%D0%B5%D1%80%D0%B8%D1%8F%D0%9D%D0%BE%D0%BC%D0%B5%D0%BD%D0%BA%D0%BB%D0%B0%D1%82%D1%83%D1%80%D1%8B/%D0%93%D0%BE%D0%B4%D0%B5%D0%BD%D0%94%D0%BE,%D0%AF%D1%87%D0%B5%D0%B9%D0%BA%D0%B0%D0%A5%D1%80%D0%B0%D0%BD%D0%B5%D0%BD%D0%B8%D1%8F/%D0%A1%D0%BA%D0%BB%D0%B0%D0%B4/Description&$orderby=%D0%9D%D0%BE%D0%BC%D0%B5%D0%BD%D0%BA%D0%BB%D0%B0%D1%82%D1%83%D1%80%D0%B0/%D0%90%D1%80%D1%82%D0%B8%D0%BA%D1%83%D0%BB&$filter=%D0%9D%D0%BE%D0%BC%D0%B5%D0%BD%D0%BA%D0%BB%D0%B0%D1%82%D1%83%D1%80%D0%B0/Parent/Code%20eq%20'356959' HTTP/1.1" 200 22048
2025-04-07 13:59:58,004 urllib3.connectionpool DEBUG    Starting new HTTP connection (1): 172.172.185.67:80
2025-04-07 13:59:58,815 urllib3.connectionpool DEBUG    http://172.172.185.67:80 "GET /krd_itc_wms/odata/standard.odata//AccumulationRegister_%D0%9E%D1%81%D1%82%D0%B0%D1%82%D0%BA%D0%B8%D0%92%D0%9F%D0%BE%D0%BB%D0%BB%D0%B5%D1%82%D0%B0%D1%85/Balance?$format=json&$expand=%D0%9D%D0%BE%D0%BC%D0%B5%D0%BD%D0%BA%D0%BB%D0%B0%D1%82%D1%83%D1%80%D0%B0/Parent,%20%D0%AF%D1%87%D0%B5%D0%B9%D0%BA%D0%B0%D0%A5%D1%80%D0%B0%D0%BD%D0%B5%D0%BD%D0%B8%D1%8F/%D0%A1%D0%BA%D0%BB%D0%B0%D0%B4,%20%D0%A1%D0%B5%D1%80%D0%B8%D1%8F%D0%9D%D0%BE%D0%BC%D0%B5%D0%BD%D0%BA%D0%BB%D0%B0%D1%82%D1%83%D1%80%D1%8B&$select=%D0%9D%D0%BE%D0%BC%D0%B5%D0%BD%D0%BA%D0%BB%D0%B0%D1%82%D1%83%D1%80%D0%B0/Code,%D0%9D%D0%BE%D0%BC%D0%B5%D0%BD%D0%BA%D0%BB%D0%B0%D1%82%D1%83%D1%80%D0%B0/Description,%D0%9D%D0%BE%D0%BC%D0%B5%D0%BD%D0%BA%D0%BB%D0%B0%D1%82%D1%83%D1%80%D0%B0/%D0%90%D1%80%D1%82%D0%B8%D0%BA%D1%83%D0%BB,%D0%9D%D0%BE%D0%BC%D0%B5%D0%BD%D0%BA%D0%BB%D0%B0%D1%82%D1%83%D1%80%D0%B0/Parent/Description,%D0%9A%D0%BE%D0%BB%D0%B8%D1%87%D0%B5%D1%81%D1%82%D0%B2%D0%BEBalance,%D0%A1%D0%B5%D1%80%D0%B8%D1%8F%D0%9D%D0%BE%D0%BC%D0%B5%D0%BD%D0%BA%D0%BB%D0%B0%D1%82%D1%83%D1%80%D1%8B/%D0%94%D0%B0%D1%82%D0%B0%D0%9F%D1%80%D0%BE%D0%B8%D0%B7%D0%B2%D0%BE%D0%B4%D1%81%D1%82%D0%B2%D0%B0,%D0%A1%D0%B5%D1%80%D0%B8%D1%8F%D0%9D%D0%BE%D0%BC%D0%B5%D0%BD%D0%BA%D0%BB%D0%B0%D1%82%D1%83%D1%80%D1%8B/%D0%93%D0%BE%D0%B4%D0%B5%D0%BD%D0%94%D0%BE,%D0%AF%D1%87%D0%B5%D0%B9%D0%BA%D0%B0%D0%A5%D1%80%D0%B0%D0%BD%D0%B5%D0%BD%D0%B8%D1%8F/%D0%A1%D0%BA%D0%BB%D0%B0%D0%B4/Description&$orderby=%D0%9D%D0%BE%D0%BC%D0%B5%D0%BD%D0%BA%D0%BB%D0%B0%D1%82%D1%83%D1%80%D0%B0/%D0%90%D1%80%D1%82%D0%B8%D0%BA%D1%83%D0%BB&$filter=%D0%9D%D0%BE%D0%BC%D0%B5%D0%BD%D0%BA%D0%BB%D0%B0%D1%82%D1%83%D1%80%D0%B0/Parent/Code%20eq%20'391226' HTTP/1.1" 200 351166
2025-04-07 14:00:43,748 urllib3.connectionpool DEBUG    Starting new HTTP connection (1): 172.172.185.67:80
2025-04-07 14:00:47,729 urllib3.connectionpool DEBUG    http://172.172.185.67:80 "GET /krd_itc_wms/odata/standard.odata//AccumulationRegister_%D0%9E%D1%81%D1%82%D0%B0%D1%82%D0%BA%D0%B8%D0%92%D0%9F%D0%BE%D0%BB%D0%BB%D0%B5%D1%82%D0%B0%D1%85/Balance?$format=json&$expand=%D0%9D%D0%BE%D0%BC%D0%B5%D0%BD%D0%BA%D0%BB%D0%B0%D1%82%D1%83%D1%80%D0%B0/Parent,%20%D0%AF%D1%87%D0%B5%D0%B9%D0%BA%D0%B0%D0%A5%D1%80%D0%B0%D0%BD%D0%B5%D0%BD%D0%B8%D1%8F/%D0%A1%D0%BA%D0%BB%D0%B0%D0%B4,%20%D0%A1%D0%B5%D1%80%D0%B8%D1%8F%D0%9D%D0%BE%D0%BC%D0%B5%D0%BD%D0%BA%D0%BB%D0%B0%D1%82%D1%83%D1%80%D1%8B&$select=%D0%9D%D0%BE%D0%BC%D0%B5%D0%BD%D0%BA%D0%BB%D0%B0%D1%82%D1%83%D1%80%D0%B0/Code,%D0%9D%D0%BE%D0%BC%D0%B5%D0%BD%D0%BA%D0%BB%D0%B0%D1%82%D1%83%D1%80%D0%B0/Description,%D0%9D%D0%BE%D0%BC%D0%B5%D0%BD%D0%BA%D0%BB%D0%B0%D1%82%D1%83%D1%80%D0%B0/%D0%90%D1%80%D1%82%D0%B8%D0%BA%D1%83%D0%BB,%D0%9D%D0%BE%D0%BC%D0%B5%D0%BD%D0%BA%D0%BB%D0%B0%D1%82%D1%83%D1%80%D0%B0/Parent/Description,%D0%9A%D0%BE%D0%BB%D0%B8%D1%87%D0%B5%D1%81%D1%82%D0%B2%D0%BEBalance,%D0%A1%D0%B5%D1%80%D0%B8%D1%8F%D0%9D%D0%BE%D0%BC%D0%B5%D0%BD%D0%BA%D0%BB%D0%B0%D1%82%D1%83%D1%80%D1%8B/%D0%94%D0%B0%D1%82%D0%B0%D0%9F%D1%80%D0%BE%D0%B8%D0%B7%D0%B2%D0%BE%D0%B4%D1%81%D1%82%D0%B2%D0%B0,%D0%A1%D0%B5%D1%80%D0%B8%D1%8F%D0%9D%D0%BE%D0%BC%D0%B5%D0%BD%D0%BA%D0%BB%D0%B0%D1%82%D1%83%D1%80%D1%8B/%D0%93%D0%BE%D0%B4%D0%B5%D0%BD%D0%94%D0%BE,%D0%AF%D1%87%D0%B5%D0%B9%D0%BA%D0%B0%D0%A5%D1%80%D0%B0%D0%BD%D0%B5%D0%BD%D0%B8%D1%8F/%D0%A1%D0%BA%D0%BB%D0%B0%D0%B4/Description&$orderby=%D0%9D%D0%BE%D0%BC%D0%B5%D0%BD%D0%BA%D0%BB%D0%B0%D1%82%D1%83%D1%80%D0%B0/%D0%90%D1%80%D1%82%D0%B8%D0%BA%D1%83%D0%BB&$filter=%D0%9D%D0%BE%D0%BC%D0%B5%D0%BD%D0%BA%D0%BB%D0%B0%D1%82%D1%83%D1%80%D0%B0/Parent/Code%20eq%20'304903' HTTP/1.1" 200 178557
2025-04-07 14:01:01,136 urllib3.connectionpool DEBUG    Starting new HTTP connection (1): 172.172.185.67:80
2025-04-07 14:01:02,059 urllib3.connectionpool DEBUG    http://172.172.185.67:80 "GET /krd_itc_wms/odata/standard.odata//AccumulationRegister_%D0%9E%D1%81%D1%82%D0%B0%D1%82%D0%BA%D0%B8%D0%92%D0%9F%D0%BE%D0%BB%D0%BB%D0%B5%D1%82%D0%B0%D1%85/Balance?$format=json&$expand=%D0%9D%D0%BE%D0%BC%D0%B5%D0%BD%D0%BA%D0%BB%D0%B0%D1%82%D1%83%D1%80%D0%B0/Parent,%20%D0%AF%D1%87%D0%B5%D0%B9%D0%BA%D0%B0%D0%A5%D1%80%D0%B0%D0%BD%D0%B5%D0%BD%D0%B8%D1%8F/%D0%A1%D0%BA%D0%BB%D0%B0%D0%B4,%20%D0%A1%D0%B5%D1%80%D0%B8%D1%8F%D0%9D%D0%BE%D0%BC%D0%B5%D0%BD%D0%BA%D0%BB%D0%B0%D1%82%D1%83%D1%80%D1%8B&$select=%D0%9D%D0%BE%D0%BC%D0%B5%D0%BD%D0%BA%D0%BB%D0%B0%D1%82%D1%83%D1%80%D0%B0/Code,%D0%9D%D0%BE%D0%BC%D0%B5%D0%BD%D0%BA%D0%BB%D0%B0%D1%82%D1%83%D1%80%D0%B0/Description,%D0%9D%D0%BE%D0%BC%D0%B5%D0%BD%D0%BA%D0%BB%D0%B0%D1%82%D1%83%D1%80%D0%B0/%D0%90%D1%80%D1%82%D0%B8%D0%BA%D1%83%D0%BB,%D0%9D%D0%BE%D0%BC%D0%B5%D0%BD%D0%BA%D0%BB%D0%B0%D1%82%D1%83%D1%80%D0%B0/Parent/Description,%D0%9A%D0%BE%D0%BB%D0%B8%D1%87%D0%B5%D1%81%D1%82%D0%B2%D0%BEBalance,%D0%A1%D0%B5%D1%80%D0%B8%D1%8F%D0%9D%D0%BE%D0%BC%D0%B5%D0%BD%D0%BA%D0%BB%D0%B0%D1%82%D1%83%D1%80%D1%8B/%D0%94%D0%B0%D1%82%D0%B0%D0%9F%D1%80%D0%BE%D0%B8%D0%B7%D0%B2%D0%BE%D0%B4%D1%81%D1%82%D0%B2%D0%B0,%D0%A1%D0%B5%D1%80%D0%B8%D1%8F%D0%9D%D0%BE%D0%BC%D0%B5%D0%BD%D0%BA%D0%BB%D0%B0%D1%82%D1%83%D1%80%D1%8B/%D0%93%D0%BE%D0%B4%D0%B5%D0%BD%D0%94%D0%BE,%D0%AF%D1%87%D0%B5%D0%B9%D0%BA%D0%B0%D0%A5%D1%80%D0%B0%D0%BD%D0%B5%D0%BD%D0%B8%D1%8F/%D0%A1%D0%BA%D0%BB%D0%B0%D0%B4/Description&$orderby=%D0%9D%D0%BE%D0%BC%D0%B5%D0%BD%D0%BA%D0%BB%D0%B0%D1%82%D1%83%D1%80%D0%B0/%D0%90%D1%80%D1%82%D0%B8%D0%BA%D1%83%D0%BB&$filter=%D0%9D%D0%BE%D0%BC%D0%B5%D0%BD%D0%BA%D0%BB%D0%B0%D1%82%D1%83%D1%80%D0%B0/Parent/Code%20eq%20'391291' HTTP/1.1" 200 930110
2025-04-07 14:01:02,150 django.request ERROR    Internal Server Error: /krd/contracts/agrokompleks/comparison-stock/load_stocks
Traceback (most recent call last):
  File "strptime.pyx", line 415, in pandas._libs.tslibs.strptime.array_strptime
OverflowError: Overflow occurred in npy_datetimestruct_to_datetime

The above exception was the direct cause of the following exception:

Traceback (most recent call last):
  File "C:\Users\rhashhanok\PycharmProjects\SLEX_02\.venv\Lib\site-packages\django\core\handlers\exception.py", line 55, in inner
    response = get_response(request)
               ^^^^^^^^^^^^^^^^^^^^^
  File "C:\Users\rhashhanok\PycharmProjects\SLEX_02\.venv\Lib\site-packages\django\core\handlers\base.py", line 197, in _get_response
    response = wrapped_callback(request, *callback_args, **callback_kwargs)
               ^^^^^^^^^^^^^^^^^^^^^^^^^^^^^^^^^^^^^^^^^^^^^^^^^^^^^^^^^^^^
  File "C:\Users\rhashhanok\PycharmProjects\SLEX_02\base_app\views.py", line 187, in event_load_stock
    __file_wms_stock = WmsStocks(_contract=context['contract']).get_goods_by_guid_group(
                       ^^^^^^^^^^^^^^^^^^^^^^^^^^^^^^^^^^^^^^^^^^^^^^^^^^^^^^^^^^^^^^^^^
  File "C:\Users\rhashhanok\PycharmProjects\SLEX_02\wms_app\models.py", line 141, in get_goods_by_guid_group
    _file_name = self.save_reports_stock()
                 ^^^^^^^^^^^^^^^^^^^^^^^^^
  File "C:\Users\rhashhanok\PycharmProjects\SLEX_02\wms_app\models.py", line 23, in save_reports_stock
    _df = self.__date_reformat(_df)
          ^^^^^^^^^^^^^^^^^^^^^^^^^
  File "C:\Users\rhashhanok\PycharmProjects\SLEX_02\wms_app\models.py", line 31, in __date_reformat
    _df[col] = pd.to_datetime(_df[col])
               ^^^^^^^^^^^^^^^^^^^^^^^^
  File "C:\Users\rhashhanok\PycharmProjects\SLEX_02\.venv\Lib\site-packages\pandas\core\tools\datetimes.py", line 1063, in to_datetime
    cache_array = _maybe_cache(arg, format, cache, convert_listlike)
                  ^^^^^^^^^^^^^^^^^^^^^^^^^^^^^^^^^^^^^^^^^^^^^^^^^^
  File "C:\Users\rhashhanok\PycharmProjects\SLEX_02\.venv\Lib\site-packages\pandas\core\tools\datetimes.py", line 247, in _maybe_cache
    cache_dates = convert_listlike(unique_dates, format)
                  ^^^^^^^^^^^^^^^^^^^^^^^^^^^^^^^^^^^^^^
  File "C:\Users\rhashhanok\PycharmProjects\SLEX_02\.venv\Lib\site-packages\pandas\core\tools\datetimes.py", line 433, in _convert_listlike_datetimes
    return _array_strptime_with_fallback(arg, name, utc, format, exact, errors)
           ^^^^^^^^^^^^^^^^^^^^^^^^^^^^^^^^^^^^^^^^^^^^^^^^^^^^^^^^^^^^^^^^^^^^
  File "C:\Users\rhashhanok\PycharmProjects\SLEX_02\.venv\Lib\site-packages\pandas\core\tools\datetimes.py", line 467, in _array_strptime_with_fallback
    result, tz_out = array_strptime(arg, fmt, exact=exact, errors=errors, utc=utc)
                     ^^^^^^^^^^^^^^^^^^^^^^^^^^^^^^^^^^^^^^^^^^^^^^^^^^^^^^^^^^^^^
  File "strptime.pyx", line 501, in pandas._libs.tslibs.strptime.array_strptime
  File "strptime.pyx", line 418, in pandas._libs.tslibs.strptime.array_strptime
pandas._libs.tslibs.np_datetime.OutOfBoundsDatetime: Out of bounds nanosecond timestamp: 0001-01-01T00:00:00, at position 256. You might want to try:
    - passing `format` if your strings have a consistent format;
    - passing `format='ISO8601'` if your strings are all ISO8601 but not necessarily in exactly the same format;
    - passing `format='mixed'`, and the format will be inferred for each element individually. You might want to use `dayfirst` alongside this.
2025-04-07 14:01:20,377 urllib3.connectionpool DEBUG    Starting new HTTP connection (1): 172.172.185.67:80
2025-04-07 14:01:21,260 urllib3.connectionpool DEBUG    http://172.172.185.67:80 "GET /krd_itc_wms/odata/standard.odata//AccumulationRegister_%D0%9E%D1%81%D1%82%D0%B0%D1%82%D0%BA%D0%B8%D0%92%D0%9F%D0%BE%D0%BB%D0%BB%D0%B5%D1%82%D0%B0%D1%85/Balance?$format=json&$expand=%D0%9D%D0%BE%D0%BC%D0%B5%D0%BD%D0%BA%D0%BB%D0%B0%D1%82%D1%83%D1%80%D0%B0/Parent,%20%D0%AF%D1%87%D0%B5%D0%B9%D0%BA%D0%B0%D0%A5%D1%80%D0%B0%D0%BD%D0%B5%D0%BD%D0%B8%D1%8F/%D0%A1%D0%BA%D0%BB%D0%B0%D0%B4,%20%D0%A1%D0%B5%D1%80%D0%B8%D1%8F%D0%9D%D0%BE%D0%BC%D0%B5%D0%BD%D0%BA%D0%BB%D0%B0%D1%82%D1%83%D1%80%D1%8B&$select=%D0%9D%D0%BE%D0%BC%D0%B5%D0%BD%D0%BA%D0%BB%D0%B0%D1%82%D1%83%D1%80%D0%B0/Code,%D0%9D%D0%BE%D0%BC%D0%B5%D0%BD%D0%BA%D0%BB%D0%B0%D1%82%D1%83%D1%80%D0%B0/Description,%D0%9D%D0%BE%D0%BC%D0%B5%D0%BD%D0%BA%D0%BB%D0%B0%D1%82%D1%83%D1%80%D0%B0/%D0%90%D1%80%D1%82%D0%B8%D0%BA%D1%83%D0%BB,%D0%9D%D0%BE%D0%BC%D0%B5%D0%BD%D0%BA%D0%BB%D0%B0%D1%82%D1%83%D1%80%D0%B0/Parent/Description,%D0%9A%D0%BE%D0%BB%D0%B8%D1%87%D0%B5%D1%81%D1%82%D0%B2%D0%BEBalance,%D0%A1%D0%B5%D1%80%D0%B8%D1%8F%D0%9D%D0%BE%D0%BC%D0%B5%D0%BD%D0%BA%D0%BB%D0%B0%D1%82%D1%83%D1%80%D1%8B/%D0%94%D0%B0%D1%82%D0%B0%D0%9F%D1%80%D0%BE%D0%B8%D0%B7%D0%B2%D0%BE%D0%B4%D1%81%D1%82%D0%B2%D0%B0,%D0%A1%D0%B5%D1%80%D0%B8%D1%8F%D0%9D%D0%BE%D0%BC%D0%B5%D0%BD%D0%BA%D0%BB%D0%B0%D1%82%D1%83%D1%80%D1%8B/%D0%93%D0%BE%D0%B4%D0%B5%D0%BD%D0%94%D0%BE,%D0%AF%D1%87%D0%B5%D0%B9%D0%BA%D0%B0%D0%A5%D1%80%D0%B0%D0%BD%D0%B5%D0%BD%D0%B8%D1%8F/%D0%A1%D0%BA%D0%BB%D0%B0%D0%B4/Description&$orderby=%D0%9D%D0%BE%D0%BC%D0%B5%D0%BD%D0%BA%D0%BB%D0%B0%D1%82%D1%83%D1%80%D0%B0/%D0%90%D1%80%D1%82%D0%B8%D0%BA%D1%83%D0%BB&$filter=%D0%9D%D0%BE%D0%BC%D0%B5%D0%BD%D0%BA%D0%BB%D0%B0%D1%82%D1%83%D1%80%D0%B0/Parent/Code%20eq%20'391291' HTTP/1.1" 200 930110
2025-04-07 14:01:21,363 django.request ERROR    Internal Server Error: /krd/contracts/agrokompleks/comparison-stock/load_stocks
Traceback (most recent call last):
  File "strptime.pyx", line 415, in pandas._libs.tslibs.strptime.array_strptime
OverflowError: Overflow occurred in npy_datetimestruct_to_datetime

The above exception was the direct cause of the following exception:

Traceback (most recent call last):
  File "C:\Users\rhashhanok\PycharmProjects\SLEX_02\.venv\Lib\site-packages\django\core\handlers\exception.py", line 55, in inner
    response = get_response(request)
               ^^^^^^^^^^^^^^^^^^^^^
  File "C:\Users\rhashhanok\PycharmProjects\SLEX_02\.venv\Lib\site-packages\django\core\handlers\base.py", line 197, in _get_response
    response = wrapped_callback(request, *callback_args, **callback_kwargs)
               ^^^^^^^^^^^^^^^^^^^^^^^^^^^^^^^^^^^^^^^^^^^^^^^^^^^^^^^^^^^^
  File "C:\Users\rhashhanok\PycharmProjects\SLEX_02\base_app\views.py", line 187, in event_load_stock
    __file_wms_stock = WmsStocks(_contract=context['contract']).get_goods_by_guid_group(
                       ^^^^^^^^^^^^^^^^^^^^^^^^^^^^^^^^^^^^^^^^^^^^^^^^^^^^^^^^^^^^^^^^^
  File "C:\Users\rhashhanok\PycharmProjects\SLEX_02\wms_app\models.py", line 141, in get_goods_by_guid_group
    _file_name = self.save_reports_stock()
                 ^^^^^^^^^^^^^^^^^^^^^^^^^
  File "C:\Users\rhashhanok\PycharmProjects\SLEX_02\wms_app\models.py", line 23, in save_reports_stock
    _df = self.__date_reformat(_df)
          ^^^^^^^^^^^^^^^^^^^^^^^^^
  File "C:\Users\rhashhanok\PycharmProjects\SLEX_02\wms_app\models.py", line 31, in __date_reformat
    _df[col] = pd.to_datetime(_df[col])
               ^^^^^^^^^^^^^^^^^^^^^^^^
  File "C:\Users\rhashhanok\PycharmProjects\SLEX_02\.venv\Lib\site-packages\pandas\core\tools\datetimes.py", line 1063, in to_datetime
    cache_array = _maybe_cache(arg, format, cache, convert_listlike)
                  ^^^^^^^^^^^^^^^^^^^^^^^^^^^^^^^^^^^^^^^^^^^^^^^^^^
  File "C:\Users\rhashhanok\PycharmProjects\SLEX_02\.venv\Lib\site-packages\pandas\core\tools\datetimes.py", line 247, in _maybe_cache
    cache_dates = convert_listlike(unique_dates, format)
                  ^^^^^^^^^^^^^^^^^^^^^^^^^^^^^^^^^^^^^^
  File "C:\Users\rhashhanok\PycharmProjects\SLEX_02\.venv\Lib\site-packages\pandas\core\tools\datetimes.py", line 433, in _convert_listlike_datetimes
    return _array_strptime_with_fallback(arg, name, utc, format, exact, errors)
           ^^^^^^^^^^^^^^^^^^^^^^^^^^^^^^^^^^^^^^^^^^^^^^^^^^^^^^^^^^^^^^^^^^^^
  File "C:\Users\rhashhanok\PycharmProjects\SLEX_02\.venv\Lib\site-packages\pandas\core\tools\datetimes.py", line 467, in _array_strptime_with_fallback
    result, tz_out = array_strptime(arg, fmt, exact=exact, errors=errors, utc=utc)
                     ^^^^^^^^^^^^^^^^^^^^^^^^^^^^^^^^^^^^^^^^^^^^^^^^^^^^^^^^^^^^^
  File "strptime.pyx", line 501, in pandas._libs.tslibs.strptime.array_strptime
  File "strptime.pyx", line 418, in pandas._libs.tslibs.strptime.array_strptime
pandas._libs.tslibs.np_datetime.OutOfBoundsDatetime: Out of bounds nanosecond timestamp: 0001-01-01T00:00:00, at position 256. You might want to try:
    - passing `format` if your strings have a consistent format;
    - passing `format='ISO8601'` if your strings are all ISO8601 but not necessarily in exactly the same format;
    - passing `format='mixed'`, and the format will be inferred for each element individually. You might want to use `dayfirst` alongside this.
2025-04-07 14:02:39,230 django.utils.autoreload INFO     C:\Users\rhashhanok\PycharmProjects\SLEX_02\wms_app\models.py changed, reloading.
2025-04-07 14:02:41,521 django.utils.autoreload INFO     Watching for file changes with StatReloader
2025-04-07 14:02:47,566 urllib3.connectionpool DEBUG    Starting new HTTP connection (1): 172.172.185.67:80
2025-04-07 14:02:51,939 urllib3.connectionpool DEBUG    http://172.172.185.67:80 "GET /krd_itc_wms/odata/standard.odata//AccumulationRegister_%D0%9E%D1%81%D1%82%D0%B0%D1%82%D0%BA%D0%B8%D0%92%D0%9F%D0%BE%D0%BB%D0%BB%D0%B5%D1%82%D0%B0%D1%85/Balance?$format=json&$expand=%D0%9D%D0%BE%D0%BC%D0%B5%D0%BD%D0%BA%D0%BB%D0%B0%D1%82%D1%83%D1%80%D0%B0/Parent,%20%D0%AF%D1%87%D0%B5%D0%B9%D0%BA%D0%B0%D0%A5%D1%80%D0%B0%D0%BD%D0%B5%D0%BD%D0%B8%D1%8F/%D0%A1%D0%BA%D0%BB%D0%B0%D0%B4,%20%D0%A1%D0%B5%D1%80%D0%B8%D1%8F%D0%9D%D0%BE%D0%BC%D0%B5%D0%BD%D0%BA%D0%BB%D0%B0%D1%82%D1%83%D1%80%D1%8B&$select=%D0%9D%D0%BE%D0%BC%D0%B5%D0%BD%D0%BA%D0%BB%D0%B0%D1%82%D1%83%D1%80%D0%B0/Code,%D0%9D%D0%BE%D0%BC%D0%B5%D0%BD%D0%BA%D0%BB%D0%B0%D1%82%D1%83%D1%80%D0%B0/Description,%D0%9D%D0%BE%D0%BC%D0%B5%D0%BD%D0%BA%D0%BB%D0%B0%D1%82%D1%83%D1%80%D0%B0/%D0%90%D1%80%D1%82%D0%B8%D0%BA%D1%83%D0%BB,%D0%9D%D0%BE%D0%BC%D0%B5%D0%BD%D0%BA%D0%BB%D0%B0%D1%82%D1%83%D1%80%D0%B0/Parent/Description,%D0%9A%D0%BE%D0%BB%D0%B8%D1%87%D0%B5%D1%81%D1%82%D0%B2%D0%BEBalance,%D0%A1%D0%B5%D1%80%D0%B8%D1%8F%D0%9D%D0%BE%D0%BC%D0%B5%D0%BD%D0%BA%D0%BB%D0%B0%D1%82%D1%83%D1%80%D1%8B/%D0%94%D0%B0%D1%82%D0%B0%D0%9F%D1%80%D0%BE%D0%B8%D0%B7%D0%B2%D0%BE%D0%B4%D1%81%D1%82%D0%B2%D0%B0,%D0%A1%D0%B5%D1%80%D0%B8%D1%8F%D0%9D%D0%BE%D0%BC%D0%B5%D0%BD%D0%BA%D0%BB%D0%B0%D1%82%D1%83%D1%80%D1%8B/%D0%93%D0%BE%D0%B4%D0%B5%D0%BD%D0%94%D0%BE,%D0%AF%D1%87%D0%B5%D0%B9%D0%BA%D0%B0%D0%A5%D1%80%D0%B0%D0%BD%D0%B5%D0%BD%D0%B8%D1%8F/%D0%A1%D0%BA%D0%BB%D0%B0%D0%B4/Description&$orderby=%D0%9D%D0%BE%D0%BC%D0%B5%D0%BD%D0%BA%D0%BB%D0%B0%D1%82%D1%83%D1%80%D0%B0/%D0%90%D1%80%D1%82%D0%B8%D0%BA%D1%83%D0%BB&$filter=%D0%9D%D0%BE%D0%BC%D0%B5%D0%BD%D0%BA%D0%BB%D0%B0%D1%82%D1%83%D1%80%D0%B0/Parent/Code%20eq%20'391291' HTTP/1.1" 200 930110
2025-04-07 14:02:52,044 django.request ERROR    Internal Server Error: /krd/contracts/agrokompleks/comparison-stock/load_stocks
Traceback (most recent call last):
  File "strptime.pyx", line 415, in pandas._libs.tslibs.strptime.array_strptime
OverflowError: Overflow occurred in npy_datetimestruct_to_datetime

The above exception was the direct cause of the following exception:

Traceback (most recent call last):
  File "C:\Users\rhashhanok\PycharmProjects\SLEX_02\.venv\Lib\site-packages\django\core\handlers\exception.py", line 55, in inner
    response = get_response(request)
               ^^^^^^^^^^^^^^^^^^^^^
  File "C:\Users\rhashhanok\PycharmProjects\SLEX_02\.venv\Lib\site-packages\django\core\handlers\base.py", line 197, in _get_response
    response = wrapped_callback(request, *callback_args, **callback_kwargs)
               ^^^^^^^^^^^^^^^^^^^^^^^^^^^^^^^^^^^^^^^^^^^^^^^^^^^^^^^^^^^^
  File "C:\Users\rhashhanok\PycharmProjects\SLEX_02\base_app\views.py", line 187, in event_load_stock
    __file_wms_stock = WmsStocks(_contract=context['contract']).get_goods_by_guid_group(
                       ^^^^^^^^^^^^^^^^^^^^^^^^^^^^^^^^^^^^^^^^^^^^^^^^^^^^^^^^^^^^^^^^^
  File "C:\Users\rhashhanok\PycharmProjects\SLEX_02\wms_app\models.py", line 142, in get_goods_by_guid_group
    _file_name = self.save_reports_stock()
                 ^^^^^^^^^^^^^^^^^^^^^^^^^
  File "C:\Users\rhashhanok\PycharmProjects\SLEX_02\wms_app\models.py", line 23, in save_reports_stock
    _df = self.__date_reformat(_df)
          ^^^^^^^^^^^^^^^^^^^^^^^^^
  File "C:\Users\rhashhanok\PycharmProjects\SLEX_02\wms_app\models.py", line 32, in __date_reformat
    _df[col] = pd.to_datetime(_df[col])
               ^^^^^^^^^^^^^^^^^^^^^^^^
  File "C:\Users\rhashhanok\PycharmProjects\SLEX_02\.venv\Lib\site-packages\pandas\core\tools\datetimes.py", line 1063, in to_datetime
    cache_array = _maybe_cache(arg, format, cache, convert_listlike)
                  ^^^^^^^^^^^^^^^^^^^^^^^^^^^^^^^^^^^^^^^^^^^^^^^^^^
  File "C:\Users\rhashhanok\PycharmProjects\SLEX_02\.venv\Lib\site-packages\pandas\core\tools\datetimes.py", line 247, in _maybe_cache
    cache_dates = convert_listlike(unique_dates, format)
                  ^^^^^^^^^^^^^^^^^^^^^^^^^^^^^^^^^^^^^^
  File "C:\Users\rhashhanok\PycharmProjects\SLEX_02\.venv\Lib\site-packages\pandas\core\tools\datetimes.py", line 433, in _convert_listlike_datetimes
    return _array_strptime_with_fallback(arg, name, utc, format, exact, errors)
           ^^^^^^^^^^^^^^^^^^^^^^^^^^^^^^^^^^^^^^^^^^^^^^^^^^^^^^^^^^^^^^^^^^^^
  File "C:\Users\rhashhanok\PycharmProjects\SLEX_02\.venv\Lib\site-packages\pandas\core\tools\datetimes.py", line 467, in _array_strptime_with_fallback
    result, tz_out = array_strptime(arg, fmt, exact=exact, errors=errors, utc=utc)
                     ^^^^^^^^^^^^^^^^^^^^^^^^^^^^^^^^^^^^^^^^^^^^^^^^^^^^^^^^^^^^^
  File "strptime.pyx", line 501, in pandas._libs.tslibs.strptime.array_strptime
  File "strptime.pyx", line 418, in pandas._libs.tslibs.strptime.array_strptime
pandas._libs.tslibs.np_datetime.OutOfBoundsDatetime: Out of bounds nanosecond timestamp: 0001-01-01T00:00:00, at position 256. You might want to try:
    - passing `format` if your strings have a consistent format;
    - passing `format='ISO8601'` if your strings are all ISO8601 but not necessarily in exactly the same format;
    - passing `format='mixed'`, and the format will be inferred for each element individually. You might want to use `dayfirst` alongside this.
2025-04-07 14:03:13,590 django.utils.autoreload INFO     C:\Users\rhashhanok\PycharmProjects\SLEX_02\wms_app\models.py changed, reloading.
2025-04-07 14:03:15,214 django.utils.autoreload INFO     Watching for file changes with StatReloader
2025-04-07 14:03:23,664 urllib3.connectionpool DEBUG    Starting new HTTP connection (1): 172.172.185.67:80
2025-04-07 14:03:28,067 urllib3.connectionpool DEBUG    http://172.172.185.67:80 "GET /krd_itc_wms/odata/standard.odata//AccumulationRegister_%D0%9E%D1%81%D1%82%D0%B0%D1%82%D0%BA%D0%B8%D0%92%D0%9F%D0%BE%D0%BB%D0%BB%D0%B5%D1%82%D0%B0%D1%85/Balance?$format=json&$expand=%D0%9D%D0%BE%D0%BC%D0%B5%D0%BD%D0%BA%D0%BB%D0%B0%D1%82%D1%83%D1%80%D0%B0/Parent,%20%D0%AF%D1%87%D0%B5%D0%B9%D0%BA%D0%B0%D0%A5%D1%80%D0%B0%D0%BD%D0%B5%D0%BD%D0%B8%D1%8F/%D0%A1%D0%BA%D0%BB%D0%B0%D0%B4,%20%D0%A1%D0%B5%D1%80%D0%B8%D1%8F%D0%9D%D0%BE%D0%BC%D0%B5%D0%BD%D0%BA%D0%BB%D0%B0%D1%82%D1%83%D1%80%D1%8B&$select=%D0%9D%D0%BE%D0%BC%D0%B5%D0%BD%D0%BA%D0%BB%D0%B0%D1%82%D1%83%D1%80%D0%B0/Code,%D0%9D%D0%BE%D0%BC%D0%B5%D0%BD%D0%BA%D0%BB%D0%B0%D1%82%D1%83%D1%80%D0%B0/Description,%D0%9D%D0%BE%D0%BC%D0%B5%D0%BD%D0%BA%D0%BB%D0%B0%D1%82%D1%83%D1%80%D0%B0/%D0%90%D1%80%D1%82%D0%B8%D0%BA%D1%83%D0%BB,%D0%9D%D0%BE%D0%BC%D0%B5%D0%BD%D0%BA%D0%BB%D0%B0%D1%82%D1%83%D1%80%D0%B0/Parent/Description,%D0%9A%D0%BE%D0%BB%D0%B8%D1%87%D0%B5%D1%81%D1%82%D0%B2%D0%BEBalance,%D0%A1%D0%B5%D1%80%D0%B8%D1%8F%D0%9D%D0%BE%D0%BC%D0%B5%D0%BD%D0%BA%D0%BB%D0%B0%D1%82%D1%83%D1%80%D1%8B/%D0%94%D0%B0%D1%82%D0%B0%D0%9F%D1%80%D0%BE%D0%B8%D0%B7%D0%B2%D0%BE%D0%B4%D1%81%D1%82%D0%B2%D0%B0,%D0%A1%D0%B5%D1%80%D0%B8%D1%8F%D0%9D%D0%BE%D0%BC%D0%B5%D0%BD%D0%BA%D0%BB%D0%B0%D1%82%D1%83%D1%80%D1%8B/%D0%93%D0%BE%D0%B4%D0%B5%D0%BD%D0%94%D0%BE,%D0%AF%D1%87%D0%B5%D0%B9%D0%BA%D0%B0%D0%A5%D1%80%D0%B0%D0%BD%D0%B5%D0%BD%D0%B8%D1%8F/%D0%A1%D0%BA%D0%BB%D0%B0%D0%B4/Description&$orderby=%D0%9D%D0%BE%D0%BC%D0%B5%D0%BD%D0%BA%D0%BB%D0%B0%D1%82%D1%83%D1%80%D0%B0/%D0%90%D1%80%D1%82%D0%B8%D0%BA%D1%83%D0%BB&$filter=%D0%9D%D0%BE%D0%BC%D0%B5%D0%BD%D0%BA%D0%BB%D0%B0%D1%82%D1%83%D1%80%D0%B0/Parent/Code%20eq%20'391291' HTTP/1.1" 200 930110
2025-04-07 14:03:28,342 django.request ERROR    Internal Server Error: /krd/contracts/agrokompleks/comparison-stock/load_stocks
Traceback (most recent call last):
  File "strptime.pyx", line 415, in pandas._libs.tslibs.strptime.array_strptime
OverflowError: Overflow occurred in npy_datetimestruct_to_datetime

The above exception was the direct cause of the following exception:

Traceback (most recent call last):
  File "C:\Users\rhashhanok\PycharmProjects\SLEX_02\.venv\Lib\site-packages\django\core\handlers\exception.py", line 55, in inner
    response = get_response(request)
               ^^^^^^^^^^^^^^^^^^^^^
  File "C:\Users\rhashhanok\PycharmProjects\SLEX_02\.venv\Lib\site-packages\django\core\handlers\base.py", line 197, in _get_response
    response = wrapped_callback(request, *callback_args, **callback_kwargs)
               ^^^^^^^^^^^^^^^^^^^^^^^^^^^^^^^^^^^^^^^^^^^^^^^^^^^^^^^^^^^^
  File "C:\Users\rhashhanok\PycharmProjects\SLEX_02\base_app\views.py", line 187, in event_load_stock
    __file_wms_stock = WmsStocks(_contract=context['contract']).get_goods_by_guid_group(
                       ^^^^^^^^^^^^^^^^^^^^^^^^^^^^^^^^^^^^^^^^^^^^^^^^^^^^^^^^^^^^^^^^^
  File "C:\Users\rhashhanok\PycharmProjects\SLEX_02\wms_app\models.py", line 142, in get_goods_by_guid_group
    _file_name = self.save_reports_stock()
                 ^^^^^^^^^^^^^^^^^^^^^^^^^
  File "C:\Users\rhashhanok\PycharmProjects\SLEX_02\wms_app\models.py", line 23, in save_reports_stock
    _df = self.__date_reformat(_df)
          ^^^^^^^^^^^^^^^^^^^^^^^^^
  File "C:\Users\rhashhanok\PycharmProjects\SLEX_02\wms_app\models.py", line 32, in __date_reformat
    _df[col] = pd.to_datetime(_df[col])
               ^^^^^^^^^^^^^^^^^^^^^^^^
  File "C:\Users\rhashhanok\PycharmProjects\SLEX_02\.venv\Lib\site-packages\pandas\core\tools\datetimes.py", line 1063, in to_datetime
    cache_array = _maybe_cache(arg, format, cache, convert_listlike)
                  ^^^^^^^^^^^^^^^^^^^^^^^^^^^^^^^^^^^^^^^^^^^^^^^^^^
  File "C:\Users\rhashhanok\PycharmProjects\SLEX_02\.venv\Lib\site-packages\pandas\core\tools\datetimes.py", line 247, in _maybe_cache
    cache_dates = convert_listlike(unique_dates, format)
                  ^^^^^^^^^^^^^^^^^^^^^^^^^^^^^^^^^^^^^^
  File "C:\Users\rhashhanok\PycharmProjects\SLEX_02\.venv\Lib\site-packages\pandas\core\tools\datetimes.py", line 433, in _convert_listlike_datetimes
    return _array_strptime_with_fallback(arg, name, utc, format, exact, errors)
           ^^^^^^^^^^^^^^^^^^^^^^^^^^^^^^^^^^^^^^^^^^^^^^^^^^^^^^^^^^^^^^^^^^^^
  File "C:\Users\rhashhanok\PycharmProjects\SLEX_02\.venv\Lib\site-packages\pandas\core\tools\datetimes.py", line 467, in _array_strptime_with_fallback
    result, tz_out = array_strptime(arg, fmt, exact=exact, errors=errors, utc=utc)
                     ^^^^^^^^^^^^^^^^^^^^^^^^^^^^^^^^^^^^^^^^^^^^^^^^^^^^^^^^^^^^^
  File "strptime.pyx", line 501, in pandas._libs.tslibs.strptime.array_strptime
  File "strptime.pyx", line 418, in pandas._libs.tslibs.strptime.array_strptime
pandas._libs.tslibs.np_datetime.OutOfBoundsDatetime: Out of bounds nanosecond timestamp: 0001-01-01T00:00:00, at position 256. You might want to try:
    - passing `format` if your strings have a consistent format;
    - passing `format='ISO8601'` if your strings are all ISO8601 but not necessarily in exactly the same format;
    - passing `format='mixed'`, and the format will be inferred for each element individually. You might want to use `dayfirst` alongside this.
2025-04-07 14:07:54,194 urllib3.connectionpool DEBUG    Starting new HTTP connection (1): 172.172.185.67:80
2025-04-07 14:07:58,859 urllib3.connectionpool DEBUG    http://172.172.185.67:80 "GET /krd_itc_wms/odata/standard.odata//AccumulationRegister_%D0%9E%D1%81%D1%82%D0%B0%D1%82%D0%BA%D0%B8%D0%92%D0%9F%D0%BE%D0%BB%D0%BB%D0%B5%D1%82%D0%B0%D1%85/Balance?$format=json&$expand=%D0%9D%D0%BE%D0%BC%D0%B5%D0%BD%D0%BA%D0%BB%D0%B0%D1%82%D1%83%D1%80%D0%B0/Parent,%20%D0%AF%D1%87%D0%B5%D0%B9%D0%BA%D0%B0%D0%A5%D1%80%D0%B0%D0%BD%D0%B5%D0%BD%D0%B8%D1%8F/%D0%A1%D0%BA%D0%BB%D0%B0%D0%B4,%20%D0%A1%D0%B5%D1%80%D0%B8%D1%8F%D0%9D%D0%BE%D0%BC%D0%B5%D0%BD%D0%BA%D0%BB%D0%B0%D1%82%D1%83%D1%80%D1%8B&$select=%D0%9D%D0%BE%D0%BC%D0%B5%D0%BD%D0%BA%D0%BB%D0%B0%D1%82%D1%83%D1%80%D0%B0/Code,%D0%9D%D0%BE%D0%BC%D0%B5%D0%BD%D0%BA%D0%BB%D0%B0%D1%82%D1%83%D1%80%D0%B0/Description,%D0%9D%D0%BE%D0%BC%D0%B5%D0%BD%D0%BA%D0%BB%D0%B0%D1%82%D1%83%D1%80%D0%B0/%D0%90%D1%80%D1%82%D0%B8%D0%BA%D1%83%D0%BB,%D0%9D%D0%BE%D0%BC%D0%B5%D0%BD%D0%BA%D0%BB%D0%B0%D1%82%D1%83%D1%80%D0%B0/Parent/Description,%D0%9A%D0%BE%D0%BB%D0%B8%D1%87%D0%B5%D1%81%D1%82%D0%B2%D0%BEBalance,%D0%A1%D0%B5%D1%80%D0%B8%D1%8F%D0%9D%D0%BE%D0%BC%D0%B5%D0%BD%D0%BA%D0%BB%D0%B0%D1%82%D1%83%D1%80%D1%8B/%D0%94%D0%B0%D1%82%D0%B0%D0%9F%D1%80%D0%BE%D0%B8%D0%B7%D0%B2%D0%BE%D0%B4%D1%81%D1%82%D0%B2%D0%B0,%D0%A1%D0%B5%D1%80%D0%B8%D1%8F%D0%9D%D0%BE%D0%BC%D0%B5%D0%BD%D0%BA%D0%BB%D0%B0%D1%82%D1%83%D1%80%D1%8B/%D0%93%D0%BE%D0%B4%D0%B5%D0%BD%D0%94%D0%BE,%D0%AF%D1%87%D0%B5%D0%B9%D0%BA%D0%B0%D0%A5%D1%80%D0%B0%D0%BD%D0%B5%D0%BD%D0%B8%D1%8F/%D0%A1%D0%BA%D0%BB%D0%B0%D0%B4/Description&$orderby=%D0%9D%D0%BE%D0%BC%D0%B5%D0%BD%D0%BA%D0%BB%D0%B0%D1%82%D1%83%D1%80%D0%B0/%D0%90%D1%80%D1%82%D0%B8%D0%BA%D1%83%D0%BB&$filter=%D0%9D%D0%BE%D0%BC%D0%B5%D0%BD%D0%BA%D0%BB%D0%B0%D1%82%D1%83%D1%80%D0%B0/Parent/Code%20eq%20'289363' HTTP/1.1" 200 1763248
2025-04-07 14:13:57,715 urllib3.connectionpool DEBUG    Starting new HTTP connection (1): 172.172.185.67:80
2025-04-07 14:14:01,840 urllib3.connectionpool DEBUG    http://172.172.185.67:80 "GET /krd_itc_wms/odata/standard.odata//AccumulationRegister_%D0%9E%D1%81%D1%82%D0%B0%D1%82%D0%BA%D0%B8%D0%92%D0%9F%D0%BE%D0%BB%D0%BB%D0%B5%D1%82%D0%B0%D1%85/Balance?$format=json&$expand=%D0%9D%D0%BE%D0%BC%D0%B5%D0%BD%D0%BA%D0%BB%D0%B0%D1%82%D1%83%D1%80%D0%B0/Parent,%20%D0%AF%D1%87%D0%B5%D0%B9%D0%BA%D0%B0%D0%A5%D1%80%D0%B0%D0%BD%D0%B5%D0%BD%D0%B8%D1%8F/%D0%A1%D0%BA%D0%BB%D0%B0%D0%B4,%20%D0%A1%D0%B5%D1%80%D0%B8%D1%8F%D0%9D%D0%BE%D0%BC%D0%B5%D0%BD%D0%BA%D0%BB%D0%B0%D1%82%D1%83%D1%80%D1%8B&$select=%D0%9D%D0%BE%D0%BC%D0%B5%D0%BD%D0%BA%D0%BB%D0%B0%D1%82%D1%83%D1%80%D0%B0/Code,%D0%9D%D0%BE%D0%BC%D0%B5%D0%BD%D0%BA%D0%BB%D0%B0%D1%82%D1%83%D1%80%D0%B0/Description,%D0%9D%D0%BE%D0%BC%D0%B5%D0%BD%D0%BA%D0%BB%D0%B0%D1%82%D1%83%D1%80%D0%B0/%D0%90%D1%80%D1%82%D0%B8%D0%BA%D1%83%D0%BB,%D0%9D%D0%BE%D0%BC%D0%B5%D0%BD%D0%BA%D0%BB%D0%B0%D1%82%D1%83%D1%80%D0%B0/Parent/Description,%D0%9A%D0%BE%D0%BB%D0%B8%D1%87%D0%B5%D1%81%D1%82%D0%B2%D0%BEBalance,%D0%A1%D0%B5%D1%80%D0%B8%D1%8F%D0%9D%D0%BE%D0%BC%D0%B5%D0%BD%D0%BA%D0%BB%D0%B0%D1%82%D1%83%D1%80%D1%8B/%D0%94%D0%B0%D1%82%D0%B0%D0%9F%D1%80%D0%BE%D0%B8%D0%B7%D0%B2%D0%BE%D0%B4%D1%81%D1%82%D0%B2%D0%B0,%D0%A1%D0%B5%D1%80%D0%B8%D1%8F%D0%9D%D0%BE%D0%BC%D0%B5%D0%BD%D0%BA%D0%BB%D0%B0%D1%82%D1%83%D1%80%D1%8B/%D0%93%D0%BE%D0%B4%D0%B5%D0%BD%D0%94%D0%BE,%D0%AF%D1%87%D0%B5%D0%B9%D0%BA%D0%B0%D0%A5%D1%80%D0%B0%D0%BD%D0%B5%D0%BD%D0%B8%D1%8F/%D0%A1%D0%BA%D0%BB%D0%B0%D0%B4/Description&$orderby=%D0%9D%D0%BE%D0%BC%D0%B5%D0%BD%D0%BA%D0%BB%D0%B0%D1%82%D1%83%D1%80%D0%B0/%D0%90%D1%80%D1%82%D0%B8%D0%BA%D1%83%D0%BB&$filter=%D0%9D%D0%BE%D0%BC%D0%B5%D0%BD%D0%BA%D0%BB%D0%B0%D1%82%D1%83%D1%80%D0%B0/Parent/Code%20eq%20'391291' HTTP/1.1" 200 929286
2025-04-07 14:14:02,073 django.request ERROR    Internal Server Error: /krd/contracts/agrokompleks/comparison-stock/load_stocks
Traceback (most recent call last):
  File "strptime.pyx", line 415, in pandas._libs.tslibs.strptime.array_strptime
OverflowError: Overflow occurred in npy_datetimestruct_to_datetime

The above exception was the direct cause of the following exception:

Traceback (most recent call last):
  File "C:\Users\rhashhanok\PycharmProjects\SLEX_02\.venv\Lib\site-packages\django\core\handlers\exception.py", line 55, in inner
    response = get_response(request)
               ^^^^^^^^^^^^^^^^^^^^^
  File "C:\Users\rhashhanok\PycharmProjects\SLEX_02\.venv\Lib\site-packages\django\core\handlers\base.py", line 197, in _get_response
    response = wrapped_callback(request, *callback_args, **callback_kwargs)
               ^^^^^^^^^^^^^^^^^^^^^^^^^^^^^^^^^^^^^^^^^^^^^^^^^^^^^^^^^^^^
  File "C:\Users\rhashhanok\PycharmProjects\SLEX_02\base_app\views.py", line 187, in event_load_stock
    __file_wms_stock = WmsStocks(_contract=context['contract']).get_goods_by_guid_group(
                       ^^^^^^^^^^^^^^^^^^^^^^^^^^^^^^^^^^^^^^^^^^^^^^^^^^^^^^^^^^^^^^^^^
  File "C:\Users\rhashhanok\PycharmProjects\SLEX_02\wms_app\models.py", line 142, in get_goods_by_guid_group
    _file_name = self.save_reports_stock()
                 ^^^^^^^^^^^^^^^^^^^^^^^^^
  File "C:\Users\rhashhanok\PycharmProjects\SLEX_02\wms_app\models.py", line 23, in save_reports_stock
    _df = self.__date_reformat(_df)
          ^^^^^^^^^^^^^^^^^^^^^^^^^
  File "C:\Users\rhashhanok\PycharmProjects\SLEX_02\wms_app\models.py", line 32, in __date_reformat
    _df[col] = pd.to_datetime(_df[col])
               ^^^^^^^^^^^^^^^^^^^^^^^^
  File "C:\Users\rhashhanok\PycharmProjects\SLEX_02\.venv\Lib\site-packages\pandas\core\tools\datetimes.py", line 1063, in to_datetime
    cache_array = _maybe_cache(arg, format, cache, convert_listlike)
                  ^^^^^^^^^^^^^^^^^^^^^^^^^^^^^^^^^^^^^^^^^^^^^^^^^^
  File "C:\Users\rhashhanok\PycharmProjects\SLEX_02\.venv\Lib\site-packages\pandas\core\tools\datetimes.py", line 247, in _maybe_cache
    cache_dates = convert_listlike(unique_dates, format)
                  ^^^^^^^^^^^^^^^^^^^^^^^^^^^^^^^^^^^^^^
  File "C:\Users\rhashhanok\PycharmProjects\SLEX_02\.venv\Lib\site-packages\pandas\core\tools\datetimes.py", line 433, in _convert_listlike_datetimes
    return _array_strptime_with_fallback(arg, name, utc, format, exact, errors)
           ^^^^^^^^^^^^^^^^^^^^^^^^^^^^^^^^^^^^^^^^^^^^^^^^^^^^^^^^^^^^^^^^^^^^
  File "C:\Users\rhashhanok\PycharmProjects\SLEX_02\.venv\Lib\site-packages\pandas\core\tools\datetimes.py", line 467, in _array_strptime_with_fallback
    result, tz_out = array_strptime(arg, fmt, exact=exact, errors=errors, utc=utc)
                     ^^^^^^^^^^^^^^^^^^^^^^^^^^^^^^^^^^^^^^^^^^^^^^^^^^^^^^^^^^^^^
  File "strptime.pyx", line 501, in pandas._libs.tslibs.strptime.array_strptime
  File "strptime.pyx", line 418, in pandas._libs.tslibs.strptime.array_strptime
pandas._libs.tslibs.np_datetime.OutOfBoundsDatetime: Out of bounds nanosecond timestamp: 0001-01-01T00:00:00, at position 256. You might want to try:
    - passing `format` if your strings have a consistent format;
    - passing `format='ISO8601'` if your strings are all ISO8601 but not necessarily in exactly the same format;
    - passing `format='mixed'`, and the format will be inferred for each element individually. You might want to use `dayfirst` alongside this.
2025-04-07 16:02:48,170 urllib3.connectionpool DEBUG    Starting new HTTP connection (1): 172.172.185.67:80
2025-04-07 16:02:51,894 urllib3.connectionpool DEBUG    http://172.172.185.67:80 "GET /krd_itc_wms/odata/standard.odata//AccumulationRegister_%D0%9E%D1%81%D1%82%D0%B0%D1%82%D0%BA%D0%B8%D0%92%D0%9F%D0%BE%D0%BB%D0%BB%D0%B5%D1%82%D0%B0%D1%85/Balance?$format=json&$expand=%D0%9D%D0%BE%D0%BC%D0%B5%D0%BD%D0%BA%D0%BB%D0%B0%D1%82%D1%83%D1%80%D0%B0/Parent,%20%D0%AF%D1%87%D0%B5%D0%B9%D0%BA%D0%B0%D0%A5%D1%80%D0%B0%D0%BD%D0%B5%D0%BD%D0%B8%D1%8F/%D0%A1%D0%BA%D0%BB%D0%B0%D0%B4,%20%D0%A1%D0%B5%D1%80%D0%B8%D1%8F%D0%9D%D0%BE%D0%BC%D0%B5%D0%BD%D0%BA%D0%BB%D0%B0%D1%82%D1%83%D1%80%D1%8B&$select=%D0%9D%D0%BE%D0%BC%D0%B5%D0%BD%D0%BA%D0%BB%D0%B0%D1%82%D1%83%D1%80%D0%B0/Code,%D0%9D%D0%BE%D0%BC%D0%B5%D0%BD%D0%BA%D0%BB%D0%B0%D1%82%D1%83%D1%80%D0%B0/Description,%D0%9D%D0%BE%D0%BC%D0%B5%D0%BD%D0%BA%D0%BB%D0%B0%D1%82%D1%83%D1%80%D0%B0/%D0%90%D1%80%D1%82%D0%B8%D0%BA%D1%83%D0%BB,%D0%9D%D0%BE%D0%BC%D0%B5%D0%BD%D0%BA%D0%BB%D0%B0%D1%82%D1%83%D1%80%D0%B0/Parent/Description,%D0%9A%D0%BE%D0%BB%D0%B8%D1%87%D0%B5%D1%81%D1%82%D0%B2%D0%BEBalance,%D0%A1%D0%B5%D1%80%D0%B8%D1%8F%D0%9D%D0%BE%D0%BC%D0%B5%D0%BD%D0%BA%D0%BB%D0%B0%D1%82%D1%83%D1%80%D1%8B/%D0%94%D0%B0%D1%82%D0%B0%D0%9F%D1%80%D0%BE%D0%B8%D0%B7%D0%B2%D0%BE%D0%B4%D1%81%D1%82%D0%B2%D0%B0,%D0%A1%D0%B5%D1%80%D0%B8%D1%8F%D0%9D%D0%BE%D0%BC%D0%B5%D0%BD%D0%BA%D0%BB%D0%B0%D1%82%D1%83%D1%80%D1%8B/%D0%93%D0%BE%D0%B4%D0%B5%D0%BD%D0%94%D0%BE,%D0%AF%D1%87%D0%B5%D0%B9%D0%BA%D0%B0%D0%A5%D1%80%D0%B0%D0%BD%D0%B5%D0%BD%D0%B8%D1%8F/%D0%A1%D0%BA%D0%BB%D0%B0%D0%B4/Description&$orderby=%D0%9D%D0%BE%D0%BC%D0%B5%D0%BD%D0%BA%D0%BB%D0%B0%D1%82%D1%83%D1%80%D0%B0/%D0%90%D1%80%D1%82%D0%B8%D0%BA%D1%83%D0%BB&$filter=%D0%9D%D0%BE%D0%BC%D0%B5%D0%BD%D0%BA%D0%BB%D0%B0%D1%82%D1%83%D1%80%D0%B0/Parent/Code%20eq%20'391291' HTTP/1.1" 200 935999
2025-04-07 16:38:57,508 django.request WARNING  Not Found: /favicon.ico
2025-04-07 16:50:15,770 django.utils.autoreload INFO     C:\Users\rhashhanok\PycharmProjects\SLEX_02\base_app\contract_models\krd\unigra.py changed, reloading.
2025-04-07 16:50:17,493 django.utils.autoreload INFO     Watching for file changes with StatReloader
2025-04-07 16:53:29,240 django.utils.autoreload INFO     C:\Users\rhashhanok\PycharmProjects\SLEX_02\base_app\contract_models\krd\unigra.py changed, reloading.
2025-04-07 16:53:30,891 django.utils.autoreload INFO     Watching for file changes with StatReloader
2025-04-07 16:53:44,903 django.utils.autoreload INFO     C:\Users\rhashhanok\PycharmProjects\SLEX_02\base_app\contract_models\krd\unigra.py changed, reloading.
2025-04-07 16:53:46,523 django.utils.autoreload INFO     Watching for file changes with StatReloader
2025-04-07 16:55:46,305 django.utils.autoreload INFO     C:\Users\rhashhanok\PycharmProjects\SLEX_02\base_app\contract_models\krd\unigra.py changed, reloading.
2025-04-07 16:55:48,016 django.utils.autoreload INFO     Watching for file changes with StatReloader
2025-04-07 16:57:52,945 django.utils.autoreload INFO     C:\Users\rhashhanok\PycharmProjects\SLEX_02\base_app\contract_models\krd\unigra.py changed, reloading.
2025-04-07 16:57:54,522 django.utils.autoreload INFO     Watching for file changes with StatReloader
2025-04-07 16:58:53,480 django.utils.autoreload INFO     C:\Users\rhashhanok\PycharmProjects\SLEX_02\base_app\contract_models\krd\unigra.py changed, reloading.
2025-04-07 16:58:55,277 django.utils.autoreload INFO     Watching for file changes with StatReloader
2025-04-07 16:59:56,483 django.utils.autoreload INFO     C:\Users\rhashhanok\PycharmProjects\SLEX_02\base_app\contract_models\krd\unigra.py changed, reloading.
2025-04-07 16:59:58,064 django.utils.autoreload INFO     Watching for file changes with StatReloader
2025-04-07 17:00:17,765 django.utils.autoreload INFO     C:\Users\rhashhanok\PycharmProjects\SLEX_02\base_app\contract_models\krd\unigra.py changed, reloading.
2025-04-07 17:00:19,449 django.utils.autoreload INFO     Watching for file changes with StatReloader
2025-04-08 08:24:29,273 django.request WARNING  Not Found: /favicon.ico
2025-04-08 08:50:56,547 django.request WARNING  Not Found: /favicon.ico
2025-04-08 10:03:35,319 urllib3.connectionpool DEBUG    Starting new HTTP connection (1): 172.172.185.67:80
2025-04-08 10:03:38,652 urllib3.connectionpool DEBUG    http://172.172.185.67:80 "GET /itc_wms/odata/standard.odata//AccumulationRegister_%D0%9E%D1%81%D1%82%D0%B0%D1%82%D0%BA%D0%B8%D0%92%D0%9F%D0%BE%D0%BB%D0%BB%D0%B5%D1%82%D0%B0%D1%85/Balance?$format=json&$expand=%D0%9D%D0%BE%D0%BC%D0%B5%D0%BD%D0%BA%D0%BB%D0%B0%D1%82%D1%83%D1%80%D0%B0/Parent,%20%D0%AF%D1%87%D0%B5%D0%B9%D0%BA%D0%B0%D0%A5%D1%80%D0%B0%D0%BD%D0%B5%D0%BD%D0%B8%D1%8F/%D0%A1%D0%BA%D0%BB%D0%B0%D0%B4,%20%D0%A1%D0%B5%D1%80%D0%B8%D1%8F%D0%9D%D0%BE%D0%BC%D0%B5%D0%BD%D0%BA%D0%BB%D0%B0%D1%82%D1%83%D1%80%D1%8B&$select=%D0%9D%D0%BE%D0%BC%D0%B5%D0%BD%D0%BA%D0%BB%D0%B0%D1%82%D1%83%D1%80%D0%B0/Code,%D0%9D%D0%BE%D0%BC%D0%B5%D0%BD%D0%BA%D0%BB%D0%B0%D1%82%D1%83%D1%80%D0%B0/Description,%D0%9D%D0%BE%D0%BC%D0%B5%D0%BD%D0%BA%D0%BB%D0%B0%D1%82%D1%83%D1%80%D0%B0/%D0%90%D1%80%D1%82%D0%B8%D0%BA%D1%83%D0%BB,%D0%9D%D0%BE%D0%BC%D0%B5%D0%BD%D0%BA%D0%BB%D0%B0%D1%82%D1%83%D1%80%D0%B0/Parent/Description,%D0%9A%D0%BE%D0%BB%D0%B8%D1%87%D0%B5%D1%81%D1%82%D0%B2%D0%BEBalance,%D0%A1%D0%B5%D1%80%D0%B8%D1%8F%D0%9D%D0%BE%D0%BC%D0%B5%D0%BD%D0%BA%D0%BB%D0%B0%D1%82%D1%83%D1%80%D1%8B/%D0%94%D0%B0%D1%82%D0%B0%D0%9F%D1%80%D0%BE%D0%B8%D0%B7%D0%B2%D0%BE%D0%B4%D1%81%D1%82%D0%B2%D0%B0,%D0%A1%D0%B5%D1%80%D0%B8%D1%8F%D0%9D%D0%BE%D0%BC%D0%B5%D0%BD%D0%BA%D0%BB%D0%B0%D1%82%D1%83%D1%80%D1%8B/%D0%93%D0%BE%D0%B4%D0%B5%D0%BD%D0%94%D0%BE,%D0%AF%D1%87%D0%B5%D0%B9%D0%BA%D0%B0%D0%A5%D1%80%D0%B0%D0%BD%D0%B5%D0%BD%D0%B8%D1%8F/%D0%A1%D0%BA%D0%BB%D0%B0%D0%B4/Description&$orderby=%D0%9D%D0%BE%D0%BC%D0%B5%D0%BD%D0%BA%D0%BB%D0%B0%D1%82%D1%83%D1%80%D0%B0/%D0%90%D1%80%D1%82%D0%B8%D0%BA%D1%83%D0%BB&$filter=%D0%9D%D0%BE%D0%BC%D0%B5%D0%BD%D0%BA%D0%BB%D0%B0%D1%82%D1%83%D1%80%D0%B0/Parent/Code%20eq%20'304903' HTTP/1.1" 200 128716
2025-04-08 10:07:30,166 urllib3.connectionpool DEBUG    Starting new HTTP connection (1): 172.172.185.67:80
2025-04-08 10:07:30,470 urllib3.connectionpool DEBUG    http://172.172.185.67:80 "GET /itc_wms/odata/standard.odata//AccumulationRegister_%D0%9E%D1%81%D1%82%D0%B0%D1%82%D0%BA%D0%B8%D0%92%D0%9F%D0%BE%D0%BB%D0%BB%D0%B5%D1%82%D0%B0%D1%85/Balance?$format=json&$expand=%D0%9D%D0%BE%D0%BC%D0%B5%D0%BD%D0%BA%D0%BB%D0%B0%D1%82%D1%83%D1%80%D0%B0/Parent,%20%D0%AF%D1%87%D0%B5%D0%B9%D0%BA%D0%B0%D0%A5%D1%80%D0%B0%D0%BD%D0%B5%D0%BD%D0%B8%D1%8F/%D0%A1%D0%BA%D0%BB%D0%B0%D0%B4,%20%D0%A1%D0%B5%D1%80%D0%B8%D1%8F%D0%9D%D0%BE%D0%BC%D0%B5%D0%BD%D0%BA%D0%BB%D0%B0%D1%82%D1%83%D1%80%D1%8B&$select=%D0%9D%D0%BE%D0%BC%D0%B5%D0%BD%D0%BA%D0%BB%D0%B0%D1%82%D1%83%D1%80%D0%B0/Code,%D0%9D%D0%BE%D0%BC%D0%B5%D0%BD%D0%BA%D0%BB%D0%B0%D1%82%D1%83%D1%80%D0%B0/Description,%D0%9D%D0%BE%D0%BC%D0%B5%D0%BD%D0%BA%D0%BB%D0%B0%D1%82%D1%83%D1%80%D0%B0/%D0%90%D1%80%D1%82%D0%B8%D0%BA%D1%83%D0%BB,%D0%9D%D0%BE%D0%BC%D0%B5%D0%BD%D0%BA%D0%BB%D0%B0%D1%82%D1%83%D1%80%D0%B0/Parent/Description,%D0%9A%D0%BE%D0%BB%D0%B8%D1%87%D0%B5%D1%81%D1%82%D0%B2%D0%BEBalance,%D0%A1%D0%B5%D1%80%D0%B8%D1%8F%D0%9D%D0%BE%D0%BC%D0%B5%D0%BD%D0%BA%D0%BB%D0%B0%D1%82%D1%83%D1%80%D1%8B/%D0%94%D0%B0%D1%82%D0%B0%D0%9F%D1%80%D0%BE%D0%B8%D0%B7%D0%B2%D0%BE%D0%B4%D1%81%D1%82%D0%B2%D0%B0,%D0%A1%D0%B5%D1%80%D0%B8%D1%8F%D0%9D%D0%BE%D0%BC%D0%B5%D0%BD%D0%BA%D0%BB%D0%B0%D1%82%D1%83%D1%80%D1%8B/%D0%93%D0%BE%D0%B4%D0%B5%D0%BD%D0%94%D0%BE,%D0%AF%D1%87%D0%B5%D0%B9%D0%BA%D0%B0%D0%A5%D1%80%D0%B0%D0%BD%D0%B5%D0%BD%D0%B8%D1%8F/%D0%A1%D0%BA%D0%BB%D0%B0%D0%B4/Description&$orderby=%D0%9D%D0%BE%D0%BC%D0%B5%D0%BD%D0%BA%D0%BB%D0%B0%D1%82%D1%83%D1%80%D0%B0/%D0%90%D1%80%D1%82%D0%B8%D0%BA%D1%83%D0%BB&$filter=%D0%9D%D0%BE%D0%BC%D0%B5%D0%BD%D0%BA%D0%BB%D0%B0%D1%82%D1%83%D1%80%D0%B0/Parent/Code%20eq%20'304903' HTTP/1.1" 200 128716
2025-04-08 10:28:11,584 django.request WARNING  Not Found: /favicon.ico
2025-04-08 12:31:04,380 django.request WARNING  Not Found: /favicon.ico
2025-04-08 12:42:54,950 django.utils.autoreload INFO     C:\Users\rhashhanok\PycharmProjects\SLEX_02\base_app\contract_models\krd\unigra.py changed, reloading.
2025-04-08 12:42:56,647 django.utils.autoreload INFO     Watching for file changes with StatReloader
2025-04-08 13:19:42,570 django.request WARNING  Not Found: /favicon.ico
2025-04-08 13:37:20,584 django.request WARNING  Not Found: /favicon.ico
2025-04-08 14:02:42,038 urllib3.connectionpool DEBUG    Starting new HTTP connection (1): 172.172.185.67:80
2025-04-08 14:02:45,703 urllib3.connectionpool DEBUG    http://172.172.185.67:80 "GET /krd_itc_wms/odata/standard.odata//AccumulationRegister_%D0%9E%D1%81%D1%82%D0%B0%D1%82%D0%BA%D0%B8%D0%92%D0%9F%D0%BE%D0%BB%D0%BB%D0%B5%D1%82%D0%B0%D1%85/Balance?$format=json&$expand=%D0%9D%D0%BE%D0%BC%D0%B5%D0%BD%D0%BA%D0%BB%D0%B0%D1%82%D1%83%D1%80%D0%B0/Parent,%20%D0%AF%D1%87%D0%B5%D0%B9%D0%BA%D0%B0%D0%A5%D1%80%D0%B0%D0%BD%D0%B5%D0%BD%D0%B8%D1%8F/%D0%A1%D0%BA%D0%BB%D0%B0%D0%B4,%20%D0%A1%D0%B5%D1%80%D0%B8%D1%8F%D0%9D%D0%BE%D0%BC%D0%B5%D0%BD%D0%BA%D0%BB%D0%B0%D1%82%D1%83%D1%80%D1%8B&$select=%D0%9D%D0%BE%D0%BC%D0%B5%D0%BD%D0%BA%D0%BB%D0%B0%D1%82%D1%83%D1%80%D0%B0/Code,%D0%9D%D0%BE%D0%BC%D0%B5%D0%BD%D0%BA%D0%BB%D0%B0%D1%82%D1%83%D1%80%D0%B0/Description,%D0%9D%D0%BE%D0%BC%D0%B5%D0%BD%D0%BA%D0%BB%D0%B0%D1%82%D1%83%D1%80%D0%B0/%D0%90%D1%80%D1%82%D0%B8%D0%BA%D1%83%D0%BB,%D0%9D%D0%BE%D0%BC%D0%B5%D0%BD%D0%BA%D0%BB%D0%B0%D1%82%D1%83%D1%80%D0%B0/Parent/Description,%D0%9A%D0%BE%D0%BB%D0%B8%D1%87%D0%B5%D1%81%D1%82%D0%B2%D0%BEBalance,%D0%A1%D0%B5%D1%80%D0%B8%D1%8F%D0%9D%D0%BE%D0%BC%D0%B5%D0%BD%D0%BA%D0%BB%D0%B0%D1%82%D1%83%D1%80%D1%8B/%D0%94%D0%B0%D1%82%D0%B0%D0%9F%D1%80%D0%BE%D0%B8%D0%B7%D0%B2%D0%BE%D0%B4%D1%81%D1%82%D0%B2%D0%B0,%D0%A1%D0%B5%D1%80%D0%B8%D1%8F%D0%9D%D0%BE%D0%BC%D0%B5%D0%BD%D0%BA%D0%BB%D0%B0%D1%82%D1%83%D1%80%D1%8B/%D0%93%D0%BE%D0%B4%D0%B5%D0%BD%D0%94%D0%BE,%D0%AF%D1%87%D0%B5%D0%B9%D0%BA%D0%B0%D0%A5%D1%80%D0%B0%D0%BD%D0%B5%D0%BD%D0%B8%D1%8F/%D0%A1%D0%BA%D0%BB%D0%B0%D0%B4/Description&$orderby=%D0%9D%D0%BE%D0%BC%D0%B5%D0%BD%D0%BA%D0%BB%D0%B0%D1%82%D1%83%D1%80%D0%B0/%D0%90%D1%80%D1%82%D0%B8%D0%BA%D1%83%D0%BB&$filter=%D0%9D%D0%BE%D0%BC%D0%B5%D0%BD%D0%BA%D0%BB%D0%B0%D1%82%D1%83%D1%80%D0%B0/Parent/Code%20eq%20'391291' HTTP/1.1" 200 953137
2025-04-08 14:31:16,755 django.request WARNING  Not Found: /accounts/profile/
2025-04-08 14:31:45,391 urllib3.connectionpool DEBUG    Starting new HTTP connection (1): 172.172.185.67:80
2025-04-08 14:31:48,588 urllib3.connectionpool DEBUG    http://172.172.185.67:80 "GET /vlg_itc_wms/odata/standard.odata//AccumulationRegister_%D0%9E%D1%81%D1%82%D0%B0%D1%82%D0%BA%D0%B8%D0%92%D0%9F%D0%BE%D0%BB%D0%BB%D0%B5%D1%82%D0%B0%D1%85/Balance?$format=json&$expand=%D0%9D%D0%BE%D0%BC%D0%B5%D0%BD%D0%BA%D0%BB%D0%B0%D1%82%D1%83%D1%80%D0%B0/Parent,%20%D0%AF%D1%87%D0%B5%D0%B9%D0%BA%D0%B0%D0%A5%D1%80%D0%B0%D0%BD%D0%B5%D0%BD%D0%B8%D1%8F/%D0%A1%D0%BA%D0%BB%D0%B0%D0%B4,%20%D0%A1%D0%B5%D1%80%D0%B8%D1%8F%D0%9D%D0%BE%D0%BC%D0%B5%D0%BD%D0%BA%D0%BB%D0%B0%D1%82%D1%83%D1%80%D1%8B&$select=%D0%9D%D0%BE%D0%BC%D0%B5%D0%BD%D0%BA%D0%BB%D0%B0%D1%82%D1%83%D1%80%D0%B0/Code,%D0%9D%D0%BE%D0%BC%D0%B5%D0%BD%D0%BA%D0%BB%D0%B0%D1%82%D1%83%D1%80%D0%B0/Description,%D0%9D%D0%BE%D0%BC%D0%B5%D0%BD%D0%BA%D0%BB%D0%B0%D1%82%D1%83%D1%80%D0%B0/%D0%90%D1%80%D1%82%D0%B8%D0%BA%D1%83%D0%BB,%D0%9D%D0%BE%D0%BC%D0%B5%D0%BD%D0%BA%D0%BB%D0%B0%D1%82%D1%83%D1%80%D0%B0/Parent/Description,%D0%9A%D0%BE%D0%BB%D0%B8%D1%87%D0%B5%D1%81%D1%82%D0%B2%D0%BEBalance,%D0%A1%D0%B5%D1%80%D0%B8%D1%8F%D0%9D%D0%BE%D0%BC%D0%B5%D0%BD%D0%BA%D0%BB%D0%B0%D1%82%D1%83%D1%80%D1%8B/%D0%94%D0%B0%D1%82%D0%B0%D0%9F%D1%80%D0%BE%D0%B8%D0%B7%D0%B2%D0%BE%D0%B4%D1%81%D1%82%D0%B2%D0%B0,%D0%A1%D0%B5%D1%80%D0%B8%D1%8F%D0%9D%D0%BE%D0%BC%D0%B5%D0%BD%D0%BA%D0%BB%D0%B0%D1%82%D1%83%D1%80%D1%8B/%D0%93%D0%BE%D0%B4%D0%B5%D0%BD%D0%94%D0%BE,%D0%AF%D1%87%D0%B5%D0%B9%D0%BA%D0%B0%D0%A5%D1%80%D0%B0%D0%BD%D0%B5%D0%BD%D0%B8%D1%8F/%D0%A1%D0%BA%D0%BB%D0%B0%D0%B4/Description&$orderby=%D0%9D%D0%BE%D0%BC%D0%B5%D0%BD%D0%BA%D0%BB%D0%B0%D1%82%D1%83%D1%80%D0%B0/%D0%90%D1%80%D1%82%D0%B8%D0%BA%D1%83%D0%BB&$filter=%D0%9D%D0%BE%D0%BC%D0%B5%D0%BD%D0%BA%D0%BB%D0%B0%D1%82%D1%83%D1%80%D0%B0/Parent/Code%20eq%20'227776' HTTP/1.1" 200 192
2025-04-08 14:31:53,488 django.request ERROR    Internal Server Error: /vlg/contracts/obedinennye-konditery-volgograd/comparison-stock/load_stocks
Traceback (most recent call last):
  File "C:\Users\rhashhanok\PycharmProjects\SLEX_02\.venv\Lib\site-packages\django\core\handlers\exception.py", line 55, in inner
    response = get_response(request)
               ^^^^^^^^^^^^^^^^^^^^^
  File "C:\Users\rhashhanok\PycharmProjects\SLEX_02\.venv\Lib\site-packages\django\core\handlers\base.py", line 197, in _get_response
    response = wrapped_callback(request, *callback_args, **callback_kwargs)
               ^^^^^^^^^^^^^^^^^^^^^^^^^^^^^^^^^^^^^^^^^^^^^^^^^^^^^^^^^^^^
  File "C:\Users\rhashhanok\PycharmProjects\SLEX_02\base_app\views.py", line 189, in event_load_stock
    context['result'] = comparison_stock(_contract=context['contract'], __file_pg_stock=__file_pg_stock,
                        ^^^^^^^^^^^^^^^^^^^^^^^^^^^^^^^^^^^^^^^^^^^^^^^^^^^^^^^^^^^^^^^^^^^^^^^^^^^^^^^^
  File "C:\Users\rhashhanok\PycharmProjects\SLEX_02\base_app\utils.py", line 33, in comparison_stock
    __df_wms_stock_by = __df_wms_stock.groupby(['Артикул', 'КодТовара', 'Наименование'])[
                        ^^^^^^^^^^^^^^^^^^^^^^^^^^^^^^^^^^^^^^^^^^^^^^^^^^^^^^^^^^^^^^^^
  File "C:\Users\rhashhanok\PycharmProjects\SLEX_02\.venv\Lib\site-packages\pandas\core\frame.py", line 9183, in groupby
    return DataFrameGroupBy(
           ^^^^^^^^^^^^^^^^^
  File "C:\Users\rhashhanok\PycharmProjects\SLEX_02\.venv\Lib\site-packages\pandas\core\groupby\groupby.py", line 1329, in __init__
    grouper, exclusions, obj = get_grouper(
                               ^^^^^^^^^^^^
  File "C:\Users\rhashhanok\PycharmProjects\SLEX_02\.venv\Lib\site-packages\pandas\core\groupby\grouper.py", line 1043, in get_grouper
    raise KeyError(gpr)
KeyError: 'Артикул'
2025-04-08 15:43:28,712 django.utils.autoreload INFO     C:\Users\rhashhanok\PycharmProjects\SLEX_02\base_app\contract_models\standart.py changed, reloading.
2025-04-08 15:43:30,419 django.utils.autoreload INFO     Watching for file changes with StatReloader
2025-04-08 16:35:13,834 django.request WARNING  Not Found: /favicon.ico
2025-04-08 16:47:28,445 django.request WARNING  Not Found: /favicon.ico
2025-04-09 01:21:25,077 django.utils.autoreload INFO     Watching for file changes with StatReloader
2025-04-09 01:21:40,826 django.request WARNING  Not Found: /favicon.ico
2025-04-09 01:23:40,853 django.utils.autoreload INFO     C:\Users\rhashhanok\PycharmProjects\SLEX_02\SLEX_02\settings.py changed, reloading.
2025-04-09 01:23:42,499 django.utils.autoreload INFO     Watching for file changes with StatReloader
